campanha,campanha_id,objetivo,data,impressoes,alcance,frequencia,cliques,ctr,cpc,cpm,custo,link_click,valor_link_click,custo_link_click,landing_page_view,valor_landing_page_view,custo_landing_page_view,lead,valor_lead,custo_lead,purchase,valor_purchase,custo_purchase,add_to_cart,valor_add_to_cart,custo_add_to_cart,initiate_checkout,valor_initiate_checkout,custo_initiate_checkout,complete_registration,valor_complete_registration,custo_complete_registration,video_p25,video_p50,video_p75,video_p100,publisher_platform,shopping
ALC - NATAL 25,120235302545560087,OUTCOME_AWARENESS,2025-12-11,317315,152664,2.078519,702,0.221231,0.613351,1.356923,430.572132,198.0,0,2.174607,2.0,0,215.286066,0.0,0,0.0,0,0,0,0,0,0,0.0,0,0.0,0,0,0,14189.0,5109.0,2653.0,1682.0,facebook,CS
ALC - NATAL 25,120235302545560087,OUTCOME_AWARENESS,2025-12-11,1291202,510037,2.531585,1637,0.126781,1.128545,1.430781,1847.427867,1383.0,0,1.335812,1.0,0,1847.427867,0.0,0,0.0,0,0,0,0,0,0,0.0,0,0.0,0,0,0,21342.0,9633.0,4126.0,2935.0,instagram,CS
ALC - NATAL 25,120235302545560087,OUTCOME_AWARENESS,2025-12-11,5,3,1.666667,0,0.0,0.0,4.000299,0.020001,0.0,0,0.0,0.0,0,0.0,0.0,0,0.0,0,0,0,0,0,0,0.0,0,0.0,0,0,0,3.0,1.0,,,threads,CS
TRAF - NATAL 25,120235302629640087,LINK_CLICKS,2025-12-11,4921,1143,4.305337,65,1.32087,0.684359,9.039496,44.483362,75.0,0,0.593111,0.0,0,0.0,0.0,0,0.0,0,0,0,0,0,0,0.0,0,0.0,0,0,0,262.0,191.0,146.0,133.0,audience_network,CS
TRAF - NATAL 25,120235302629640087,LINK_CLICKS,2025-12-11,157055,71697,2.190538,3716,2.36605,0.281278,6.655178,1045.229,2289.0,0,0.456631,15.0,0,69.681933,0.0,0,0.0,0,0,0,0,0,0,0.0,0,0.0,0,0,0,8069.0,3940.0,2481.0,1749.0,facebook,CS
TRAF - NATAL 25,120235302629640087,LINK_CLICKS,2025-12-11,53984,26044,2.0728,1174,2.174718,0.536872,11.675453,630.287638,1037.0,0,0.607799,6.0,0,105.04794,0.0,0,0.0,0,0,0,0,0,0,0.0,0,0.0,0,0,0,6554.0,3201.0,2006.0,1425.0,instagram,CS
TRAF - NATAL 25,120235302629640087,LINK_CLICKS,2025-12-11,1,1,1.0,0,0.0,0.0,0.0,0.0,0.0,0,0.0,0.0,0,0.0,0.0,0,0.0,0,0,0,0,0,0,0.0,0,0.0,0,0,0,,,,,messenger,CS
ALC - NARBONA,120237232905670087,OUTCOME_AWARENESS,2025-12-11,707236,298589,2.368594,1152,0.162888,0.81487,1.327322,938.73,868.0,0,1.081486,116.0,0,8.0925,0.0,0,0.0,0,0,0,0,0,0,0.0,0,0.0,0,0,0,3319.0,997.0,571.0,330.0,instagram,CS
ALC - Horário final de ano,120237500254090087,OUTCOME_AWARENESS,2025-12-11,360421,137182,2.62732,1004,0.278563,0.440296,1.226502,442.056986,565.0,0,0.782402,28.0,0,15.787749,0.0,0,0.0,0,0,0,0,0,0,0.0,0,0.0,0,0,0,,,,,facebook,CS
ALC - Horário final de ano,120237500254090087,OUTCOME_AWARENESS,2025-12-11,404837,167290,2.419971,706,0.174391,0.706477,1.232034,498.773014,582.0,0,0.856998,86.0,0,5.799686,0.0,0,0.0,0,0,0,0,0,0,0.0,0,0.0,0,0,0,,,,,instagram,CS
TFG - Story Horário Dezembro,120237500542310087,LINK_CLICKS,2025-12-11,84217,34944,2.410056,3804,4.516903,0.058087,2.62373,220.962628,3673.0,0,0.060159,840.0,0,0.263051,0.0,0,0.0,0,0,0,0,0,0,0.0,0,0.0,0,0,0,,,,,facebook,CS
TFG - Story Horário Dezembro,120237500542310087,LINK_CLICKS,2025-12-11,41571,21094,1.97075,2333,5.612085,0.055297,3.103302,129.007372,2151.0,0,0.059976,335.0,0,0.385097,0.0,0,0.0,0,0,0,0,0,0,0.0,0,0.0,0,0,0,1.0,1.0,1.0,1.0,instagram,CS
[ALC] Homem do Sapato - feed,120237652019840087,OUTCOME_AWARENESS,2025-12-11,52474,30121,1.742107,102,0.194382,0.636961,1.238137,64.97,48.0,0,1.353542,7.0,0,9.281429,0.0,0,0.0,0,0,0,0,0,0,0.0,0,0.0,0,0,0,,,,,facebook,CS
[ALC] Homem do Sapato - feed,120237652019840087,OUTCOME_AWARENESS,2025-12-11,234019,142109,1.646757,335,0.143151,0.850806,1.217935,285.02,263.0,0,1.083726,26.0,0,10.962308,0.0,0,0.0,0,0,0,0,0,0,0.0,0,0.0,0,0,0,,,,,instagram,CS
[ALC] Homem do Sapato - Reels,120237652925190087,OUTCOME_AWARENESS,2025-12-11,120468,70396,1.71129,289,0.239898,0.492733,1.182056,142.399937,43.0,0,3.311626,5.0,0,28.479987,0.0,0,0.0,0,0,0,0,0,0,0.0,0,0.0,0,0,0,6507.0,2082.0,1043.0,626.0,facebook,CS
[ALC] Homem do Sapato - Reels,120237652925190087,OUTCOME_AWARENESS,2025-12-11,294715,176960,1.665433,327,0.110955,1.093486,1.213274,357.570062,271.0,0,1.319447,30.0,0,11.919002,0.0,0,0.0,0,0,0,0,0,0,0.0,0,0.0,0,0,0,5890.0,2409.0,1203.0,537.0,instagram,CS
[ALC] Homem do Sapato - Reels,120237652925190087,OUTCOME_AWARENESS,2025-12-11,2,2,1.0,0,0.0,0.0,5.0007,0.010001,0.0,0,0.0,0.0,0,0.0,0.0,0,0.0,0,0,0,0,0,0,0.0,0,0.0,0,0,0,2.0,,,,threads,CS
[ALC] Horário dezembro 02,120237943844790087,OUTCOME_AWARENESS,2025-12-11,115389,81915,1.408643,289,0.250457,0.420128,1.05224,121.416938,152.0,0,0.798796,23.0,0,5.278997,0.0,0,0.0,0,0,0,0,0,0,0.0,0,0.0,0,0,0,,,,,facebook,CS
[ALC] Horário dezembro 02,120237943844790087,OUTCOME_AWARENESS,2025-12-11,215760,144412,1.494059,452,0.209492,0.505715,1.059432,228.583062,315.0,0,0.725661,59.0,0,3.874289,0.0,0,0.0,0,0,0,0,0,0,0.0,0,0.0,0,0,0,,,,,instagram,CS
ALC - NATAL 25,120235302545560087,OUTCOME_AWARENESS,2026-01-01,190596,125967,1.513063,502,0.263384,0.299014,0.787555,150.104815,91.0,0,1.649503,1.0,0,150.104815,0.0,0,0.0,0,0,0,0,0,0,0.0,0,0.0,0,0,0,11851.0,4185.0,2214.0,1360.0,facebook,CS
ALC - NATAL 25,120235302545560087,OUTCOME_AWARENESS,2026-01-01,580120,442002,1.312483,650,0.112046,0.728346,0.816081,473.425185,503.0,0,0.941203,0.0,0,0.0,0.0,0,0.0,0,0,0,0,0,0,0.0,0,0.0,0,0,0,12470.0,5343.0,2589.0,1852.0,instagram,CS
ALC - NATAL 25,120235302545560087,OUTCOME_AWARENESS,2026-01-01,3,3,1.0,1,33.333333,0.0,0.0,0.0,0.0,0,0.0,0.0,0,0.0,0.0,0,0.0,0,0,0,0,0,0,0.0,0,0.0,0,0,0,1.0,,,,threads,CS
TRAF - NATAL 25,120235302629640087,LINK_CLICKS,2026-01-01,303,160,1.89375,52,17.161716,0.568883,97.63006,29.581908,61.0,0,0.484949,0.0,0,0.0,0.0,0,0.0,0,0,0,0,0,0,0.0,0,0.0,0,0,0,213.0,142.0,104.0,94.0,audience_network,CS
TRAF - NATAL 25,120235302629640087,LINK_CLICKS,2026-01-01,17168,9341,1.837919,666,3.87931,0.149319,5.792545,99.446415,313.0,0,0.31772,5.0,0,19.889283,0.0,0,0.0,0,0,0,0,0,0,0.0,0,0.0,0,0,0,3097.0,1550.0,1001.0,712.0,facebook,CS
TRAF - NATAL 25,120235302629640087,LINK_CLICKS,2026-01-01,55261,25105,2.201195,1272,2.301804,0.264168,6.08063,336.021676,997.0,0,0.337033,33.0,0,10.182475,0.0,0,0.0,0,0,0,0,0,0,0.0,0,0.0,0,0,0,5653.0,3102.0,2096.0,1589.0,instagram,CS
ALC - NARBONA,120237232905670087,OUTCOME_AWARENESS,2026-01-01,871148,366398,2.3776,1168,0.134076,0.811293,1.087749,947.59,846.0,0,1.120083,118.0,0,8.030424,0.0,0,0.0,0,0,0,0,0,0,0.0,0,0.0,0,0,0,6087.0,1761.0,993.0,608.0,instagram,CS
ALC - Horário final de ano,120237500254090087,OUTCOME_AWARENESS,2026-01-01,0,0,0.0,0,0.0,0.0,0.0,0.0,0.0,0,0.0,0.0,0,0.0,0.0,0,0.0,0,0,0,0,0,0,0.0,0,0.0,0,0,0,,,,,facebook,CS
ALC - Horário final de ano,120237500254090087,OUTCOME_AWARENESS,2026-01-01,0,0,0.0,0,0.0,0.0,0.0,0.0,0.0,0,0.0,0.0,0,0.0,0.0,0,0.0,0,0,0,0,0,0,0.0,0,0.0,0,0,0,,,,,instagram,CS
ALC - Capivalley,120238793084460087,OUTCOME_AWARENESS,2026-01-01,696880,320149,2.176736,1895,0.271926,0.416887,1.133625,790.000689,619.0,0,1.276253,85.0,0,9.294126,0.0,0,0.0,0,0,0,0,0,0,0.0,0,0.0,0,0,0,3663.0,1281.0,663.0,329.0,facebook,CS
ALC - Capivalley,120238793084460087,OUTCOME_AWARENESS,2026-01-01,233211,154946,1.505111,259,0.111058,1.112275,1.235273,288.079311,193.0,0,1.492639,24.0,0,12.003305,0.0,0,0.0,0,0,0,0,0,0,0.0,0,0.0,0,0,0,1616.0,306.0,157.0,99.0,instagram,CS
ALC - Capivalley,120238793084460087,OUTCOME_AWARENESS,2026-01-01,13,13,1.0,0,0.0,0.0,0.0,0.0,0.0,0,0.0,0.0,0,0.0,0.0,0,0.0,0,0,0,0,0,0,0.0,0,0.0,0,0,0,1.0,1.0,,,threads,CS
[ALC] Aniversário Capitu,120238793338590087,OUTCOME_AWARENESS,2026-01-01,166033,126120,1.316468,484,0.291508,0.364918,1.063765,176.620093,296.0,0,0.59669,45.0,0,3.924891,0.0,0,0.0,0,0,0,0,0,0,0.0,0,0.0,0,0,0,,,,,facebook,CS
[ALC] Aniversário Capitu,120238793338590087,OUTCOME_AWARENESS,2026-01-01,155534,112527,1.382193,224,0.14402,0.774017,1.11474,173.379907,173.0,0,1.002196,20.0,0,8.668995,0.0,0,0.0,0,0,0,0,0,0,0.0,0,0.0,0,0,0,,,,,instagram,CS
[ALC] Aniversário Capitu,120238793338590087,OUTCOME_AWARENESS,2026-01-01,1,1,1.0,0,0.0,0.0,0.0,0.0,0.0,0,0.0,0.0,0,0.0,0.0,0,0.0,0,0,0,0,0,0,0.0,0,0.0,0,0,0,,,,,threads,CS
ALC - LIQUIDA,120238798195590087,OUTCOME_AWARENESS,2026-01-01,976650,645287,1.513513,1108,0.113449,1.353466,1.535494,1499.64,883.0,0,1.698347,136.0,0,11.026765,0.0,0,0.0,0,0,0,0,0,0,0.0,0,0.0,0,0,0,19690.0,8919.0,5561.0,4067.0,instagram,CS
[ALC] Novas Lojas - Vídeo Elisa,120238977169450087,OUTCOME_AWARENESS,2026-01-01,69487,42261,1.644235,87,0.125203,1.000656,1.252854,87.057048,25.0,0,3.482282,6.0,0,14.509508,0.0,0,0.0,0,0,0,0,0,0,0.0,0,0.0,0,0,0,594.0,198.0,109.0,50.0,facebook,CS
[ALC] Novas Lojas - Vídeo Elisa,120238977169450087,OUTCOME_AWARENESS,2026-01-01,401564,236728,1.69631,455,0.113307,1.103919,1.250817,502.282967,342.0,0,1.468664,42.0,0,11.959118,0.0,0,0.0,0,0,0,0,0,0,0.0,0,0.0,0,0,0,2094.0,511.0,314.0,141.0,instagram,CS
[ALC] Novas Lojas - Vídeo Elisa,120238977169450087,OUTCOME_AWARENESS,2026-01-01,444,430,1.032558,1,0.225225,0.439985,0.990957,0.439985,1.0,0,0.439985,0.0,0,0.0,0.0,0,0.0,0,0,0,0,0,0,0.0,0,0.0,0,0,0,14.0,2.0,,,threads,CS
[ALC] Video Argentinos,120238977290500087,OUTCOME_AWARENESS,2026-01-01,77688,56966,1.363761,135,0.173772,0.62217,1.081157,83.992926,31.0,0,2.709449,5.0,0,16.798585,0.0,0,0.0,0,0,0,0,0,0,0.0,0,0.0,0,0,0,483.0,165.0,98.0,57.0,facebook,CS
[ALC] Video Argentinos,120238977290500087,OUTCOME_AWARENESS,2026-01-01,457805,347122,1.318859,446,0.097421,1.141698,1.112258,509.197117,301.0,0,1.691685,82.0,0,6.209721,0.0,0,0.0,0,0,0,0,0,0,0.0,0,0.0,0,0,0,771.0,268.0,165.0,121.0,instagram,CS
[ALC] Video Argentinos,120238977290500087,OUTCOME_AWARENESS,2026-01-01,494,485,1.018557,1,0.202429,0.519956,1.052543,0.519956,0.0,0,0.0,0.0,0,0.0,0.0,0,0.0,0,0,0,0,0,0,0.0,0,0.0,0,0,0,7.0,,,,threads,CS
[ALC] Nike 20% OFF - 26/01,120238977576680087,OUTCOME_AWARENESS,2026-01-01,75679,60207,1.25698,85,0.112316,0.936322,1.051644,79.587346,19.0,0,4.188808,2.0,0,39.793673,0.0,0,0.0,0,0,0,0,0,0,0.0,0,0.0,0,0,0,3539.0,1184.0,611.0,379.0,facebook,CS
[ALC] Nike 20% OFF - 26/01,120238977576680087,OUTCOME_AWARENESS,2026-01-01,208734,171642,1.216101,180,0.086234,1.22357,1.055136,220.242654,125.0,0,1.761941,14.0,0,15.731618,0.0,0,0.0,0,0,0,0,0,0,0.0,0,0.0,0,0,0,3189.0,1562.0,1025.0,785.0,instagram,CS
[ALC] Volta às aulas,120239008937960087,OUTCOME_AWARENESS,2026-01-01,238574,136015,1.754027,288,0.120717,1.033229,1.247286,297.57,174.0,0,1.710172,24.0,0,12.39875,0.0,0,0.0,0,0,0,0,0,0,0.0,0,0.0,0,0,0,,,,,facebook,CS
[ALC] Capivalley vídeo,120239017203610087,OUTCOME_AWARENESS,2026-01-01,167040,119734,1.395092,493,0.295139,0.371412,1.096183,183.106338,54.0,0,3.390858,8.0,0,22.888292,0.0,0,0.0,0,0,0,0,0,0,0.0,0,0.0,0,0,0,2457.0,842.0,462.0,227.0,facebook,CS
[ALC] Capivalley vídeo,120239017203610087,OUTCOME_AWARENESS,2026-01-01,278456,216445,1.286498,321,0.115279,0.987083,1.137895,316.853663,247.0,0,1.282808,36.0,0,8.801491,0.0,0,0.0,0,0,0,0,0,0,0.0,0,0.0,0,0,0,1511.0,226.0,110.0,69.0,instagram,CS
[ALC] Capivalley vídeo,120239017203610087,OUTCOME_AWARENESS,2026-01-01,58,57,1.017544,0,0.0,0.0,0.689641,0.039999,0.0,0,0.0,0.0,0,0.0,0.0,0,0.0,0,0,0,0,0,0,0.0,0,0.0,0,0,0,4.0,,,,threads,CS
[ALC] - Video Capivalley 2,120239017296950087,OUTCOME_AWARENESS,2026-01-01,210936,130816,1.612463,1850,0.877043,0.136819,1.19996,253.114813,56.0,0,4.519907,16.0,0,15.819676,0.0,0,0.0,0,0,0,0,0,0,0.0,0,0.0,0,0,0,4946.0,1854.0,933.0,455.0,facebook,CS
[ALC] - Video Capivalley 2,120239017296950087,OUTCOME_AWARENESS,2026-01-01,195870,137555,1.42394,223,0.113851,1.105315,1.258412,246.485211,159.0,0,1.550221,24.0,0,10.270217,0.0,0,0.0,0,0,0,0,0,0,0.0,0,0.0,0,0,0,1382.0,271.0,140.0,79.0,instagram,CS
[ALC] - Video Capivalley 2,120239017296950087,OUTCOME_AWARENESS,2026-01-01,243,233,1.042918,0,0.0,0.0,1.645992,0.399976,0.0,0,0.0,0.0,0,0.0,0.0,0,0.0,0,0,0,0,0,0,0.0,0,0.0,0,0,0,24.0,8.0,3.0,2.0,threads,CS
[ALC] Usaflex liquida,120239017471460087,OUTCOME_AWARENESS,2026-01-01,105244,71656,1.46874,127,0.120672,0.942335,1.137134,119.676581,91.0,0,1.315127,5.0,0,23.935316,0.0,0,0.0,0,0,0,0,0,0,0.0,0,0.0,0,0,0,,,,,facebook,CS
[ALC] Usaflex liquida,120239017471460087,OUTCOME_AWARENESS,2026-01-01,186902,121377,1.539847,218,0.116639,1.056529,1.232322,230.323419,175.0,0,1.316134,17.0,0,13.548436,0.0,0,0.0,0,0,0,0,0,0,0.0,0,0.0,0,0,0,,,,,instagram,CS
[ALC] Homem do Sapato - promoção,120239017891420087,OUTCOME_AWARENESS,2026-01-01,140526,92837,1.513685,191,0.135918,0.860123,1.169061,164.283429,164.0,0,1.001728,11.0,0,14.934857,0.0,0,0.0,0,0,0,0,0,0,0.0,0,0.0,0,0,0,,,,,facebook,CS
[ALC] Homem do Sapato - promoção,120239017891420087,OUTCOME_AWARENESS,2026-01-01,261879,154939,1.690207,276,0.105392,1.216256,1.281838,335.686573,228.0,0,1.47231,36.0,0,9.324627,0.0,0,0.0,0,0,0,0,0,0,0.0,0,0.0,0,0,0,,,,,instagram,CS
[ALC] Homem do Sapato - promoção,120239017891420087,OUTCOME_AWARENESS,2026-01-01,9,9,1.0,0,0.0,0.0,3.3332,0.029999,0.0,0,0.0,0.0,0,0.0,0.0,0,0.0,0,0,0,0,0,0,0.0,0,0.0,0,0,0,,,,,threads,CS
ALC - NARBONA,120237232905670087,OUTCOME_AWARENESS,2026-02-01,800891,342837,2.336069,967,0.120741,0.993795,1.199914,961.0,637.0,0,1.508634,100.0,0,9.61,0.0,0,0.0,0,0,0,0,0,0,0.0,0,0.0,0,0,0,5897.0,1811.0,993.0,628.0,instagram,CS
ALC - Capivalley,120238793084460087,OUTCOME_AWARENESS,2026-02-01,533150,297218,1.793801,2321,0.435337,0.251188,1.093515,583.007352,310.0,0,1.880669,39.0,0,14.948906,0.0,0,0.0,0,0,0,0,0,0,0.0,0,0.0,0,0,0,6242.0,2104.0,1084.0,591.0,facebook,CS
ALC - Capivalley,120238793084460087,OUTCOME_AWARENESS,2026-02-01,294363,191374,1.538156,354,0.12026,0.956646,1.150459,338.652653,267.0,0,1.268362,36.0,0,9.407018,0.0,0,0.0,0,0,0,0,0,0,0.0,0,0.0,0,0,0,1868.0,328.0,149.0,88.0,instagram,CS
ALC - Capivalley,120238793084460087,OUTCOME_AWARENESS,2026-02-01,284,248,1.145161,1,0.352113,0.259994,0.915473,0.259994,0.0,0,0.0,0.0,0,0.0,0.0,0,0.0,0,0,0,0,0,0,0.0,0,0.0,0,0,0,15.0,8.0,2.0,,threads,CS
[ALC] Novas Lojas - Vídeo Elisa,120238977169450087,OUTCOME_AWARENESS,2026-02-01,63649,44858,1.4189,75,0.117834,0.9572,1.127905,71.79,22.0,0,3.263182,3.0,0,23.93,0.0,0,0.0,0,0,0,0,0,0,0.0,0,0.0,0,0,0,510.0,150.0,86.0,49.0,facebook,CS
[ALC] Novas Lojas - Vídeo Elisa,120238977169450087,OUTCOME_AWARENESS,2026-02-01,286732,209343,1.369676,318,0.110905,1.056855,1.172105,336.08,244.0,0,1.377377,32.0,0,10.5025,0.0,0,0.0,0,0,0,0,0,0,0.0,0,0.0,0,0,0,1263.0,218.0,126.0,63.0,instagram,CS
[ALC] Novas Lojas - Vídeo Elisa,120238977169450087,OUTCOME_AWARENESS,2026-02-01,2056,1825,1.126575,3,0.145914,0.74,1.079767,2.22,0.0,0,0.0,0.0,0,0.0,0.0,0,0.0,0,0,0,0,0,0,0.0,0,0.0,0,0,0,93.0,26.0,17.0,8.0,threads,CS
[ALC] Video Argentinos,120238977290500087,OUTCOME_AWARENESS,2026-02-01,82269,62480,1.316725,183,0.222441,0.446765,0.993789,81.757987,25.0,0,3.270319,6.0,0,13.626331,0.0,0,0.0,0,0,0,0,0,0,0.0,0,0.0,0,0,0,442.0,162.0,85.0,51.0,facebook,CS
[ALC] Video Argentinos,120238977290500087,OUTCOME_AWARENESS,2026-02-01,318200,254409,1.250742,320,0.100566,1.009569,1.01528,323.062044,221.0,0,1.461819,68.0,0,4.750912,0.0,0,0.0,0,0,0,0,0,0,0.0,0,0.0,0,0,0,355.0,139.0,84.0,68.0,instagram,CS
[ALC] Video Argentinos,120238977290500087,OUTCOME_AWARENESS,2026-02-01,1210,1150,1.052174,2,0.165289,0.614985,1.016504,1.22997,1.0,0,1.22997,1.0,0,1.22997,0.0,0,0.0,0,0,0,0,0,0,0.0,0,0.0,0,0,0,15.0,2.0,1.0,1.0,threads,CS
[ALC] Volta às aulas,120239008937960087,OUTCOME_AWARENESS,2026-02-01,172706,115047,1.501178,190,0.110014,1.063737,1.170255,202.11,100.0,0,2.0211,13.0,0,15.546923,0.0,0,0.0,0,0,0,0,0,0,0.0,0,0.0,0,0,0,,,,,facebook,CS
[ALC] Carnaval - 02/02,120239471825400087,OUTCOME_AWARENESS,2026-02-01,123909,78238,1.583744,293,0.236464,0.479016,1.132699,140.351579,101.0,0,1.38962,9.0,0,15.59462,0.0,0,0.0,0,0,0,0,0,0,0.0,0,0.0,0,0,0,1738.0,545.0,270.0,148.0,facebook,CS
[ALC] Carnaval - 02/02,120239471825400087,OUTCOME_AWARENESS,2026-02-01,302293,186404,1.621709,447,0.14787,0.803912,1.188742,359.348439,330.0,0,1.088935,40.0,0,8.983711,0.0,0,0.0,0,0,0,0,0,0,0.0,0,0.0,0,0,0,2298.0,1105.0,262.0,154.0,instagram,CS
[ALC] Carnaval - 02/02,120239471825400087,OUTCOME_AWARENESS,2026-02-01,299,272,1.099265,1,0.334448,0.299982,1.003284,0.299982,1.0,0,0.299982,0.0,0,0.0,0.0,0,0.0,0,0,0,0,0,0,0.0,0,0.0,0,0,0,30.0,9.0,3.0,1.0,threads,CS
[ALC] Semana do Cinema 2026,120239561692810087,OUTCOME_AWARENESS,2026-02-01,248969,148190,1.680066,395,0.158654,0.795266,1.261723,314.13,197.0,0,1.594569,36.0,0,8.725833,0.0,0,0.0,0,0,0,0,0,0,0.0,0,0.0,0,0,0,,,,,facebook,CS
[ALC] Semana do Cinema 2026,120239561692810087,OUTCOME_AWARENESS,2026-02-01,146368,112306,1.303296,317,0.216577,0.585584,1.268242,185.63,249.0,0,0.745502,62.0,0,2.994032,0.0,0,0.0,0,0,0,0,0,0,0.0,0,0.0,0,0,0,,,,,instagram,CS
[ALC] Semana do Cinema 2026,120239561692810087,OUTCOME_AWARENESS,2026-02-01,255,230,1.108696,1,0.392157,0.24,0.941176,0.24,1.0,0,0.24,0.0,0,0.0,0.0,0,0.0,0,0,0,0,0,0,0.0,0,0.0,0,0,0,,,,,threads,CS
[ALC] Semana do Cinema 2026,120239561692810087,OUTCOME_AWARENESS,2026-02-01,0,0,0.0,0,0.0,0.0,0.0,0.0,0.0,0,0.0,1.0,0,0.0,0.0,0,0.0,0,0,0,0,0,0,0.0,0,0.0,0,0,0,,,,,unknown,CS
[ALC] Bazar anacapri,120239563051420087,OUTCOME_AWARENESS,2026-02-01,67185,53502,1.255747,197,0.29322,0.380711,1.116321,75.0,116.0,0,0.646552,23.0,0,3.26087,0.0,0,0.0,0,0,0,0,0,0,0.0,0,0.0,0,0,0,,,,,facebook,CS
[ALC] Bazar anacapri,120239563051420087,OUTCOME_AWARENESS,2026-02-01,99136,74448,1.331614,133,0.134159,0.938797,1.259482,124.86,113.0,0,1.104956,29.0,0,4.305517,0.0,0,0.0,0,0,0,0,0,0,0.0,0,0.0,0,0,0,,,,,instagram,CS
[ALC] Bazar anacapri,120239563051420087,OUTCOME_AWARENESS,2026-02-01,47,44,1.068182,0,0.0,0.0,1.276596,0.06,0.0,0,0.0,0.0,0,0.0,0.0,0,0.0,0,0,0,0,0,0,0.0,0,0.0,0,0,0,,,,,threads,CS
[ALC] Eventos Carnaval,120239751838580087,OUTCOME_AWARENESS,2026-02-01,360954,237139,1.52212,746,0.206675,0.559257,1.155842,417.205828,455.0,0,0.916936,61.0,0,6.83944,0.0,0,0.0,0,0,0,0,0,0,0.0,0,0.0,0,0,0,552.0,158.0,94.0,66.0,facebook,CS
[ALC] Eventos Carnaval,120239751838580087,OUTCOME_AWARENESS,2026-02-01,475314,326757,1.454641,673,0.141591,0.865742,1.225809,582.644174,549.0,0,1.061283,83.0,0,7.019809,0.0,0,0.0,0,0,0,0,0,0,0.0,0,0.0,0,0,0,962.0,189.0,99.0,71.0,instagram,CS
[ALC] Eventos Carnaval,120239751838580087,OUTCOME_AWARENESS,2026-02-01,86,79,1.088608,0,0.0,0.0,1.627891,0.139999,0.0,0,0.0,0.0,0,0.0,0.0,0,0.0,0,0,0,0,0,0,0.0,0,0.0,0,0,0,1.0,,,,threads,CS
[ALC] Eventos de Carnaval,120239828976910087,OUTCOME_ENGAGEMENT,2026-02-01,24722,18589,1.329926,315,1.274169,0.293937,3.745247,92.59,35.0,0,2.645429,3.0,0,30.863333,0.0,0,0.0,0,0,0,0,0,0,0.0,0,0.0,0,0,0,4897.0,1603.0,938.0,397.0,facebook,CS
[ALC] Eventos de Carnaval,120239828976910087,OUTCOME_ENGAGEMENT,2026-02-01,154019,109563,1.405757,845,0.548634,0.717645,3.937242,606.41,541.0,0,1.120906,146.0,0,4.153493,0.0,0,0.0,0,0,0,0,0,0,0.0,0,0.0,0,0,0,25454.0,11281.0,7117.0,4050.0,instagram,CS
[ALC] Musical das capivaras,120239893660110087,OUTCOME_AWARENESS,2026-02-01,69414,68586,1.012072,182,0.262195,0.397418,1.042009,72.33,120.0,0,0.60275,15.0,0,4.822,0.0,0,0.0,0,0,0,0,0,0,0.0,0,0.0,0,0,0,,,,,facebook,CS
[ALC] Musical das capivaras,120239893660110087,OUTCOME_AWARENESS,2026-02-01,197192,189284,1.041778,329,0.166842,0.691945,1.154459,227.65,274.0,0,0.830839,44.0,0,5.173864,0.0,0,0.0,0,0,0,0,0,0,0.0,0,0.0,0,0,0,,,,,instagram,CS
[ALC] Musical das capivaras,120239893660110087,OUTCOME_AWARENESS,2026-02-01,17,17,1.0,0,0.0,0.0,1.176471,0.02,0.0,0,0.0,0.0,0,0.0,0.0,0,0.0,0,0,0,0,0,0,0.0,0,0.0,0,0,0,,,,,threads,CS
[ALC] Carnapet Continente Shopping,120239915880680087,OUTCOME_AWARENESS,2026-02-01,41404,38361,1.079325,84,0.202879,0.545595,1.106898,45.83,63.0,0,0.72746,6.0,0,7.638333,0.0,0,0.0,0,0,0,0,0,0,0.0,0,0.0,0,0,0,,,,,facebook,CS
[ALC] Carnapet Continente Shopping,120239915880680087,OUTCOME_AWARENESS,2026-02-01,86034,86034,1.0,161,0.187135,0.64677,1.210335,104.13,136.0,0,0.765662,24.0,0,4.33875,0.0,0,0.0,0,0,0,0,0,0,0.0,0,0.0,0,0,0,,,,,instagram,CS
[ALC] Capivalley - Últimos dias,120240006022760087,OUTCOME_AWARENESS,2026-02-01,90668,72316,1.253775,236,0.26029,0.457001,1.189528,107.852157,24.0,0,4.49384,5.0,0,21.570431,0.0,0,0.0,0,0,0,0,0,0,0.0,0,0.0,0,0,0,1459.0,428.0,236.0,142.0,facebook,CS
[ALC] Capivalley - Últimos dias,120240006022760087,OUTCOME_AWARENESS,2026-02-01,328208,257652,1.273842,371,0.113038,1.055681,1.193322,391.657833,288.0,0,1.359923,52.0,0,7.531881,0.0,0,0.0,0,0,0,0,0,0,0.0,0,0.0,0,0,0,2828.0,600.0,304.0,181.0,instagram,CS
[ALC] Capivalley - Últimos dias,120240006022760087,OUTCOME_AWARENESS,2026-02-01,461,454,1.015419,0,0.0,0.0,1.062928,0.49001,0.0,0,0.0,0.0,0,0.0,0.0,0,0.0,0,0,0,0,0,0,0.0,0,0.0,0,0,0,51.0,12.0,5.0,2.0,threads,CS
ALC - Narbona novos conteúdos,120240054308210087,OUTCOME_AWARENESS,2026-02-01,48925,43831,1.116219,91,0.185999,0.587197,1.09218,53.434882,56.0,0,0.954194,16.0,0,3.33968,0.0,0,0.0,0,0,0,0,0,0,0.0,0,0.0,0,0,0,150.0,63.0,38.0,23.0,facebook,CS
ALC - Narbona novos conteúdos,120240054308210087,OUTCOME_AWARENESS,2026-02-01,105977,89019,1.190499,154,0.145315,0.858346,1.247301,132.185225,126.0,0,1.049089,77.0,0,1.716691,0.0,0,0.0,0,0,0,0,0,0,0.0,0,0.0,0,0,0,486.0,106.0,60.0,42.0,instagram,CS
ALC - Narbona novos conteúdos,120240054308210087,OUTCOME_AWARENESS,2026-02-01,67,67,1.0,0,0.0,0.0,0.744664,0.049893,0.0,0,0.0,0.0,0,0.0,0.0,0,0.0,0,0,0,0,0,0,0.0,0,0.0,0,0,0,3.0,1.0,,,threads,CS
TFG - Narbona Site,120240056012140087,LINK_CLICKS,2026-02-01,2096,678,3.091445,151,7.204198,0.23399,16.857106,35.332494,215.0,0,0.164337,16.0,0,2.208281,0.0,0,0.0,0,0,0,0,0,0,0.0,0,0.0,0,0,0,173.0,110.0,74.0,52.0,audience_network,CS
TFG - Narbona Site,120240056012140087,LINK_CLICKS,2026-02-01,109456,60928,1.796481,4194,3.831677,0.155235,5.948108,651.0561,2669.0,0,0.243933,694.0,0,0.938121,0.0,0,0.0,0,0,0,0,0,0,0.0,0,0.0,0,0,0,3081.0,679.0,452.0,309.0,facebook,CS
TFG - Narbona Site,120240056012140087,LINK_CLICKS,2026-02-01,67422,36307,1.856997,1518,2.251491,0.196048,4.41401,297.601406,1372.0,0,0.216911,368.0,0,0.808699,0.0,0,0.0,0,0,0,0,0,0,0.0,0,0.0,0,0,0,147.0,79.0,54.0,39.0,instagram,CS
TFG - Narbona Site,120240056012140087,LINK_CLICKS,2026-02-01,1,1,1.0,0,0.0,0.0,0.0,0.0,0.0,0,0.0,0.0,0,0.0,0.0,0,0.0,0,0,0,0,0,0,0.0,0,0.0,0,0,0,,,,,threads,CS
ALC - Narbona novos conteúdos,120240054308210087,OUTCOME_AWARENESS,2026-03-01,20945,16616,1.260532,78,0.372404,0.278875,1.03854,21.752229,32.0,0,0.679757,13.0,0,1.673248,0.0,0,0.0,0,0,0,0,0,0,1.0,0,21.752229,0,0,0,147.0,51.0,31.0,18.0,facebook,CS
ALC - Narbona novos conteúdos,120240054308210087,OUTCOME_AWARENESS,2026-03-01,63857,45770,1.395172,73,0.114318,1.038463,1.187149,75.807769,58.0,0,1.307031,36.0,0,2.105771,1.0,0,75.807769,0,0,0,0,0,0,10.0,0,7.580777,0,0,0,353.0,95.0,53.0,29.0,instagram,CS
ALC - Narbona novos conteúdos,120240054308210087,OUTCOME_AWARENESS,2026-03-01,54,53,1.018868,0,0.0,0.0,0.370408,0.020002,0.0,0,0.0,0.0,0,0.0,0.0,0,0.0,0,0,0,0,0,0,0.0,0,0.0,0,0,0,2.0,,,,threads,CS
ALC - Narbona novos conteúdos,120240054308210087,OUTCOME_AWARENESS,2026-03-01,0,0,0.0,0,0.0,0.0,0.0,0.0,0.0,0,0.0,0.0,0,0.0,0.0,0,0.0,0,0,0,0,0,0,0.0,0,0.0,0,0,0,,,,,unknown,CS
[ALC] Musical K-Pop,120240776590700087,OUTCOME_AWARENESS,2026-03-01,8173,7987,1.023288,25,0.305885,0.3564,1.090175,8.91,16.0,0,0.556875,0.0,0,0.0,0.0,0,0.0,0,0,0,0,0,0,0.0,0,0.0,0,0,0,,,,,facebook,CS
[ALC] Musical K-Pop,120240776590700087,OUTCOME_AWARENESS,2026-03-01,9421,9035,1.042723,8,0.084917,1.41875,1.204755,11.35,7.0,0,1.621429,0.0,0,0.0,0.0,0,0.0,0,0,0,0,0,0,0.0,0,0.0,0,0,0,,,,,instagram,CS
ALC - NATAL 25,120236680754500402,OUTCOME_AWARENESS,2025-12-11,602247,295226,2.039952,1486,0.246743,0.493411,1.217455,733.208479,680.0,0,1.078248,124.0,0,5.912972,0.0,0,0.0,0,0,0,0,0,0,0.0,0,0.0,0,0,0,7707.0,2534.0,1258.0,776.0,facebook,BS
ALC - NATAL 25,120236680754500402,OUTCOME_AWARENESS,2025-12-11,369232,180862,2.041512,450,0.121875,1.015826,1.238033,457.121521,354.0,0,1.291304,33.0,0,13.852167,0.0,0,0.0,0,0,0,0,0,0,0.0,0,0.0,0,0,0,3530.0,1445.0,619.0,424.0,instagram,BS
TRAF - NATAL 25 - CLIQUES,120237281768620402,LINK_CLICKS,2025-12-11,436807,165171,2.644574,8055,1.844064,0.194607,3.588679,1567.56,7260.0,0,0.215917,2685.0,0,0.583821,0.0,0,0.0,0,0,0,0,0,0,0.0,0,0.0,0,0,0,5230.0,2494.0,1587.0,1021.0,instagram,BS
ALC - Pet Day,120238799202670402,OUTCOME_AWARENESS,2025-12-11,272528,208250,1.308658,299,0.109714,1.672241,1.834674,500.0,238.0,0,2.10084,0.0,0,0.0,0.0,0,0.0,0,0,0,0,0,0,0.0,0,0.0,0,0,0,327.0,159.0,96.0,64.0,instagram,BS
ALC - Encontro com personagens,120238799625500402,OUTCOME_AWARENESS,2025-12-11,279027,192533,1.449242,368,0.131887,1.358696,1.791941,500.0,299.0,0,1.672241,0.0,0,0.0,0.0,0,0.0,0,0,0,0,0,0,0.0,0,0.0,0,0,0,207.0,81.0,61.0,41.0,instagram,BS
ENG - PANETONE,120238800303500402,OUTCOME_ENGAGEMENT,2025-12-11,50871,31980,1.590713,141,0.277172,1.772837,4.913802,249.97,82.0,0,3.048415,0.0,0,0.0,0.0,0,0.0,0,0,0,0,0,0,0.0,0,0.0,0,0,0,14202.0,7402.0,5742.0,2603.0,instagram,BS
ALC - NATAL 25,120236680754500402,OUTCOME_AWARENESS,2026-01-01,365165,227099,1.607955,654,0.179097,0.435329,0.779662,284.705296,299.0,0,0.952192,56.0,0,5.084023,0.0,0,0.0,0,0,0,0,0,0,0.0,0,0.0,0,0,0,8915.0,2880.0,1415.0,872.0,facebook,BS
ALC - NATAL 25,120236680754500402,OUTCOME_AWARENESS,2026-01-01,354817,232566,1.525662,347,0.097797,0.788746,0.771369,273.694704,244.0,0,1.1217,24.0,0,11.403946,0.0,0,0.0,0,0,0,0,0,0,0.0,0,0.0,0,0,0,3946.0,1794.0,778.0,554.0,instagram,BS
TRAF - NATAL 25 - CLIQUES,120237281768620402,LINK_CLICKS,2026-01-01,177147,99153,1.786603,4227,2.386154,0.122964,2.934117,519.77,3742.0,0,0.138902,1520.0,0,0.341954,0.0,0,0.0,0,0,0,0,0,0,0.0,0,0.0,0,0,0,5210.0,2440.0,1486.0,948.0,instagram,BS
ALC - Capivalley - CS,120239928434450402,OUTCOME_AWARENESS,2026-01-01,84150,59402,1.416619,147,0.174688,0.550408,0.961497,80.91,85.0,0,0.951882,0.0,0,0.0,0.0,0,0.0,0,0,0,0,0,0,0.0,0,0.0,0,0,0,,,,,facebook,BS
ALC - LIQUIDA 25,120239970790610402,OUTCOME_AWARENESS,2026-01-01,1531602,819344,1.869303,1438,0.093889,2.08621,1.958714,2999.97,1064.0,0,2.819521,538.0,0,5.576152,0.0,0,0.0,0,0,0,0,0,0,0.0,0,0.0,0,0,0,28901.0,12514.0,7651.0,5588.0,instagram,BS
ALC - LIQUIDA 25,120239970790610402,OUTCOME_AWARENESS,2026-01-01,0,0,0.0,0,0.0,0.0,0.0,0.0,0.0,0,0.0,3.0,0,0.0,0.0,0,0.0,0,0,0,0,0,0,0.0,0,0.0,0,0,0,,,,,unknown,BS
ALC - VOLTA AS AULAS,120240233245310402,OUTCOME_AWARENESS,2026-01-01,2268,2144,1.057836,0,0.0,0.0,0.934744,2.12,0.0,0,0.0,0.0,0,0.0,0.0,0,0.0,0,0,0,0,0,0,0.0,0,0.0,0,0,0,,,,,facebook,BS
ALC - VOLTA AS AULAS,120240233245310402,OUTCOME_AWARENESS,2026-01-01,486986,281815,1.728034,455,0.093432,1.199604,1.120813,545.82,324.0,0,1.68463,0.0,0,0.0,0.0,0,0.0,0,0,0,0,0,0,0.0,0,0.0,0,0,0,3211.0,633.0,343.0,226.0,instagram,BS
ALC - SUMMER,120240233387880402,OUTCOME_AWARENESS,2026-01-01,21494,20032,1.072983,15,0.069787,1.604667,1.119847,24.07,4.0,0,6.0175,0.0,0,0.0,0.0,0,0.0,0,0,0,0,0,0,0.0,0,0.0,0,0,0,298.0,65.0,38.0,20.0,facebook,BS
ALC - SUMMER,120240233387880402,OUTCOME_AWARENESS,2026-01-01,647906,277205,2.337281,137,0.021145,5.658321,1.196454,775.19,3.0,0,258.396667,0.0,0,0.0,0.0,0,0.0,0,0,0,0,0,0,0.0,0,0.0,0,0,0,18824.0,5640.0,3272.0,2336.0,instagram,BS
ALC - VOLTA AS AULAS,120240233245310402,OUTCOME_AWARENESS,2026-02-01,90814,79175,1.147003,21,0.023124,3.339048,0.772128,70.12,1.0,0,70.12,0.0,0,0.0,0.0,0,0.0,0,0,0,0,0,0,0.0,0,0.0,0,0,0,,,,,facebook,BS
ALC - VOLTA AS AULAS,120240233245310402,OUTCOME_AWARENESS,2026-02-01,271588,193209,1.40567,266,0.097942,1.083421,1.061129,288.19,205.0,0,1.405805,0.0,0,0.0,0.0,0,0.0,0,0,0,0,0,0,0.0,0,0.0,0,0,0,1062.0,210.0,85.0,56.0,instagram,BS
ALC - SUMMER,120240233387880402,OUTCOME_AWARENESS,2026-02-01,416906,229605,1.815753,297,0.071239,1.510168,1.07583,448.52,58.0,0,7.733103,0.0,0,0.0,0.0,0,0.0,0,0,0,0,0,0,0.0,0,0.0,0,0,0,6745.0,2002.0,964.0,595.0,facebook,BS
ALC - SUMMER,120240233387880402,OUTCOME_AWARENESS,2026-02-01,554204,251691,2.201922,136,0.02454,4.538309,1.113687,617.21,4.0,0,154.3025,1.0,0,617.21,0.0,0,0.0,0,0,0,0,0,0,0.0,0,0.0,0,0,0,46710.0,9428.0,5353.0,3768.0,instagram,BS
ALC - Semana do Cinema - BS JAN 25,120241101673890402,OUTCOME_AWARENESS,2026-02-01,139833,94981,1.472221,89,0.063647,1.848278,1.17638,164.496709,3.0,0,54.832236,0.0,0,0.0,0.0,0,0.0,0,0,0,0,0,0,0.0,0,0.0,0,0,0,,,,,facebook,BS
ALC - Semana do Cinema - BS JAN 25,120241101673890402,OUTCOME_AWARENESS,2026-02-01,270525,174619,1.54923,448,0.165604,0.748356,1.239306,335.263292,344.0,0,0.974603,116.0,0,2.890201,0.0,0,0.0,0,0,0,0,0,0,0.0,0,0.0,0,0,0,,,,,instagram,BS
ALC - Semana do Cinema - BS JAN 25,120241101673890402,OUTCOME_AWARENESS,2026-02-01,1,1,1.0,0,0.0,0.0,9.9998,0.01,0.0,0,0.0,0.0,0,0.0,0.0,0,0.0,0,0,0,0,0,0,0.0,0,0.0,0,0,0,,,,,unknown,BS
ALC - Inauguração - Shantal,120241101729600402,OUTCOME_AWARENESS,2026-02-01,188742,81017,2.329659,154,0.081593,1.434286,1.170275,220.88,12.0,0,18.406667,0.0,0,0.0,0.0,0,0.0,0,0,0,0,0,0,0.0,0,0.0,0,0,0,12.0,7.0,4.0,3.0,facebook,BS
ALC - Inauguração - Shantal,120241101729600402,OUTCOME_AWARENESS,2026-02-01,204856,107173,1.911452,233,0.113738,1.042575,1.185809,242.92,165.0,0,1.472242,0.0,0,0.0,0.0,0,0.0,0,0,0,0,0,0,0.0,0,0.0,0,0,0,515.0,216.0,93.0,65.0,instagram,BS
ALC - Arena Summer Vibes Sephora,120241133287260402,OUTCOME_AWARENESS,2026-02-01,431324,315999,1.364954,1134,0.262911,0.592402,1.557491,671.783359,527.0,0,1.274731,179.0,0,3.75298,0.0,0,0.0,0,0,0,0,0,0,0.0,0,0.0,0,0,0,2339.0,750.0,338.0,198.0,facebook,BS
ALC - Arena Summer Vibes Sephora,120241133287260402,OUTCOME_AWARENESS,2026-02-01,851869,550124,1.548504,1517,0.178079,0.875555,1.559179,1328.216641,1074.0,0,1.236701,249.0,0,5.334203,0.0,0,0.0,0,0,0,0,0,0,0.0,0,0.0,0,0,0,20551.0,8642.0,3659.0,2393.0,instagram,BS
ALC - Arena Summer Vibes Sephora,120241133287260402,OUTCOME_AWARENESS,2026-02-01,0,0,0.0,0,0.0,0.0,0.0,0.0,0.0,0,0.0,1.0,0,0.0,0.0,0,0.0,0,0,0,0,0,0,0.0,0,0.0,0,0,0,,,,,unknown,BS
TRAF - ARENA SUMMER VIBES SEPHORA,120241256148390402,LINK_CLICKS,2026-02-01,166323,74093,2.244787,154,0.092591,0.73013,0.676034,112.44,145.0,0,0.775448,27.0,0,4.164444,0.0,0,0.0,0,0,0,0,0,0,0.0,0,0.0,0,0,0,61.0,14.0,5.0,2.0,facebook,BS
TRAF - ARENA SUMMER VIBES SEPHORA,120241256148390402,LINK_CLICKS,2026-02-01,812599,577425,1.407281,985,0.121216,0.900883,1.092015,887.37,810.0,0,1.095519,382.0,0,2.322958,0.0,0,0.0,0,0,0,0,0,0,0.0,0,0.0,0,0,0,7409.0,3568.0,2328.0,1823.0,instagram,BS
TRAF - ARENA SUMMER VIBES SEPHORA,120241256148390402,LINK_CLICKS,2026-02-01,266,266,1.0,0,0.0,0.0,0.714286,0.19,0.0,0,0.0,0.0,0,0.0,0.0,0,0.0,0,0,0,0,0,0,0.0,0,0.0,0,0,0,1.0,,,,messenger,BS
ALC - Carnaval Kids,120241264649820402,OUTCOME_AWARENESS,2026-02-01,545600,334119,1.632951,656,0.120235,1.005737,1.209244,659.763299,431.0,0,1.530773,130.0,0,5.075102,0.0,0,0.0,0,0,0,0,0,0,0.0,0,0.0,0,0,0,,,,,facebook,BS
ALC - Carnaval Kids,120241264649820402,OUTCOME_AWARENESS,2026-02-01,1037783,574849,1.805314,1295,0.124785,1.034785,1.291259,1340.0467,1086.0,0,1.233929,553.0,0,2.423231,0.0,0,0.0,0,0,0,0,0,0,0.0,0,0.0,0,0,0,,,,,instagram,BS
ALC - Carnaval Kids,120241264649820402,OUTCOME_AWARENESS,2026-02-01,104,93,1.11828,0,0.0,0.0,1.826932,0.190001,0.0,0,0.0,0.0,0,0.0,0.0,0,0.0,0,0,0,0,0,0,0.0,0,0.0,0,0,0,,,,,threads,BS
TRAF - Carnaval,120241501677080402,LINK_CLICKS,2026-02-01,248,132,1.878788,30,12.096774,0.308009,37.259182,9.240277,34.0,0,0.271773,16.0,0,0.577517,0.0,0,0.0,0,0,0,0,0,0,0.0,0,0.0,0,0,0,,,,,audience_network,BS
TRAF - Carnaval,120241501677080402,LINK_CLICKS,2026-02-01,58152,35517,1.6373,1135,1.951782,0.205751,4.015804,233.527006,934.0,0,0.250029,535.0,0,0.436499,0.0,0,0.0,0,0,0,0,0,0,0.0,0,0.0,0,0,0,,,,,facebook,BS
TRAF - Carnaval,120241501677080402,LINK_CLICKS,2026-02-01,229331,92900,2.468579,2673,1.165564,0.282534,3.293112,755.212656,2372.0,0,0.318386,965.0,0,0.782604,0.0,0,0.0,0,0,0,0,0,0,0.0,0,0.0,0,0,0,,,,,instagram,BS
TRAF - Carnaval,120241501677080402,LINK_CLICKS,2026-02-01,393,369,1.065041,1,0.254453,2.020061,5.140103,2.020061,1.0,0,2.020061,1.0,0,2.020061,0.0,0,0.0,0,0,0,0,0,0,0.0,0,0.0,0,0,0,,,,,threads,BS
ALC - Ghibli Fest,120242067064510402,OUTCOME_AWARENESS,2026-02-01,34506,28228,1.222403,46,0.13331,0.873913,1.165015,40.2,0.0,0,0.0,0.0,0,0.0,0.0,0,0.0,0,0,0,0,0,0,0.0,0,0.0,0,0,0,,,,,facebook,BS
ALC - Ghibli Fest,120242067064510402,OUTCOME_AWARENESS,2026-02-01,77501,57630,1.344803,90,0.116128,1.013,1.176372,91.17,75.0,0,1.2156,12.0,0,7.5975,0.0,0,0.0,0,0,0,0,0,0,0.0,0,0.0,0,0,0,,,,,instagram,BS
ALC - Moda Feminina | Verão - AON,120242067169520402,OUTCOME_AWARENESS,2026-02-01,29734,23390,1.271227,17,0.057174,2.03,1.160624,34.51,0.0,0,0.0,0.0,0,0.0,0.0,0,0.0,0,0,0,0,0,0,0.0,0,0.0,0,0,0,,,,,facebook,BS
ALC - Moda Feminina | Verão - AON,120242067169520402,OUTCOME_AWARENESS,2026-02-01,101413,73889,1.372505,72,0.070997,1.709861,1.213947,123.11,55.0,0,2.238364,0.0,0,0.0,0.0,0,0.0,0,0,0,0,0,0,0.0,0,0.0,0,0,0,36.0,9.0,3.0,3.0,instagram,BS
ALC - Moda Masculina - AON,120242067335900402,OUTCOME_AWARENESS,2026-02-01,1216,1152,1.055556,0,0.0,0.0,1.192343,1.449889,0.0,0,0.0,0.0,0,0.0,0.0,0,0.0,0,0,0,0,0,0,0.0,0,0.0,0,0,0,,,,,facebook,BS
ALC - Moda Masculina - AON,120242067335900402,OUTCOME_AWARENESS,2026-02-01,103837,74606,1.391805,83,0.079933,1.561447,1.248111,129.600111,58.0,0,2.234485,0.0,0,0.0,0.0,0,0.0,0,0,0,0,0,0,0.0,0,0.0,0,0,0,732.0,140.0,45.0,24.0,instagram,BS
ALC - Moda Masculina - AON,120242067335900402,OUTCOME_AWARENESS,2026-02-01,1,1,1.0,0,0.0,0.0,0.0,0.0,0.0,0,0.0,0.0,0,0.0,0.0,0,0.0,0,0,0,0,0,0,0.0,0,0.0,0,0,0,,,,,unknown,BS
ALC - Lojas Corredor Zara,120242067408940402,OUTCOME_AWARENESS,2026-02-01,1306,1275,1.024314,1,0.07657,1.40991,1.079564,1.40991,0.0,0,0.0,0.0,0,0.0,0.0,0,0.0,0,0,0,0,0,0,0.0,0,0.0,0,0,0,,,,,facebook,BS
ALC - Lojas Corredor Zara,120242067408940402,OUTCOME_AWARENESS,2026-02-01,131873,68100,1.936461,133,0.100855,1.170753,1.180758,155.71009,98.0,0,1.588878,2.0,0,77.855045,0.0,0,0.0,0,0,0,0,0,0,0.0,0,0.0,0,0,0,1598.0,674.0,268.0,140.0,instagram,BS
ALC - Ghibli Fest,120242067064510402,OUTCOME_AWARENESS,2026-03-01,22573,20479,1.102251,18,0.079741,1.152778,0.91924,20.75,0.0,0,0.0,0.0,0,0.0,0.0,0,0.0,0,0,0,0,0,0,0.0,0,0.0,0,0,0,,,,,facebook,BS
ALC - Ghibli Fest,120242067064510402,OUTCOME_AWARENESS,2026-03-01,39420,37471,1.052014,43,0.109082,0.916047,0.999239,39.39,32.0,0,1.230938,0.0,0,0.0,1.0,0,39.39,0,0,0,0,0,0,1.0,0,39.39,0,0,0,,,,,instagram,BS
ALC - Moda Feminina | Verão - AON,120242067169520402,OUTCOME_AWARENESS,2026-03-01,73320,57096,1.284153,25,0.034097,2.735691,0.932792,68.392279,0.0,0,0.0,0.0,0,0.0,0.0,0,0.0,0,0,0,0,0,0,0.0,0,0.0,0,0,0,,,,,facebook,BS
ALC - Moda Feminina | Verão - AON,120242067169520402,OUTCOME_AWARENESS,2026-03-01,215355,132234,1.62859,188,0.087298,1.232435,1.075887,231.697721,139.0,0,1.66689,0.0,0,0.0,0.0,0,0.0,0,0,0,0,0,0,0.0,0,0.0,0,0,0,228.0,63.0,38.0,29.0,instagram,BS
ALC - Moda Masculina - AON,120242067335900402,OUTCOME_AWARENESS,2026-03-01,99048,68698,1.441789,45,0.045433,2.310183,1.049574,103.958224,3.0,0,34.652741,0.0,0,0.0,1.0,0,103.958224,0,0,0,0,0,0,8.0,0,12.994778,0,0,0,,,,,facebook,BS
ALC - Moda Masculina - AON,120242067335900402,OUTCOME_AWARENESS,2026-03-01,127172,84260,1.509281,116,0.091215,1.283291,1.170555,148.861776,91.0,0,1.635844,0.0,0,0.0,2.0,0,74.430888,0,0,0,0,0,0,12.0,0,12.405148,0,0,0,147.0,28.0,12.0,9.0,instagram,BS
ALC - Lojas Corredor Zara,120242067408940402,OUTCOME_AWARENESS,2026-03-01,95645,78264,1.222082,6,0.006273,12.51199,0.784902,75.071937,0.0,0,0.0,0.0,0,0.0,1.0,0,75.071937,0,0,0,0,0,0,12.0,0,6.255995,0,0,0,,,,,facebook,BS
ALC - Lojas Corredor Zara,120242067408940402,OUTCOME_AWARENESS,2026-03-01,281978,133463,2.11278,290,0.102845,1.077304,1.107952,312.418063,199.0,0,1.56994,0.0,0,0.0,4.0,0,78.104516,0,0,0,0,0,0,36.0,0,8.67828,0,0,0,3084.0,1159.0,484.0,275.0,instagram,BS
ALC - GASTRONOMIA - BS,120242410811390402,OUTCOME_AWARENESS,2026-03-01,270872,193188,1.402116,172,0.063499,1.884868,1.196865,324.197229,10.0,0,32.419723,0.0,0,0.0,1.0,0,324.197229,0,0,0,0,0,0,23.0,0,14.095532,0,0,0,,,,,facebook,BS
ALC - GASTRONOMIA - BS,120242410811390402,OUTCOME_AWARENESS,2026-03-01,792012,481302,1.645561,796,0.100504,1.282843,1.289302,1021.142771,648.0,0,1.575838,0.0,0,0.0,2.0,0,510.571385,0,0,0,0,0,0,59.0,0,17.307505,0,0,0,,,,,instagram,BS
ALC - UNIZUSHI + DULADU,120242554636430402,OUTCOME_AWARENESS,2026-03-01,53546,37076,1.444223,108,0.201696,0.599744,1.209658,64.772343,23.0,0,2.816189,13.0,0,4.982488,0.0,0,0.0,0,0,0,0,0,0,0.0,0,0.0,0,0,0,542.0,171.0,74.0,45.0,facebook,BS
ALC - UNIZUSHI + DULADU,120242554636430402,OUTCOME_AWARENESS,2026-03-01,174619,122704,1.423091,145,0.083038,1.457156,1.209992,211.287644,123.0,0,1.717786,77.0,0,2.743995,0.0,0,0.0,0,0,0,0,0,0,0.0,0,0.0,0,0,0,989.0,196.0,114.0,77.0,instagram,BS
ALC - UNIZUSHI + DULADU,120242554636430402,OUTCOME_AWARENESS,2026-03-01,272,250,1.088,1,0.367647,0.350013,1.286811,0.350013,1.0,0,0.350013,1.0,0,0.350013,0.0,0,0.0,0,0,0,0,0,0,0.0,0,0.0,0,0,0,13.0,1.0,1.0,,threads,BS
ALC - Gastronomia — AON,120217368581940157,OUTCOME_AWARENESS,2025-12-11,495003,313058,1.581186,407,0.082222,1.554177,1.277871,632.55,256.0,0,2.470898,0.0,0,0.0,0.0,0,0.0,0,0,0,0,0,0,0.0,0,0.0,0,0,0,3610.0,1361.0,483.0,318.0,instagram,NK
ALC - Promo Natal 25,120234188543950157,OUTCOME_AWARENESS,2025-12-11,582782,382454,1.523796,1042,0.178798,0.691391,1.23619,720.42935,644.0,0,1.118679,0.0,0,0.0,0.0,0,0.0,0,0,0,0,0,0,0.0,0,0.0,0,0,0,2635.0,832.0,456.0,281.0,facebook,NK
ALC - Promo Natal 25,120234188543950157,OUTCOME_AWARENESS,2025-12-11,474544,311082,1.525463,621,0.130862,0.955589,1.250507,593.42065,514.0,0,1.154515,0.0,0,0.0,0.0,0,0.0,0,0,0,0,0,0,0.0,0,0.0,0,0,0,1033.0,382.0,208.0,131.0,instagram,NK
TRAF - Promo Natal 25,120234188664020157,LINK_CLICKS,2025-12-11,662,392,1.688776,25,3.776435,0.375631,14.185476,9.390785,25.0,0,0.375631,8.0,0,1.173848,0.0,0,0.0,0,0,0,0,0,0,0.0,0,0.0,0,0,0,114.0,66.0,48.0,32.0,audience_network,NK
TRAF - Promo Natal 25,120234188664020157,LINK_CLICKS,2025-12-11,291164,94964,3.066046,8595,2.951945,0.147398,4.351108,1266.885958,5685.0,0,0.222847,2508.0,0,0.505138,0.0,0,0.0,0,0,0,0,0,0,0.0,0,0.0,0,0,0,12151.0,4543.0,2538.0,1357.0,facebook,NK
TRAF - Promo Natal 25,120234188664020157,LINK_CLICKS,2025-12-11,8173,4936,1.655794,207,2.53273,0.188132,4.764867,38.943257,195.0,0,0.199709,127.0,0,0.30664,0.0,0,0.0,0,0,0,0,0,0,0.0,0,0.0,0,0,0,348.0,135.0,57.0,38.0,instagram,NK
ALC - Mercado Shelf,120234830692550157,OUTCOME_AWARENESS,2025-12-11,48573,45630,1.064497,43,0.088527,1.75907,1.557244,75.64,32.0,0,2.36375,0.0,0,0.0,0.0,0,0.0,0,0,0,0,0,0,0.0,0,0.0,0,0,0,314.0,51.0,21.0,12.0,instagram,NK
ALC - Feira Pet,120235844541760157,OUTCOME_AWARENESS,2025-12-11,85257,84511,1.008827,98,0.114947,1.536122,1.76572,150.54,72.0,0,2.090833,0.0,0,0.0,0.0,0,0.0,0,0,0,0,0,0,0.0,0,0.0,0,0,0,,,,,instagram,NK
ALC - Carrossel das Renas,120236216503990157,OUTCOME_AWARENESS,2025-12-11,330148,258081,1.279242,378,0.114494,1.322725,1.514442,499.99,276.0,0,1.811558,0.0,0,0.0,0.0,0,0.0,0,0,0,0,0,0,0.0,0,0.0,0,0,0,5469.0,3464.0,1401.0,359.0,instagram,NK
ALC - Decoração itens de Natal,120236216543100157,OUTCOME_AWARENESS,2025-12-11,316442,261921,1.208158,367,0.115977,1.362371,1.580037,499.99,258.0,0,1.937946,0.0,0,0.0,0.0,0,0.0,0,0,0,0,0,0,0.0,0,0.0,0,0,0,1543.0,210.0,107.0,62.0,instagram,NK
ALC - LOOKS DE FIM DE ANO,120236217385520157,OUTCOME_AWARENESS,2025-12-11,155036,109820,1.411728,181,0.116747,1.104586,1.289571,199.93,128.0,0,1.561953,0.0,0,0.0,0.0,0,0.0,0,0,0,0,0,0,0.0,0,0.0,0,0,0,682.0,113.0,56.0,33.0,instagram,NK
ALC - Amigo Secreto no NK,120236217481630157,OUTCOME_AWARENESS,2025-12-11,167900,135547,1.238685,283,0.168553,0.883322,1.488862,249.98,175.0,0,1.428457,0.0,0,0.0,0.0,0,0.0,0,0,0,0,0,0,0.0,0,0.0,0,0,0,321.0,136.0,105.0,41.0,instagram,NK
ALC - McDonalds,120236217571610157,OUTCOME_AWARENESS,2025-12-11,153231,109576,1.398399,237,0.154668,0.843544,1.304697,199.92,150.0,0,1.3328,0.0,0,0.0,0.0,0,0.0,0,0,0,0,0,0,0.0,0,0.0,0,0,0,1434.0,353.0,181.0,84.0,instagram,NK
ALC - Arezzo,120236324569710157,OUTCOME_AWARENESS,2025-12-11,231126,165971,1.392569,373,0.161384,0.804236,1.297907,299.98,199.0,0,1.507437,0.0,0,0.0,0.0,0,0.0,0,0,0,0,0,0,0.0,0,0.0,0,0,0,13701.0,4727.0,2330.0,1616.0,instagram,NK
ALC - Gastronomia — AON,120217368581940157,OUTCOME_AWARENESS,2026-01-01,892809,481289,1.855037,550,0.061603,1.682164,1.036269,925.19,292.0,0,3.168459,0.0,0,0.0,0.0,0,0.0,0,0,0,0,0,0,0.0,0,0.0,0,0,0,6932.0,3060.0,1151.0,731.0,instagram,NK
ALC - Promo Natal 25,120234188543950157,OUTCOME_AWARENESS,2026-01-01,371152,307593,1.206633,602,0.162198,0.515249,0.835723,310.180127,377.0,0,0.822759,0.0,0,0.0,0.0,0,0.0,0,0,0,0,0,0,0.0,0,0.0,0,0,0,1756.0,605.0,322.0,209.0,facebook,NK
ALC - Promo Natal 25,120234188543950157,OUTCOME_AWARENESS,2026-01-01,380313,341421,1.113912,453,0.119112,0.676115,0.805336,306.279873,350.0,0,0.875085,0.0,0,0.0,0.0,0,0.0,0,0,0,0,0,0,0.0,0,0.0,0,0,0,1062.0,430.0,181.0,113.0,instagram,NK
TRAF - Promo Natal 25,120234188664020157,LINK_CLICKS,2026-01-01,503,275,1.829091,34,6.759443,0.178551,12.069057,6.070736,35.0,0,0.17345,11.0,0,0.551885,0.0,0,0.0,0,0,0,0,0,0,0.0,0,0.0,0,0,0,102.0,73.0,52.0,38.0,audience_network,NK
TRAF - Promo Natal 25,120234188664020157,LINK_CLICKS,2026-01-01,112767,56633,1.991189,3777,3.349384,0.120698,4.04263,455.875258,3036.0,0,0.150157,1622.0,0,0.281058,0.0,0,0.0,0,0,0,0,0,0,0.0,0,0.0,0,0,0,7624.0,2547.0,1803.0,1454.0,facebook,NK
TRAF - Promo Natal 25,120234188664020157,LINK_CLICKS,2026-01-01,13087,7879,1.660998,307,2.345839,0.107668,2.525713,33.054007,265.0,0,0.124732,193.0,0,0.171264,0.0,0,0.0,0,0,0,0,0,0,0.0,0,0.0,0,0,0,49.0,19.0,10.0,6.0,instagram,NK
TRAF - Promo Natal 25,120234188664020157,LINK_CLICKS,2026-01-01,2,2,1.0,0,0.0,0.0,0.0,0.0,0.0,0,0.0,0.0,0,0.0,0.0,0,0.0,0,0,0,0,0,0,0.0,0,0.0,0,0,0,,,,,messenger,NK
ALC - Arena Super Games,120236945555570157,OUTCOME_AWARENESS,2026-01-01,705570,440769,1.60077,1108,0.157036,0.840437,1.31979,931.204378,319.0,0,2.919136,0.0,0,0.0,0.0,0,0.0,0,0,0,0,0,0,0.0,0,0.0,0,0,0,5648.0,1767.0,927.0,624.0,facebook,NK
ALC - Arena Super Games,120236945555570157,OUTCOME_AWARENESS,2026-01-01,508975,388173,1.311207,394,0.07741,1.839964,1.424325,724.945623,6.0,0,120.824271,0.0,0,0.0,0.0,0,0.0,0,0,0,0,0,0,0.0,0,0.0,0,0,0,6617.0,3031.0,1011.0,645.0,instagram,NK
ALC - Arena Super Games,120236945555570157,OUTCOME_AWARENESS,2026-01-01,185,185,1.0,0,0.0,0.0,1.189182,0.219999,0.0,0,0.0,0.0,0,0.0,0.0,0,0.0,0,0,0,0,0,0,0.0,0,0.0,0,0,0,31.0,12.0,5.0,1.0,threads,NK
ALC - LIQUIDA,120237106180890157,OUTCOME_AWARENESS,2026-01-01,1525504,1153817,1.322137,1829,0.119895,1.638983,1.965055,2997.7,1297.0,0,2.311257,0.0,0,0.0,0.0,0,0.0,0,0,0,0,0,0,0.0,0,0.0,0,0,0,25741.0,10409.0,6213.0,4463.0,instagram,NK
ALC - Cinema - AON,120237502551570157,OUTCOME_AWARENESS,2026-01-01,139511,95088,1.467178,196,0.140491,0.802812,1.127877,157.351219,33.0,0,4.768219,0.0,0,0.0,0.0,0,0.0,0,0,0,0,0,0,0.0,0,0.0,0,0,0,23847.0,9860.0,5592.0,3948.0,facebook,NK
ALC - Cinema - AON,120237502551570157,OUTCOME_AWARENESS,2026-01-01,171259,102202,1.675691,151,0.088171,1.33125,1.173771,201.018782,75.0,0,2.68025,0.0,0,0.0,0.0,0,0.0,0,0,0,0,0,0,0.0,0,0.0,0,0,0,19859.0,7615.0,3734.0,2620.0,instagram,NK
ALC - Gastronomia — AON,120217368581940157,OUTCOME_AWARENESS,2026-02-01,715500,388650,1.840988,534,0.074633,1.572622,1.173697,839.78,311.0,0,2.700257,0.0,0,0.0,0.0,0,0.0,0,0,0,0,0,0,0.0,0,0.0,0,0,0,5028.0,2062.0,683.0,434.0,instagram,NK
ALC - Arena Super Games,120236945555570157,OUTCOME_AWARENESS,2026-02-01,510633,311523,1.63915,1155,0.22619,0.553146,1.25116,638.883466,45.0,0,14.19741,0.0,0,0.0,0.0,0,0.0,0,0,0,0,0,0,0.0,0,0.0,0,0,0,13150.0,3857.0,1914.0,1170.0,facebook,NK
ALC - Arena Super Games,120236945555570157,OUTCOME_AWARENESS,2026-02-01,949718,587416,1.616772,622,0.065493,1.932663,1.265762,1202.116521,12.0,0,100.176377,0.0,0,0.0,0.0,0,0.0,0,0,0,0,0,0,0.0,0,0.0,0,0,0,11707.0,5275.0,1698.0,1064.0,instagram,NK
ALC - Arena Super Games,120236945555570157,OUTCOME_AWARENESS,2026-02-01,2038,1815,1.122865,0,0.0,0.0,1.221793,2.490014,0.0,0,0.0,0.0,0,0.0,0.0,0,0.0,0,0,0,0,0,0,0.0,0,0.0,0,0,0,253.0,78.0,33.0,17.0,threads,NK
ALC - Cinema - AON,120237502551570157,OUTCOME_AWARENESS,2026-02-01,703791,305175,2.306188,1114,0.158286,0.661919,1.047722,737.377525,53.0,0,13.912783,0.0,0,0.0,0.0,0,0.0,0,0,0,0,0,0,0.0,0,0.0,0,0,0,98368.0,38452.0,22322.0,16279.0,facebook,NK
ALC - Cinema - AON,120237502551570157,OUTCOME_AWARENESS,2026-02-01,224600,113143,1.985099,193,0.085931,1.256852,1.08002,242.572475,93.0,0,2.608306,0.0,0,0.0,0.0,0,0.0,0,0,0,0,0,0,0.0,0,0.0,0,0,0,24593.0,8996.0,4471.0,3103.0,instagram,NK
ALC - Coleção Boca Rosa Adidas,120238011056000157,OUTCOME_AWARENESS,2026-02-01,147906,77647,1.904851,134,0.090598,1.423507,1.28967,190.75,72.0,0,2.649306,0.0,0,0.0,0.0,0,0.0,0,0,0,0,0,0,0.0,0,0.0,0,0,0,2400.0,1117.0,388.0,221.0,instagram,NK
ALC - Oficinas de Carnaval no Neumarkt Shopping,120238012028540157,OUTCOME_AWARENESS,2026-02-01,57813,37377,1.546753,38,0.065729,1.566467,1.029626,59.52576,4.0,0,14.88144,0.0,0,0.0,0.0,0,0.0,0,0,0,0,0,0,0.0,0,0.0,0,0,0,,,,,facebook,NK
ALC - Oficinas de Carnaval no Neumarkt Shopping,120238012028540157,OUTCOME_AWARENESS,2026-02-01,73937,42342,1.746186,74,0.100085,1.092895,1.093826,80.87424,64.0,0,1.26366,0.0,0,0.0,0.0,0,0.0,0,0,0,0,0,0,0.0,0,0.0,0,0,0,,,,,instagram,NK
ENG - Conteúdos - Fev,120238024409700157,OUTCOME_ENGAGEMENT,2026-02-01,140856,51005,2.761612,258,0.183166,3.016085,5.524436,778.15,45.0,0,17.292222,0.0,0,0.0,0.0,0,0.0,0,0,0,0,0,0,0.0,0,0.0,0,0,0,22734.0,11819.0,7254.0,5204.0,instagram,NK
ALC - Semana do Cinema,120238152179080157,OUTCOME_AWARENESS,2026-02-01,157485,122372,1.286937,136,0.086357,1.47,1.269454,199.92,81.0,0,2.468148,0.0,0,0.0,0.0,0,0.0,0,0,0,0,0,0,0.0,0,0.0,0,0,0,1626.0,819.0,207.0,124.0,instagram,NK
ALC- Valentine's Day,120238271108280157,OUTCOME_AWARENESS,2026-02-01,71284,56856,1.253764,79,0.110824,1.265063,1.401998,99.94,59.0,0,1.693898,0.0,0,0.0,0.0,0,0.0,0,0,0,0,0,0,0.0,0,0.0,0,0,0,524.0,97.0,62.0,40.0,instagram,NK
ALC - Moda Feminina,120238480775560157,OUTCOME_AWARENESS,2026-02-01,90156,59867,1.505938,42,0.046586,2.534524,1.180731,106.45,1.0,0,106.45,0.0,0,0.0,0.0,0,0.0,0,0,0,0,0,0,0.0,0,0.0,0,0,0,1501.0,715.0,260.0,146.0,instagram,NK
ALC - Feira Pet NK,120238544787450157,OUTCOME_AWARENESS,2026-02-01,133090,90552,1.469763,231,0.173567,0.596234,1.034864,137.73,55.0,0,2.504182,0.0,0,0.0,0.0,0,0.0,0,0,0,0,0,0,0.0,0,0.0,0,0,0,,,,,facebook,NK
ALC - Feira Pet NK,120238544787450157,OUTCOME_AWARENESS,2026-02-01,55662,43538,1.278469,71,0.127556,0.877042,1.118717,62.27,49.0,0,1.270816,0.0,0,0.0,0.0,0,0.0,0,0,0,0,0,0,0.0,0,0.0,0,0,0,,,,,instagram,NK
ALC - Promoção Meu Méqui,120238882009230157,OUTCOME_AWARENESS,2026-02-01,15725,15158,1.037406,32,0.203498,0.677813,1.379332,21.69,25.0,0,0.8676,0.0,0,0.0,0.0,0,0.0,0,0,0,0,0,0,0.0,0,0.0,0,0,0,,,,,instagram,NK
ALC - Poker NK,120238895400210157,OUTCOME_AWARENESS,2026-02-01,18462,14327,1.288616,81,0.438739,0.316543,1.388799,25.64,2.0,0,12.82,0.0,0,0.0,0.0,0,0.0,0,0,0,0,0,0,0.0,0,0.0,0,0,0,516.0,164.0,91.0,42.0,facebook,NK
ALC - Poker NK,120238895400210157,OUTCOME_AWARENESS,2026-02-01,8923,8100,1.101605,8,0.089656,1.5175,1.360529,12.14,1.0,0,12.14,0.0,0,0.0,0.0,0,0.0,0,0,0,0,0,0,0.0,0,0.0,0,0,0,84.0,42.0,11.0,5.0,instagram,NK
ENG - POKER,120238895417590157,OUTCOME_ENGAGEMENT,2026-02-01,1311,844,1.553318,107,8.161709,0.106262,8.672769,11.37,1.0,0,11.37,0.0,0,0.0,0.0,0,0.0,0,0,0,0,0,0,0.0,0,0.0,0,0,0,82.0,29.0,18.0,10.0,facebook,NK
ENG - POKER,120238895417590157,OUTCOME_ENGAGEMENT,2026-02-01,3582,2452,1.460848,2,0.055835,15.96,8.911223,31.92,0.0,0,0.0,0.0,0,0.0,0.0,0,0.0,0,0,0,0,0,0,0.0,0,0.0,0,0,0,74.0,25.0,16.0,10.0,instagram,NK
ALC - General Ly,120238922807440157,OUTCOME_AWARENESS,2026-02-01,10822,9223,1.173371,20,0.184809,0.673229,1.244186,13.464586,1.0,0,13.464586,0.0,0,0.0,0.0,0,0.0,0,0,0,0,0,0,0.0,0,0.0,0,0,0,97.0,34.0,20.0,10.0,facebook,NK
ALC - General Ly,120238922807440157,OUTCOME_AWARENESS,2026-02-01,8023,7698,1.042219,3,0.037393,3.801805,1.42159,11.405414,0.0,0,0.0,0.0,0,0.0,0.0,0,0.0,0,0,0,0,0,0,0.0,0,0.0,0,0,0,38.0,9.0,7.0,6.0,instagram,NK
ALC - Exposição Telomar,120238922924330157,OUTCOME_AWARENESS,2026-02-01,18059,18059,1.0,1,0.005537,24.35,1.348358,24.35,0.0,0,0.0,0.0,0,0.0,0.0,0,0.0,0,0,0,0,0,0,0.0,0,0.0,0,0,0,155.0,41.0,23.0,17.0,instagram,NK
ALC - Legueiros,120238935282320157,OUTCOME_AWARENESS,2026-02-01,33367,29614,1.126731,28,0.083915,1.380357,1.15833,38.65,10.0,0,3.865,0.0,0,0.0,0.0,0,0.0,0,0,0,0,0,0,0.0,0,0.0,0,0,0,,,,,facebook,NK
ALC - Legueiros,120238935282320157,OUTCOME_AWARENESS,2026-02-01,20145,19668,1.024253,28,0.138992,0.963929,1.339787,26.99,23.0,0,1.173478,0.0,0,0.0,0.0,0,0.0,0,0,0,0,0,0,0.0,0,0.0,0,0,0,,,,,instagram,NK
ALC - Legueiros,120238935282320157,OUTCOME_AWARENESS,2026-02-01,2,2,1.0,0,0.0,0.0,5.0,0.01,0.0,0,0.0,0.0,0,0.0,0.0,0,0.0,0,0,0,0,0,0,0.0,0,0.0,0,0,0,,,,,threads,NK
ALC - Gastronomia — AON,120217368581940157,OUTCOME_AWARENESS,2026-03-01,255648,228490,1.118859,190,0.074321,1.533,1.13934,291.27,125.0,0,2.33016,0.0,0,0.0,0.0,0,0.0,0,0,0,0,0,0,0.0,0,0.0,0,0,0,1541.0,609.0,239.0,140.0,instagram,NK
ALC - Cinema - AON,120237502551570157,OUTCOME_AWARENESS,2026-03-01,232480,152064,1.52883,446,0.191844,0.534551,1.025507,238.409964,38.0,0,6.273946,7.0,0,34.058566,0.0,0,0.0,0,0,0,0,0,0,0.0,0,0.0,0,0,0,63786.0,26760.0,15939.0,11975.0,facebook,NK
ALC - Cinema - AON,120237502551570157,OUTCOME_AWARENESS,2026-03-01,74740,57318,1.303953,52,0.069575,1.535578,1.068371,79.850036,32.0,0,2.495314,13.0,0,6.14231,0.0,0,0.0,0,0,0,0,0,0,0.0,0,0.0,0,0,0,12397.0,4570.0,2220.0,1534.0,instagram,NK
ALC - Moda Feminina,120238480775560157,OUTCOME_AWARENESS,2026-03-01,76235,53485,1.425353,24,0.031482,3.5725,1.12468,85.74,0.0,0,0.0,0.0,0,0.0,0.0,0,0.0,0,0,0,0,0,0,0.0,0,0.0,0,0,0,1211.0,533.0,191.0,118.0,instagram,NK
ALC - Promoção Meu Méqui,120238882009230157,OUTCOME_AWARENESS,2026-03-01,54617,40495,1.348734,102,0.186755,0.606961,1.13353,61.91,83.0,0,0.745904,0.0,0,0.0,0.0,0,0.0,0,0,0,0,0,0,0.0,0,0.0,0,0,0,,,,,instagram,NK
ALC - Poker NK,120238895400210157,OUTCOME_AWARENESS,2026-03-01,18940,13941,1.358583,62,0.32735,0.331129,1.083949,20.53,2.0,0,10.265,0.0,0,0.0,0.0,0,0.0,0,0,0,0,0,0,0.0,0,0.0,0,0,0,505.0,161.0,76.0,34.0,facebook,NK
ALC - Poker NK,120238895400210157,OUTCOME_AWARENESS,2026-03-01,13335,11939,1.116928,2,0.014998,7.305,1.095613,14.61,0.0,0,0.0,0.0,0,0.0,0.0,0,0.0,0,0,0,0,0,0,0.0,0,0.0,0,0,0,119.0,54.0,23.0,13.0,instagram,NK
ENG - POKER,120238895417590157,OUTCOME_ENGAGEMENT,2026-03-01,1550,961,1.612903,81,5.225806,0.119689,6.254719,9.694814,1.0,0,9.694814,0.0,0,0.0,0.0,0,0.0,0,0,0,0,0,0,0.0,0,0.0,0,0,0,74.0,27.0,18.0,10.0,facebook,NK
ENG - POKER,120238895417590157,OUTCOME_ENGAGEMENT,2026-03-01,5355,3497,1.531313,4,0.074697,7.646297,5.711519,30.585186,0.0,0,0.0,0.0,0,0.0,0.0,0,0.0,0,0,0,0,0,0,0.0,0,0.0,0,0,0,127.0,53.0,34.0,23.0,instagram,NK
ALC - General Ly,120238922807440157,OUTCOME_AWARENESS,2026-03-01,62518,38184,1.637283,112,0.179148,0.611485,1.095466,68.486312,7.0,0,9.783759,0.0,0,0.0,0.0,0,0.0,0,0,0,0,0,0,0.0,0,0.0,0,0,0,526.0,151.0,95.0,55.0,facebook,NK
ALC - General Ly,120238922807440157,OUTCOME_AWARENESS,2026-03-01,35441,25940,1.366268,16,0.045145,2.500855,1.129023,40.013688,1.0,0,40.013688,0.0,0,0.0,0.0,0,0.0,0,0,0,0,0,0,0.0,0,0.0,0,0,0,154.0,31.0,17.0,6.0,instagram,NK
ALC - Exposição Telomar,120238922924330157,OUTCOME_AWARENESS,2026-03-01,83618,60152,1.390112,26,0.031094,3.556923,1.105982,92.48,1.0,0,92.48,0.0,0,0.0,0.0,0,0.0,0,0,0,0,0,0,0.0,0,0.0,0,0,0,858.0,267.0,138.0,99.0,instagram,NK
ALC - Legueiros,120238935282320157,OUTCOME_AWARENESS,2026-03-01,308290,183649,1.678691,182,0.059035,1.949886,1.151122,354.879324,10.0,0,35.487932,0.0,0,0.0,0.0,0,0.0,0,0,0,0,0,0,0.0,0,0.0,0,0,0,,,,,facebook,NK
ALC - Legueiros,120238935282320157,OUTCOME_AWARENESS,2026-03-01,310253,187607,1.653739,396,0.127638,0.958891,1.223907,379.720676,315.0,0,1.205462,1.0,0,379.720676,0.0,0,0.0,0,0,0,0,0,0,0.0,0,0.0,0,0,0,,,,,instagram,NK
ALC - Semana do Consumidor,120239316518760157,OUTCOME_AWARENESS,2026-03-01,201951,177526,1.137585,182,0.090121,1.519451,1.369342,276.54,76.0,0,3.638684,0.0,0,0.0,0.0,0,0.0,0,0,0,0,0,0,0.0,0,0.0,0,0,0,938.0,190.0,98.0,69.0,instagram,NK
ALC - Páscoa,120239362078700157,OUTCOME_AWARENESS,2026-03-01,2726,2646,1.030234,5,0.183419,0.67,1.228907,3.35,0.0,0,0.0,0.0,0,0.0,0.0,0,0.0,0,0,0,0,0,0,0.0,0,0.0,0,0,0,24.0,8.0,3.0,3.0,facebook,NK
ALC - Páscoa,120239362078700157,OUTCOME_AWARENESS,2026-03-01,1904,1811,1.051353,0,0.0,0.0,1.313025,2.5,0.0,0,0.0,0.0,0,0.0,0.0,0,0.0,0,0,0,0,0,0,0.0,0,0.0,0,0,0,11.0,3.0,1.0,,instagram,NK
ALC | Moda Feminina,120218457714640075,OUTCOME_AWARENESS,2025-12-11,125,124,1.008065,0,0.0,0.0,1.040099,0.130012,0.0,0,0.0,0.0,0,0.0,0.0,0,0.0,0,0,0,0,0,0,0.0,0,0.0,0,0,0,2.0,,,,facebook,NR
ALC | Moda Feminina,120218457714640075,OUTCOME_AWARENESS,2025-12-11,166706,119626,1.39356,157,0.094178,1.336752,1.258923,209.869988,111.0,0,1.890721,11.0,0,19.07909,0.0,0,0.0,0,0,0,0,0,0,0.0,0,0.0,0,0,0,1767.0,688.0,280.0,190.0,instagram,NR
ALC | Moda masculina,120218468471470075,OUTCOME_AWARENESS,2025-12-11,168450,121203,1.389817,180,0.106857,1.175,1.255565,211.5,130.0,0,1.626923,0.0,0,0.0,0.0,0,0.0,0,0,0,0,0,0,0.0,0,0.0,0,0,0,4243.0,1561.0,862.0,560.0,instagram,NR
ALC - Lojas - Inauguração/ Gastronomia,120218470856850075,OUTCOME_AWARENESS,2025-12-11,157960,105108,1.502835,187,0.118384,1.111337,1.31565,207.82,117.0,0,1.776239,0.0,0,0.0,0.0,0,0.0,0,0,0,0,0,0,0.0,0,0.0,0,0,0,2175.0,814.0,464.0,176.0,instagram,NR
ALC - Lojas - Diversão,120226684244550075,OUTCOME_AWARENESS,2025-12-11,34887,34193,1.020297,45,0.128988,1.234667,1.59257,55.56,31.0,0,1.792258,0.0,0,0.0,0.0,0,0.0,0,0,0,0,0,0,0.0,0,0.0,0,0,0,,,,,instagram,NR
ALC - Natal Noel Decor,120234329536470075,OUTCOME_AWARENESS,2025-12-11,59118,55623,1.062834,73,0.123482,1.38,1.70405,100.74,55.0,0,1.831636,0.0,0,0.0,0.0,0,0.0,0,0,0,0,0,0,0.0,0,0.0,0,0,0,305.0,43.0,27.0,17.0,instagram,NR
ALC - NATAL 25,120234821449200075,OUTCOME_AWARENESS,2025-12-11,392032,281708,1.391625,876,0.223451,0.51702,1.155287,452.90965,434.0,0,1.043571,34.0,0,13.320872,0.0,0,0.0,0,0,0,0,0,0,0.0,0,0.0,0,0,0,4550.0,1507.0,817.0,495.0,facebook,NR
ALC - NATAL 25,120234821449200075,OUTCOME_AWARENESS,2025-12-11,251213,172918,1.452787,330,0.131363,0.941971,1.237398,310.85035,250.0,0,1.243401,0.0,0,0.0,0.0,0,0.0,0,0,0,0,0,0,0.0,0,0.0,0,0,0,1590.0,796.0,281.0,164.0,instagram,NR
TRAF - NATAL 25,120234821911100075,LINK_CLICKS,2025-12-11,160073,82669,1.936312,6924,4.325526,0.096752,4.185047,669.912956,3388.0,0,0.197731,2614.0,0,0.256279,0.0,0,0.0,0,0,0,0,0,0,0.0,0,0.0,0,0,0,3250.0,1642.0,1138.0,656.0,facebook,NR
TRAF - NATAL 25,120234821911100075,LINK_CLICKS,2025-12-11,8207,5469,1.50064,300,3.655416,0.139257,5.090416,41.777044,152.0,0,0.274849,143.0,0,0.292147,0.0,0,0.0,0,0,0,0,0,0,0.0,0,0.0,0,0,0,742.0,451.0,233.0,134.0,instagram,NR
ALC - Senhora Farinha,120235105425650075,OUTCOME_AWARENESS,2025-12-11,17053,17053,1.0,15,0.087961,2.029333,1.785023,30.44,6.0,0,5.073333,0.0,0,0.0,0.0,0,0.0,0,0,0,0,0,0,0.0,0,0.0,0,0,0,1112.0,633.0,271.0,64.0,instagram,NR
ALC - Cidadania Já,120235524827340075,OUTCOME_AWARENESS,2025-12-11,6514,6451,1.009766,5,0.076758,2.234,1.714768,11.17,5.0,0,2.234,0.0,0,0.0,0.0,0,0.0,0,0,0,0,0,0,0.0,0,0.0,0,0,0,82.0,24.0,14.0,5.0,instagram,NR
ALC - Nova Arezzo,120235811959840075,OUTCOME_AWARENESS,2025-12-11,4319,4119,1.048555,20,0.46307,0.273036,1.264348,5.460718,2.0,0,2.730359,0.0,0,0.0,0.0,0,0.0,0,0,0,0,0,0,0.0,0,0.0,0,0,0,65.0,24.0,12.0,9.0,facebook,NR
ALC - Nova Arezzo,120235811959840075,OUTCOME_AWARENESS,2025-12-11,206412,148356,1.391329,265,0.128384,1.127997,1.448168,298.919282,171.0,0,1.748066,0.0,0,0.0,0.0,0,0.0,0,0,0,0,0,0,0.0,0,0.0,0,0,0,2591.0,867.0,478.0,300.0,instagram,NR
ALC- Diário da lancheira,120235811993880075,OUTCOME_AWARENESS,2025-12-11,27402,26510,1.033648,33,0.120429,1.342424,1.61667,44.3,29.0,0,1.527586,0.0,0,0.0,0.0,0,0.0,0,0,0,0,0,0,0.0,0,0.0,0,0,0,30.0,8.0,5.0,3.0,instagram,NR
ALC - CHURRAS,120235922401180075,OUTCOME_AWARENESS,2025-12-11,101236,92631,1.092895,138,0.136315,1.423841,1.94091,196.49,89.0,0,2.207753,0.0,0,0.0,0.0,0,0.0,0,0,0,0,0,0,0.0,0,0.0,0,0,0,1339.0,493.0,282.0,191.0,instagram,NR
ENG - CHURRAS NR,120235922750610075,OUTCOME_ENGAGEMENT,2025-12-11,2761,1735,1.591354,28,1.014125,2.245714,22.774357,62.88,12.0,0,5.24,0.0,0,0.0,0.0,0,0.0,0,0,0,0,0,0,0.0,0,0.0,0,0,0,,,,,instagram,NR
ALC - Musical Chapeuzinho,120236583431100075,OUTCOME_AWARENESS,2025-12-11,135098,126195,1.07055,191,0.141379,1.32178,1.868718,252.46,161.0,0,1.568075,56.0,0,4.508214,0.0,0,0.0,0,0,0,0,0,0,0.0,0,0.0,0,0,0,43.0,21.0,11.0,9.0,instagram,NR
ALC - Árvore solidária,120236584388850075,OUTCOME_AWARENESS,2025-12-11,19403,18509,1.048301,15,0.077308,2.274,1.757976,34.11,12.0,0,2.8425,0.0,0,0.0,0.0,0,0.0,0,0,0,0,0,0,0.0,0,0.0,0,0,0,201.0,68.0,27.0,18.0,instagram,NR
ALC - Cine Materna,120236688425640075,OUTCOME_AWARENESS,2025-12-11,5673,5673,1.0,10,0.176274,0.954,1.68165,9.54,6.0,0,1.59,0.0,0,0.0,0.0,0,0.0,0,0,0,0,0,0,0.0,0,0.0,0,0,0,76.0,38.0,5.0,3.0,instagram,NR
ALC - Oficina de Decoupage Mundo Kids,120236859772950075,OUTCOME_AWARENESS,2025-12-11,51435,50520,1.018112,79,0.153592,1.012152,1.554583,79.96,68.0,0,1.175882,0.0,0,0.0,0.0,0,0.0,0,0,0,0,0,0,0.0,0,0.0,0,0,0,,,,,instagram,NR
ALC - Comedy Show,120237038393530075,OUTCOME_AWARENESS,2025-12-11,51913,51913,1.0,85,0.163735,0.940706,1.540269,79.96,58.0,0,1.378621,0.0,0,0.0,0.0,0,0.0,0,0,0,0,0,0,0.0,0,0.0,0,0,0,6.0,1.0,,,instagram,NR
ALC - Avatar 3,120237105275340075,OUTCOME_AWARENESS,2025-12-11,55603,53401,1.041235,45,0.080931,1.777556,1.438591,79.99,39.0,0,2.051026,0.0,0,0.0,0.0,0,0.0,0,0,0,0,0,0,0.0,0,0.0,0,0,0,,,,,instagram,NR
ALC - Feira do Vinil,120237294424520075,OUTCOME_AWARENESS,2025-12-11,98212,95529,1.028086,114,0.116075,1.315702,1.527206,149.99,92.0,0,1.630326,0.0,0,0.0,0.0,0,0.0,0,0,0,0,0,0,0.0,0,0.0,0,0,0,,,,,instagram,NR
ALC - Panetone Cacau Show,120237294698980075,OUTCOME_AWARENESS,2025-12-11,81061,62756,1.291685,111,0.136934,0.819279,1.121871,90.94,81.0,0,1.122716,0.0,0,0.0,0.0,0,0.0,0,0,0,0,0,0,0.0,0,0.0,0,0,0,2148.0,1135.0,297.0,148.0,instagram,NR
ALC | Moda Feminina,120218457714640075,OUTCOME_AWARENESS,2026-01-01,299951,205874,1.456964,258,0.086014,1.197442,1.029968,308.94,177.0,0,1.745424,28.0,0,11.033571,0.0,0,0.0,0,0,0,0,0,0,0.0,0,0.0,0,0,0,4971.0,1894.0,930.0,628.0,instagram,NR
ALC | Moda masculina,120218468471470075,OUTCOME_AWARENESS,2026-01-01,298218,192960,1.545491,239,0.080143,1.290042,1.033875,308.32,169.0,0,1.824379,0.0,0,0.0,0.0,0,0.0,0,0,0,0,0,0,0.0,0,0.0,0,0,0,10116.0,3497.0,1949.0,1340.0,instagram,NR
ALC - Lojas - Inauguração/ Gastronomia,120218470856850075,OUTCOME_AWARENESS,2026-01-01,285745,169406,1.686747,266,0.09309,1.161391,1.081139,308.93,188.0,0,1.643245,0.0,0,0.0,0.0,0,0.0,0,0,0,0,0,0,0.0,0,0.0,0,0,0,3405.0,1235.0,678.0,347.0,instagram,NR
ALC - NATAL 25,120234821449200075,OUTCOME_AWARENESS,2026-01-01,217723,183608,1.185803,439,0.201632,0.395341,0.797136,173.554736,115.0,0,1.509172,2.0,0,86.777368,0.0,0,0.0,0,0,0,0,0,0,0.0,0,0.0,0,0,0,5699.0,1854.0,956.0,572.0,facebook,NR
ALC - NATAL 25,120234821449200075,OUTCOME_AWARENESS,2026-01-01,227147,206120,1.102013,216,0.095093,0.832293,0.791449,179.775264,148.0,0,1.214698,1.0,0,179.775264,0.0,0,0.0,0,0,0,0,0,0,0.0,0,0.0,0,0,0,2433.0,1071.0,392.0,243.0,instagram,NR
TRAF - NATAL 25,120234821911100075,LINK_CLICKS,2026-01-01,84282,52751,1.597733,3823,4.535963,0.05804,2.632691,221.888462,1522.0,0,0.145787,1231.0,0,0.180251,0.0,0,0.0,0,0,0,0,0,0,0.0,0,0.0,0,0,0,4427.0,2187.0,1529.0,975.0,facebook,NR
TRAF - NATAL 25,120234821911100075,LINK_CLICKS,2026-01-01,10840,7411,1.462691,332,3.062731,0.121511,3.721544,40.341538,255.0,0,0.158202,254.0,0,0.158825,0.0,0,0.0,0,0,0,0,0,0,0.0,0,0.0,0,0,0,1070.0,586.0,342.0,223.0,instagram,NR
ALC - Nova Arezzo,120235811959840075,OUTCOME_AWARENESS,2026-01-01,143040,122504,1.167635,131,0.091583,0.957252,0.876678,125.4,89.0,0,1.408989,0.0,0,0.0,0.0,0,0.0,0,0,0,0,0,0,0.0,0,0.0,0,0,0,1371.0,456.0,268.0,135.0,instagram,NR
ALC - Panetone Cacau Show,120237294698980075,OUTCOME_AWARENESS,2026-01-01,67818,63609,1.06617,80,0.117963,0.598875,0.70645,47.91,55.0,0,0.871091,0.0,0,0.0,0.0,0,0.0,0,0,0,0,0,0,0.0,0,0.0,0,0,0,1728.0,804.0,237.0,115.0,instagram,NR
ALC - Dragões,120238057106590075,OUTCOME_AWARENESS,2026-01-01,360013,308975,1.165185,267,0.074164,1.869813,1.386728,499.24,12.0,0,41.603333,0.0,0,0.0,0.0,0,0.0,0,0,0,0,0,0,0.0,0,0.0,0,0,0,,,,,instagram,NR
ALC - LIQUIDA 25,120238153011580075,OUTCOME_AWARENESS,2026-01-01,1393297,1064791,1.308517,1692,0.121439,1.767335,2.146226,2990.33,1281.0,0,2.334372,3.0,0,996.776667,0.0,0,0.0,0,0,0,0,0,0,0.0,0,0.0,0,0,0,38278.0,17233.0,9931.0,6154.0,instagram,NR
ALC - VOLTA AS AULAS,120238242974080075,OUTCOME_AWARENESS,2026-01-01,234106,160450,1.459059,433,0.184959,0.815081,1.507565,352.93,238.0,0,1.482899,1.0,0,352.93,0.0,0,0.0,0,0,0,0,0,0,0.0,0,0.0,0,0,0,2525.0,945.0,537.0,355.0,instagram,NR
ALC - Wow Park,120238243719230075,OUTCOME_AWARENESS,2026-01-01,356975,228112,1.564911,567,0.158835,0.850476,1.350851,482.22,307.0,0,1.570749,1.0,0,482.22,0.0,0,0.0,0,0,0,0,0,0,0.0,0,0.0,0,0,0,4233.0,1067.0,510.0,311.0,instagram,NR
ALC - PISTA DE PATINAÇAO,120238346134830075,OUTCOME_AWARENESS,2026-01-01,434060,232385,1.867849,892,0.205502,0.670235,1.377344,597.85,457.0,0,1.308206,2.0,0,298.925,0.0,0,0.0,0,0,0,0,0,0,0.0,0,0.0,0,0,0,20489.0,7338.0,3733.0,2595.0,instagram,NR
ENG - GANHADOR CARRO,120238391288220075,OUTCOME_ENGAGEMENT,2026-01-01,21480,18790,1.143161,81,0.377095,1.234321,4.654562,99.98,31.0,0,3.225161,0.0,0,0.0,0.0,0,0.0,0,0,0,0,0,0,0.0,0,0.0,0,0,0,3155.0,2180.0,1313.0,703.0,instagram,NR
ALC - Inauguração Freddo Gelateria,120238539202460075,OUTCOME_AWARENESS,2026-01-01,241136,139012,1.734642,249,0.103261,1.235382,1.27567,307.61,180.0,0,1.708944,0.0,0,0.0,0.0,0,0.0,0,0,0,0,0,0,0.0,0,0.0,0,0,0,,,,,instagram,NR
ALC - Dragões,120238712803660075,OUTCOME_AWARENESS,2026-01-01,105814,73862,1.432591,279,0.26367,0.488172,1.287164,136.2,17.0,0,8.011765,6.0,0,22.7,0.0,0,0.0,0,0,0,0,0,0,0.0,0,0.0,0,0,0,1018.0,320.0,172.0,71.0,facebook,NR
ALC - Dragões,120238712803660075,OUTCOME_AWARENESS,2026-01-01,113616,84566,1.343519,154,0.135544,0.994156,1.347521,153.1,97.0,0,1.578351,39.0,0,3.925641,0.0,0,0.0,0,0,0,0,0,0,0.0,0,0.0,0,0,0,729.0,179.0,105.0,51.0,instagram,NR
ALC - Show Kpop,120238712911550075,OUTCOME_AWARENESS,2026-01-01,193861,125356,1.546484,324,0.16713,0.847114,1.415782,274.465009,5.0,0,54.893002,0.0,0,0.0,0.0,0,0.0,0,0,0,0,0,0,0.0,0,0.0,0,0,0,16999.0,5244.0,2753.0,1421.0,facebook,NR
ALC - Show Kpop,120238712911550075,OUTCOME_AWARENESS,2026-01-01,192263,127782,1.504617,184,0.095702,1.496875,1.432543,275.424991,15.0,0,18.361666,0.0,0,0.0,0.0,0,0.0,0,0,0,0,0,0,0.0,0,0.0,0,0,0,9159.0,4563.0,2986.0,1868.0,instagram,NR
ALC | Moda Feminina,120218457714640075,OUTCOME_AWARENESS,2026-02-01,2605,2539,1.025994,6,0.230326,0.52,1.197697,3.12,0.0,0,0.0,0.0,0,0.0,0.0,0,0.0,0,0,0,0,0,0,0.0,0,0.0,0,0,0,106.0,36.0,19.0,10.0,facebook,NR
ALC | Moda Feminina,120218457714640075,OUTCOME_AWARENESS,2026-02-01,316241,218432,1.447778,272,0.08601,1.466801,1.261601,398.97,199.0,0,2.004874,20.0,0,19.9485,0.0,0,0.0,0,0,0,0,0,0,0.0,0,0.0,0,0,0,4584.0,1797.0,934.0,660.0,instagram,NR
ALC | Moda masculina,120218468471470075,OUTCOME_AWARENESS,2026-02-01,320716,208215,1.540312,334,0.104142,1.216467,1.266853,406.3,245.0,0,1.658367,0.0,0,0.0,0.0,0,0.0,0,0,0,0,0,0,0.0,0,0.0,0,0,0,10635.0,3756.0,2087.0,1449.0,instagram,NR
ALC - Lojas - Inauguração/ Gastronomia,120218470856850075,OUTCOME_AWARENESS,2026-02-01,428109,271473,1.576986,495,0.115625,1.169596,1.352343,578.95,341.0,0,1.697801,3.0,0,192.983333,0.0,0,0.0,0,0,0,0,0,0,0.0,0,0.0,0,0,0,4309.0,1490.0,766.0,425.0,instagram,NR
ALC - VOLTA AS AULAS,120238242974080075,OUTCOME_AWARENESS,2026-02-01,101911,99458,1.024664,140,0.137375,1.05,1.442435,147.0,95.0,0,1.547368,0.0,0,0.0,0.0,0,0.0,0,0,0,0,0,0,0.0,0,0.0,0,0,0,1532.0,543.0,319.0,212.0,instagram,NR
ALC - Wow Park,120238243719230075,OUTCOME_AWARENESS,2026-02-01,521883,279555,1.866835,758,0.145243,0.923166,1.340837,699.76,511.0,0,1.369393,3.0,0,233.253333,0.0,0,0.0,0,0,0,0,0,0,0.0,0,0.0,0,0,0,3402.0,883.0,445.0,275.0,instagram,NR
ALC - PISTA DE PATINAÇAO,120238346134830075,OUTCOME_AWARENESS,2026-02-01,1203314,430595,2.794538,1371,0.113935,1.107571,1.261915,1518.48,828.0,0,1.833913,6.0,0,253.08,0.0,0,0.0,0,0,0,0,0,0,0.0,0,0.0,0,0,0,11448.0,5062.0,2016.0,1223.0,instagram,NR
ALC - Inauguração Freddo Gelateria,120238539202460075,OUTCOME_AWARENESS,2026-02-01,140722,69060,2.037677,350,0.248717,0.489928,1.218537,171.47495,29.0,0,5.912929,0.0,0,0.0,0.0,0,0.0,0,0,0,0,0,0,0.0,0,0.0,0,0,0,2996.0,766.0,434.0,304.0,facebook,NR
ALC - Inauguração Freddo Gelateria,120238539202460075,OUTCOME_AWARENESS,2026-02-01,427103,196152,2.177408,446,0.104424,1.138083,1.188437,507.58505,336.0,0,1.51067,0.0,0,0.0,0.0,0,0.0,0,0,0,0,0,0,0.0,0,0.0,0,0,0,848.0,187.0,119.0,79.0,instagram,NR
ALC - Dragões,120238712803660075,OUTCOME_AWARENESS,2026-02-01,412928,177799,2.322443,1281,0.310224,0.400511,1.242481,513.055122,59.0,0,8.69585,22.0,0,23.320687,0.0,0,0.0,0,0,0,0,0,0,0.0,0,0.0,0,0,0,4454.0,1397.0,758.0,390.0,facebook,NR
ALC - Dragões,120238712803660075,OUTCOME_AWARENESS,2026-02-01,399032,212418,1.878523,465,0.116532,1.050871,1.224601,488.654878,268.0,0,1.823339,119.0,0,4.106344,0.0,0,0.0,0,0,0,0,0,0,0.0,0,0.0,0,0,0,3368.0,1205.0,539.0,302.0,instagram,NR
ALC - Dragões,120238712803660075,OUTCOME_AWARENESS,2026-02-01,0,0,0.0,0,0.0,0.0,0.0,0.0,0.0,0,0.0,1.0,0,0.0,0.0,0,0.0,0,0,0,0,0,0,0.0,0,0.0,0,0,0,,,,,unknown,NR
ALC - A menina da casa mágica,120238985043830075,OUTCOME_AWARENESS,2026-02-01,215474,142810,1.508816,412,0.191206,0.728131,1.392233,299.99,308.0,0,0.973994,148.0,0,2.026959,0.0,0,0.0,0,0,0,0,0,0,0.0,0,0.0,0,0,0,2964.0,1337.0,746.0,231.0,instagram,NR
ALC - Bailinho de Carnaval,120238985339690075,OUTCOME_AWARENESS,2026-02-01,370287,210068,1.762701,477,0.128819,1.047505,1.349386,499.66,340.0,0,1.469588,116.0,0,4.307414,0.0,0,0.0,0,0,0,0,0,0,0.0,0,0.0,0,0,0,3186.0,1415.0,314.0,202.0,instagram,NR
ALC - Semana do Cinema Jan 25,120238985527080075,OUTCOME_AWARENESS,2026-02-01,233630,151738,1.539693,566,0.242263,0.530018,1.284039,299.99,433.0,0,0.692818,192.0,0,1.562448,0.0,0,0.0,0,0,0,0,0,0,0.0,0,0.0,0,0,0,,,,,instagram,NR
ALC - Brasileirisse,120239236381150075,OUTCOME_AWARENESS,2026-02-01,161152,94840,1.699199,191,0.118522,1.04712,1.241064,200.0,132.0,0,1.515152,50.0,0,4.0,0.0,0,0.0,0,0,0,0,0,0,0.0,0,0.0,0,0,0,1197.0,376.0,190.0,106.0,instagram,NR
ALC - Feira de adoção pet,120239353688880075,OUTCOME_AWARENESS,2026-02-01,41073,31581,1.30056,43,0.104692,1.124884,1.177659,48.37,26.0,0,1.860385,0.0,0,0.0,0.0,0,0.0,0,0,0,0,0,0,0.0,0,0.0,0,0,0,,,,,instagram,NR
ALC - Oficina de RPG,120239356883300075,OUTCOME_AWARENESS,2026-02-01,147623,110950,1.330536,209,0.141577,0.956316,1.353922,199.87,164.0,0,1.21872,0.0,0,0.0,0.0,0,0.0,0,0,0,0,0,0,0.0,0,0.0,0,0,0,,,,,instagram,NR
ALC - Aventura Congelante,120239402846960075,OUTCOME_AWARENESS,2026-02-01,160264,94603,1.694069,325,0.20279,0.549323,1.113974,178.53,107.0,0,1.668505,0.0,0,0.0,0.0,0,0.0,0,0,0,0,0,0,0.0,0,0.0,0,0,0,21193.0,7827.0,3524.0,2046.0,facebook,NR
ALC - Aventura Congelante,120239402846960075,OUTCOME_AWARENESS,2026-02-01,61710,42511,1.451624,70,0.113434,1.014714,1.151029,71.03,53.0,0,1.340189,1.0,0,71.03,0.0,0,0.0,0,0,0,0,0,0,0.0,0,0.0,0,0,0,2051.0,719.0,430.0,309.0,instagram,NR
ALC - Encerramento Carnval,120239714623330075,OUTCOME_AWARENESS,2026-02-01,92797,68699,1.350777,18,0.019397,6.080556,1.179456,109.45,0.0,0,0.0,0.0,0,0.0,0.0,0,0.0,0,0,0,0,0,0,0.0,0,0.0,0,0,0,641.0,116.0,64.0,35.0,instagram,NR
ALC - Volksfriends,120239716062130075,OUTCOME_AWARENESS,2026-02-01,248670,169572,1.466457,358,0.143966,0.837905,1.206298,299.97,254.0,0,1.180984,0.0,0,0.0,0.0,0,0.0,0,0,0,0,0,0,0.0,0,0.0,0,0,0,,,,,instagram,NR
ALC - Norte Cafe,120239888343150075,OUTCOME_AWARENESS,2026-02-01,61652,45991,1.340523,40,0.06488,1.9995,1.297282,79.98,27.0,0,2.962222,0.0,0,0.0,0.0,0,0.0,0,0,0,0,0,0,0.0,0,0.0,0,0,0,956.0,437.0,133.0,88.0,instagram,NR
ALC - Filme Todo mundo em Panico,120239890360550075,OUTCOME_AWARENESS,2026-02-01,4,4,1.0,0,0.0,0.0,0.0,0.0,0.0,0,0.0,0.0,0,0.0,0.0,0,0.0,0,0,0,0,0,0,0.0,0,0.0,0,0,0,,,,,facebook,NR
ALC - Todo mundo em panico,120239954131620075,OUTCOME_AWARENESS,2026-02-01,76874,58382,1.316741,36,0.04683,3.007778,1.408539,108.28,11.0,0,9.843636,4.0,0,27.07,0.0,0,0.0,0,0,0,0,0,0,0.0,0,0.0,0,0,0,977.0,456.0,188.0,135.0,instagram,NR
ALC- Massinha Play-Doh,120240047519830075,OUTCOME_AWARENESS,2026-02-01,64454,60896,1.058427,18,0.027927,5.555556,1.551494,100.0,0.0,0,0.0,0.0,0,0.0,0.0,0,0.0,0,0,0,0,0,0,0.0,0,0.0,0,0,0,1515.0,589.0,359.0,178.0,instagram,NR
ALC | Moda Feminina,120218457714640075,OUTCOME_AWARENESS,2026-03-01,33703,31469,1.070991,80,0.237368,0.530556,1.259369,42.444519,9.0,0,4.716058,1.0,0,42.444519,0.0,0,0.0,0,0,0,0,0,0,1.0,0,42.444519,0,0,0,3252.0,1249.0,613.0,382.0,facebook,NR
ALC | Moda Feminina,120218457714640075,OUTCOME_AWARENESS,2026-03-01,262566,222263,1.18133,265,0.100927,1.257455,1.269111,333.225481,181.0,0,1.841025,38.0,0,8.769092,1.0,0,333.225481,0,0,0,0,0,0,12.0,0,27.76879,0,0,0,5941.0,2281.0,1191.0,816.0,instagram,NR
ALC | Moda masculina,120218468471470075,OUTCOME_AWARENESS,2026-03-01,249444,226419,1.101692,239,0.095813,1.325858,1.270345,316.88,169.0,0,1.87503,0.0,0,0.0,0.0,0,0.0,0,0,0,0,0,0,0.0,0,0.0,0,0,0,12983.0,4695.0,2589.0,1755.0,instagram,NR
ALC - Lojas - Inauguração/ Gastronomia,120218470856850075,OUTCOME_AWARENESS,2026-03-01,462232,407782,1.133527,477,0.103195,1.301447,1.343027,620.79,342.0,0,1.815175,0.0,0,0.0,0.0,0,0.0,0,0,0,0,0,0,2.0,0,310.395,0,0,0,3457.0,947.0,498.0,311.0,instagram,NR
ALC - Wow Park,120238243719230075,OUTCOME_AWARENESS,2026-03-01,85660,80395,1.065489,126,0.147093,0.864683,1.271889,108.95,84.0,0,1.297024,0.0,0,0.0,0.0,0,0.0,0,0,0,0,0,0,0.0,0,0.0,0,0,0,853.0,216.0,107.0,60.0,instagram,NR
ALC - PISTA DE PATINAÇAO,120238346134830075,OUTCOME_AWARENESS,2026-03-01,188222,151937,1.238816,221,0.117415,1.012579,1.188915,223.78,155.0,0,1.443742,0.0,0,0.0,0.0,0,0.0,0,0,0,0,0,0,0.0,0,0.0,0,0,0,3186.0,1401.0,481.0,294.0,instagram,NR
ALC - Todo mundo em panico,120239954131620075,OUTCOME_AWARENESS,2026-03-01,580468,362395,1.601755,722,0.124382,1.15633,1.438271,834.87,416.0,0,2.006899,278.0,0,3.00313,0.0,0,0.0,0,0,0,0,0,0,0.0,0,0.0,0,0,0,10822.0,4276.0,2594.0,1645.0,instagram,NR
ALC - Coelho Flock,120240253340710075,OUTCOME_AWARENESS,2026-03-01,224690,144678,1.553035,255,0.11349,1.140431,1.294272,290.81,214.0,0,1.358925,1.0,0,290.81,0.0,0,0.0,0,0,0,0,0,0,0.0,0,0.0,0,0,0,,,,,instagram,NR
ALC - Pet Day - Corrida Pet,120240504098140075,OUTCOME_AWARENESS,2026-03-01,84208,81582,1.032188,130,0.15438,0.873385,1.348328,113.54,108.0,0,1.051296,1.0,0,113.54,0.0,0,0.0,0,0,0,0,0,0,1.0,0,113.54,0,0,0,,,,,instagram,NR
ALC - Pokemon,120240557522400075,OUTCOME_AWARENESS,2026-03-01,10756,10756,1.0,12,0.111566,1.3125,1.464299,15.75,8.0,0,1.96875,0.0,0,0.0,0.0,0,0.0,0,0,0,0,0,0,0.0,0,0.0,0,0,0,169.0,83.0,21.0,16.0,instagram,NR
ALC - Páscoa Cacau Show,120240557649330075,OUTCOME_AWARENESS,2026-03-01,2193,2176,1.007813,4,0.182399,0.6775,1.23575,2.71,0.0,0,0.0,0.0,0,0.0,0.0,0,0.0,0,0,0,0,0,0,0.0,0,0.0,0,0,0,56.0,24.0,18.0,7.0,facebook,NR
ALC - Páscoa Cacau Show,120240557649330075,OUTCOME_AWARENESS,2026-03-01,1970,1903,1.035208,0,0.0,0.0,1.340102,2.64,0.0,0,0.0,0.0,0,0.0,0.0,0,0.0,0,0,0,0,0,0,0.0,0,0.0,0,0,0,45.0,11.0,7.0,5.0,instagram,NR
ALC - NATAL 25,120240129895630260,OUTCOME_AWARENESS,2025-12-11,520133,341373,1.52365,1206,0.231864,0.526195,1.220055,634.590812,591.0,0,1.073758,0.0,0,0.0,0.0,0,0.0,0,0,0,0,0,0,0.0,0,0.0,0,0,0,8327.0,2820.0,1528.0,901.0,facebook,GS
ALC - NATAL 25,120240129895630260,OUTCOME_AWARENESS,2025-12-11,487221,319014,1.527272,507,0.10406,1.185699,1.233833,601.149188,406.0,0,1.480663,0.0,0,0.0,0.0,0,0.0,0,0,0,0,0,0,0.0,0,0.0,0,0,0,6951.0,2978.0,1624.0,848.0,instagram,GS
TRAF - NATAL 25 CLIQUES 02,120241128882090260,LINK_CLICKS,2025-12-11,400365,124176,3.224174,4913,1.22713,0.338461,4.15336,1662.86,4461.0,0,0.372755,3195.0,0,0.520457,0.0,0,0.0,0,0,0,0,0,0,0.0,0,0.0,0,0,0,7803.0,5212.0,2920.0,2236.0,instagram,GS
ALC - Árvore solidária,120241456113430260,OUTCOME_AWARENESS,2025-12-11,29245,28364,1.031061,29,0.099162,1.627241,1.613609,47.19,26.0,0,1.815,0.0,0,0.0,0.0,0,0.0,0,0,0,0,0,0,0.0,0,0.0,0,0,0,298.0,111.0,82.0,58.0,instagram,GS
ALC - Inauguração - Manly,120241830292400260,OUTCOME_AWARENESS,2025-12-11,210972,133793,1.576854,207,0.098117,1.292222,1.267893,267.49,150.0,0,1.783267,0.0,0,0.0,0.0,0,0.0,0,0,0,0,0,0,0.0,0,0.0,0,0,0,1206.0,180.0,88.0,60.0,instagram,GS
ALC - Encontro Pet com Noel,120241868146220260,OUTCOME_AWARENESS,2025-12-11,196046,187373,1.046287,279,0.142314,1.19405,1.699295,333.14,218.0,0,1.528165,0.0,0,0.0,0.0,0,0.0,0,0,0,0,0,0,0.0,0,0.0,0,0,0,280.0,113.0,70.0,50.0,instagram,GS
ALC - MODA,120242232300500260,OUTCOME_AWARENESS,2025-12-11,457177,307807,1.485272,612,0.133865,0.89848,1.202751,549.87,394.0,0,1.395609,1.0,0,549.87,0.0,0,0.0,0,0,0,0,0,0,0.0,0,0.0,0,0,0,925.0,228.0,128.0,87.0,instagram,GS
ALC - Rubens Herbst - Zootopia 2,120242385359030260,OUTCOME_AWARENESS,2025-12-11,254049,184780,1.374873,298,0.1173,1.00651,1.180638,299.94,232.0,0,1.292845,0.0,0,0.0,0.0,0,0.0,0,0,0,0,0,0,0.0,0,0.0,0,0,0,150.0,55.0,23.0,14.0,instagram,GS
ALC - NATAL 25,120240129895630260,OUTCOME_AWARENESS,2026-01-01,351808,295984,1.188605,573,0.162873,0.492197,0.801656,282.02886,327.0,0,0.862474,0.0,0,0.0,0.0,0,0.0,0,0,0,0,0,0,0.0,0,0.0,0,0,0,11719.0,4043.0,2077.0,1286.0,facebook,GS
ALC - NATAL 25,120240129895630260,OUTCOME_AWARENESS,2026-01-01,377665,333416,1.132714,337,0.089233,0.885997,0.790598,298.58114,249.0,0,1.199121,0.0,0,0.0,0.0,0,0.0,0,0,0,0,0,0,0.0,0,0.0,0,0,0,7696.0,3162.0,1807.0,1033.0,instagram,GS
TRAF - NATAL 25 CLIQUES 02,120241128882090260,LINK_CLICKS,2026-01-01,186918,74658,2.503657,2729,1.459999,0.234031,3.416846,638.67,2473.0,0,0.258257,1790.0,0,0.356799,0.0,0,0.0,0,0,0,0,0,0,0.0,0,0.0,0,0,0,4975.0,2926.0,1768.0,1379.0,instagram,GS
ALC - MODA,120242232300500260,OUTCOME_AWARENESS,2026-01-01,1012843,583213,1.736661,1127,0.111271,0.958616,1.066661,1080.36,696.0,0,1.552241,1.0,0,1080.36,0.0,0,0.0,0,0,0,0,0,0,0.0,0,0.0,0,0,0,1845.0,567.0,318.0,213.0,instagram,GS
ALC - LIQUIDA,120243051638560260,OUTCOME_AWARENESS,2026-01-01,1584267,1294109,1.224215,1655,0.104465,1.80777,1.888482,2991.86,1219.0,0,2.454356,0.0,0,0.0,0.0,0,0.0,0,0,0,0,0,0,0.0,0,0.0,0,0,0,53875.0,21245.0,12518.0,8979.0,instagram,GS
ALC - Filme Bob Esponja,120243182467530260,OUTCOME_AWARENESS,2026-01-01,214027,142807,1.498715,228,0.106529,1.096184,1.16775,249.93,148.0,0,1.688716,0.0,0,0.0,0.0,0,0.0,0,0,0,0,0,0,0.0,0,0.0,0,0,0,20857.0,6309.0,2939.0,1977.0,instagram,GS
ALC - CORRIDA SHOPPING,120243392123360260,OUTCOME_AWARENESS,2026-01-01,484843,229591,2.111768,596,0.122926,1.035705,1.273154,617.28,398.0,0,1.550955,0.0,0,0.0,0.0,0,0.0,0,0,0,0,0,0,0.0,0,0.0,0,0,0,5268.0,1668.0,867.0,381.0,instagram,GS
ALC - Exposição Legueiros,120243666484080260,OUTCOME_AWARENESS,2026-01-01,442938,303102,1.46135,547,0.123494,1.406764,1.737263,769.5,372.0,0,2.068548,0.0,0,0.0,0.0,0,0.0,0,0,0,0,0,0,0.0,0,0.0,0,0,0,3661.0,1265.0,724.0,488.0,instagram,GS
ALC - Volta às aulas,120243667013080260,OUTCOME_AWARENESS,2026-01-01,146522,95664,1.531632,171,0.116706,1.136667,1.326558,194.37,139.0,0,1.398345,0.0,0,0.0,0.0,0,0.0,0,0,0,0,0,0,0.0,0,0.0,0,0,0,462.0,312.0,56.0,39.0,instagram,GS
ALC - MODA,120242232300500260,OUTCOME_AWARENESS,2026-02-01,793658,443936,1.787776,854,0.107603,1.147471,1.234713,979.94,575.0,0,1.704243,0.0,0,0.0,0.0,0,0.0,0,0,0,0,0,0,0.0,0,0.0,0,0,0,1165.0,407.0,242.0,163.0,instagram,GS
ALC - CORRIDA SHOPPING,120243392123360260,OUTCOME_AWARENESS,2026-02-01,726652,318659,2.280344,851,0.117112,1.03718,1.214667,882.64,603.0,0,1.463748,0.0,0,0.0,0.0,0,0.0,0,0,0,0,0,0,0.0,0,0.0,0,0,0,7767.0,2302.0,1201.0,572.0,instagram,GS
ALC - Exposição Legueiros,120243666484080260,OUTCOME_AWARENESS,2026-02-01,660400,469165,1.407607,888,0.134464,1.38527,1.862689,1230.12,601.0,0,2.046789,0.0,0,0.0,0.0,0,0.0,0,0,0,0,0,0,0.0,0,0.0,0,0,0,6278.0,2207.0,1205.0,848.0,instagram,GS
ALC - Volta às aulas,120243667013080260,OUTCOME_AWARENESS,2026-02-01,248217,169157,1.467376,231,0.093064,1.322944,1.231181,305.6,180.0,0,1.697778,0.0,0,0.0,0.0,0,0.0,0,0,0,0,0,0,0.0,0,0.0,0,0,0,528.0,276.0,75.0,46.0,instagram,GS
ALC - Bailinho de carnaval e carnapet,120244043225990260,OUTCOME_AWARENESS,2026-02-01,332877,246143,1.352372,385,0.115658,1.298104,1.501365,499.77,306.0,0,1.633235,0.0,0,0.0,0.0,0,0.0,0,0,0,0,0,0,0.0,0,0.0,0,0,0,3129.0,1424.0,922.0,683.0,instagram,GS
ALC - Semana do Cinema,120244043525950260,OUTCOME_AWARENESS,2026-02-01,374058,241964,1.545924,791,0.211465,0.631643,1.335702,499.63,575.0,0,0.868922,13.0,0,38.433077,0.0,0,0.0,0,0,0,0,0,0,0.0,0,0.0,0,0,0,5857.0,2450.0,1423.0,1073.0,instagram,GS
ALC - Retail Experience,120244288353810260,OUTCOME_AWARENESS,2026-02-01,9720,8407,1.156179,15,0.154321,0.702667,1.084362,10.54,12.0,0,0.878333,0.0,0,0.0,0.0,0,0.0,0,0,0,0,0,0,0.0,0,0.0,0,0,0,,,,,facebook,GS
ALC - Retail Experience,120244288353810260,OUTCOME_AWARENESS,2026-02-01,63615,35496,1.792174,72,0.113181,0.985556,1.11546,70.96,57.0,0,1.244912,1.0,0,70.96,0.0,0,0.0,0,0,0,0,0,0,0.0,0,0.0,0,0,0,,,,,instagram,GS
ALC - Heroinas do Kpop,120244790251900260,OUTCOME_AWARENESS,2026-02-01,333889,220393,1.514971,703,0.210549,0.665519,1.401244,467.86,569.0,0,0.82225,235.0,0,1.990894,0.0,0,0.0,0,0,0,0,0,0,0.0,0,0.0,0,0,0,,,,,instagram,GS
ALC - Heroinas do Kpop,120244790251900260,OUTCOME_AWARENESS,2026-02-01,0,0,0.0,0,0.0,0.0,0.0,0.0,0.0,0,0.0,1.0,0,0.0,0.0,0,0.0,0,0,0,0,0,0,0.0,0,0.0,0,0,0,,,,,unknown,GS
ALC - Benefícios AJFans,120244790529090260,OUTCOME_AWARENESS,2026-02-01,173520,112435,1.543292,138,0.07953,1.650652,1.312759,227.79,109.0,0,2.089817,0.0,0,0.0,0.0,0,0.0,0,0,0,0,0,0,0.0,0,0.0,0,0,0,1129.0,641.0,280.0,106.0,instagram,GS
ALC - Aniversário Joinville - Atlantida,120245006540330260,OUTCOME_AWARENESS,2026-02-01,157236,126710,1.240912,938,0.596556,0.348316,2.077896,326.72,6.0,0,54.453333,0.0,0,0.0,0.0,0,0.0,0,0,0,0,0,0,0.0,0,0.0,0,0,0,4666.0,1597.0,882.0,533.0,facebook,GS
ALC - Aniversário Joinville - Atlantida,120245006540330260,OUTCOME_AWARENESS,2026-02-01,323044,301801,1.070387,234,0.072436,2.87141,2.079933,671.91,5.0,0,134.382,0.0,0,0.0,0.0,0,0.0,0,0,0,0,0,0,0.0,0,0.0,0,0,0,5336.0,1277.0,711.0,463.0,instagram,GS
ALC - MODA,120242232300500260,OUTCOME_AWARENESS,2026-03-01,82969,77780,1.066714,84,0.101243,1.109643,1.123432,93.21,60.0,0,1.5535,0.0,0,0.0,0.0,0,0.0,0,0,0,0,0,0,0.0,0,0.0,0,0,0,86.0,22.0,12.0,7.0,instagram,GS
ALC - Heroinas do Kpop,120244790251900260,OUTCOME_AWARENESS,2026-03-01,24510,24510,1.0,54,0.220318,0.595,1.310894,32.13,44.0,0,0.730227,27.0,0,1.19,0.0,0,0.0,0,0,0,0,0,0,0.0,0,0.0,0,0,0,,,,,instagram,GS
ALC - Benefícios AJFans,120244790529090260,OUTCOME_AWARENESS,2026-03-01,338153,211680,1.597473,324,0.095815,1.241667,1.189698,402.3,260.0,0,1.547308,0.0,0,0.0,0.0,0,0.0,0,0,0,0,0,0,0.0,0,0.0,0,0,0,2409.0,1172.0,563.0,226.0,instagram,GS
ALC - Aniversário Joinville - Atlantida,120245006540330260,OUTCOME_AWARENESS,2026-03-01,0,0,0.0,0,0.0,0.0,0.0,0.0,0.0,0,0.0,0.0,0,0.0,0.0,0,0.0,0,0,0,0,0,0,0.0,0,0.0,0,0,0,,,,,instagram,GS
ALC - Exposição Territórios Internos,120245275376110260,OUTCOME_AWARENESS,2026-03-01,98663,52519,1.878615,125,0.126694,1.030587,1.305691,128.823362,2.0,0,64.411681,0.0,0,0.0,0.0,0,0.0,0,0,0,0,0,0,0.0,0,0.0,0,0,0,1027.0,283.0,133.0,71.0,facebook,GS
ALC - Exposição Territórios Internos,120245275376110260,OUTCOME_AWARENESS,2026-03-01,196967,135883,1.449534,45,0.022846,5.653036,1.291519,254.386638,2.0,0,127.193319,0.0,0,0.0,0.0,0,0.0,0,0,0,0,0,0,0.0,0,0.0,0,0,0,1171.0,282.0,158.0,111.0,instagram,GS
ALC - COTTON,120245275442810260,OUTCOME_AWARENESS,2026-03-01,89635,61131,1.466277,202,0.225358,0.572949,1.291189,115.735686,4.0,0,28.933922,0.0,0,0.0,0.0,0,0.0,0,0,0,0,0,0,0.0,0,0.0,0,0,0,1040.0,501.0,304.0,167.0,facebook,GS
ALC - COTTON,120245275442810260,OUTCOME_AWARENESS,2026-03-01,220476,156276,1.410812,85,0.038553,3.422874,1.319619,290.944295,0.0,0,0.0,0.0,0,0.0,0.0,0,0.0,0,0,0,0,0,0,0.0,0,0.0,0,0,0,1302.0,294.0,170.0,85.0,instagram,GS
ALC - COTTON,120245275442810260,OUTCOME_AWARENESS,2026-03-01,252,239,1.054393,0,0.0,0.0,1.508011,0.380019,0.0,0,0.0,0.0,0,0.0,0.0,0,0.0,0,0,0,0,0,0,0.0,0,0.0,0,0,0,9.0,1.0,1.0,,threads,GS
ALC - COTTON,120245275442810260,OUTCOME_AWARENESS,2026-03-01,1,1,1.0,0,0.0,0.0,0.0,0.0,0.0,0,0.0,0.0,0,0.0,0.0,0,0.0,0,0,0,0,0,0,0.0,0,0.0,0,0,0,,,,,unknown,GS
ALC - TODO MUNDO EM PANICO,120245275605620260,OUTCOME_AWARENESS,2026-03-01,167756,114341,1.467155,786,0.468538,0.274798,1.287531,215.991088,66.0,0,3.272592,22.0,0,9.817777,0.0,0,0.0,0,0,0,0,0,0,0.0,0,0.0,0,0,0,471.0,188.0,105.0,47.0,facebook,GS
ALC - TODO MUNDO EM PANICO,120245275605620260,OUTCOME_AWARENESS,2026-03-01,280867,195182,1.439001,389,0.1385,0.946141,1.310403,368.048894,312.0,0,1.179644,150.0,0,2.453659,0.0,0,0.0,0,0,0,0,0,0,0.0,0,0.0,0,0,0,267.0,98.0,59.0,28.0,instagram,GS
ALC - TODO MUNDO EM PANICO,120245275605620260,OUTCOME_AWARENESS,2026-03-01,219,207,1.057971,0,0.0,0.0,1.598256,0.350018,0.0,0,0.0,0.0,0,0.0,0.0,0,0.0,0,0,0,0,0,0,0.0,0,0.0,0,0,0,3.0,1.0,,,threads,GS
ALC - Últimos eventos do GS,120245278626830260,OUTCOME_AWARENESS,2026-03-01,66894,49776,1.343901,66,0.098664,1.249848,1.233145,82.49,51.0,0,1.617451,0.0,0,0.0,0.0,0,0.0,0,0,0,0,0,0,0.0,0,0.0,0,0,0,188.0,121.0,48.0,13.0,instagram,GS
ALC - ANIVERSARIO JOINVILLE GARTEN,120245447327370260,OUTCOME_AWARENESS,2026-03-01,12713,12176,1.044103,17,0.133721,0.990588,1.324628,16.84,0.0,0,0.0,0.0,0,0.0,0.0,0,0.0,0,0,0,0,0,0,0.0,0,0.0,0,0,0,,,,,facebook,GS
ALC - ANIVERSARIO JOINVILLE GARTEN,120245447327370260,OUTCOME_AWARENESS,2026-03-01,8435,8246,1.02292,1,0.011855,11.27,1.3361,11.27,0.0,0,0.0,0.0,0,0.0,0.0,0,0.0,0,0,0,0,0,0,0.0,0,0.0,0,0,0,,,,,instagram,GS
ALC - ANIVERSARIO JOINVILLE GARTEN,120245447327370260,OUTCOME_AWARENESS,2026-03-01,2,2,1.0,0,0.0,0.0,0.0,0.0,0.0,0,0.0,0.0,0,0.0,0.0,0,0.0,0,0,0,0,0,0,0.0,0,0.0,0,0,0,,,,,threads,GS
ALC- SEMANA DO CONSUMIDOR,120245447379270260,OUTCOME_AWARENESS,2026-03-01,116424,110105,1.057391,174,0.149454,1.484885,2.219216,258.37,145.0,0,1.781862,0.0,0,0.0,0.0,0,0.0,0,0,0,0,0,0,0.0,0,0.0,0,0,0,6405.0,2292.0,1266.0,887.0,instagram,GS
ALC - PROMO NATAL 25,120234760801190225,OUTCOME_AWARENESS,2025-12-11,501874,195213,2.570905,1358,0.270586,0.452244,1.22371,614.148006,332.0,0,1.849843,1.0,0,614.148006,0.0,0,0.0,0,0,0,0,0,0,0.0,0,0.0,0,0,0,7772.0,2685.0,1434.0,863.0,facebook,NS
ALC - PROMO NATAL 25,120234760801190225,OUTCOME_AWARENESS,2025-12-11,549714,207825,2.645081,834,0.151715,0.841237,1.276285,701.591994,665.0,0,1.055026,1.0,0,701.591994,0.0,0,0.0,0,0,0,0,0,0,0.0,0,0.0,0,0,0,4292.0,1725.0,311.0,186.0,instagram,NS
TRAF - NATAL 25,120234760949340225,LINK_CLICKS,2025-12-11,377,235,1.604255,12,3.183024,0.420026,13.36952,5.040309,13.0,0,0.387716,0.0,0,0.0,0.0,0,0.0,0,0,0,0,0,0,0.0,0,0.0,0,0,0,174.0,130.0,76.0,57.0,audience_network,NS
TRAF - NATAL 25,120234760949340225,LINK_CLICKS,2025-12-11,265279,99200,2.674183,6425,2.421978,0.129857,3.145108,834.331151,4259.0,0,0.195898,12.0,0,69.527596,0.0,0,0.0,0,0,0,0,0,0,0.0,0,0.0,0,0,0,13415.0,6866.0,6151.0,2675.0,facebook,NS
TRAF - NATAL 25,120234760949340225,LINK_CLICKS,2025-12-11,138293,73366,1.884974,3371,2.437578,0.138098,3.366248,465.52854,2976.0,0,0.156428,18.0,0,25.862697,0.0,0,0.0,0,0,0,0,0,0,0.0,0,0.0,0,0,0,15381.0,9052.0,6150.0,3925.0,instagram,NS
TRAF - NATAL 25,120234760949340225,LINK_CLICKS,2025-12-11,3,3,1.0,0,0.0,0.0,0.0,0.0,0.0,0,0.0,0.0,0,0.0,0.0,0,0.0,0,0,0,0,0,0,0.0,0,0.0,0,0,0,1.0,,,,messenger,NS
ALC - LEGOS,120235033220480225,OUTCOME_AWARENESS,2025-12-11,239618,122648,1.953705,265,0.110593,1.259283,1.392675,333.71,193.0,0,1.729067,37.0,0,9.019189,0.0,0,0.0,0,0,0,0,0,0,0.0,0,0.0,0,0,0,837.0,133.0,68.0,43.0,instagram,NS
"ALC - Espetáculo Luz, camera e emoção",120236083133360225,OUTCOME_AWARENESS,2025-12-11,0,0,0.0,0,0.0,0.0,0.0,0.0,0.0,0,0.0,0.0,0,0.0,0.0,0,0.0,0,0,0,0,0,0,0.0,0,0.0,0,0,0,,,,,instagram,NS
ENG - Tour fofíssima Natal,120236083340880225,OUTCOME_ENGAGEMENT,2025-12-11,66924,50001,1.338453,299,0.446775,1.215619,5.431086,363.47,153.0,0,2.375621,0.0,0,0.0,0.0,0,0.0,0,0,0,0,0,0,0.0,0,0.0,0,0,0,5768.0,2379.0,1456.0,921.0,instagram,NS
ALC - Exposição Legueiros,120236293601470225,OUTCOME_AWARENESS,2025-12-11,117335,48370,2.42578,330,0.281246,0.506572,1.424713,167.168674,185.0,0,0.903614,0.0,0,0.0,0.0,0,0.0,0,0,0,0,0,0,0.0,0,0.0,0,0,0,2754.0,987.0,593.0,333.0,facebook,NS
ALC - Exposição Legueiros,120236293601470225,OUTCOME_AWARENESS,2025-12-11,136348,59107,2.3068,192,0.140816,0.994278,1.400104,190.901326,139.0,0,1.373391,1.0,0,190.901326,0.0,0,0.0,0,0,0,0,0,0,0.0,0,0.0,0,0,0,1579.0,229.0,127.0,65.0,instagram,NS
ALC - Panetone,120236786157660225,OUTCOME_AWARENESS,2025-12-11,259857,107157,2.425012,324,0.124684,1.080185,1.346818,349.98,236.0,0,1.482966,1.0,0,349.98,0.0,0,0.0,0,0,0,0,0,0,0.0,0,0.0,0,0,0,8183.0,4075.0,2016.0,561.0,instagram,NS
ALC - UEBEL,120236789023090225,OUTCOME_AWARENESS,2025-12-11,263571,112504,2.34277,378,0.143415,0.925873,1.32784,349.98,279.0,0,1.254409,0.0,0,0.0,1.0,0,349.98,0,0,0,0,0,0,0.0,0,0.0,0,0,0,378.0,131.0,82.0,48.0,instagram,NS
ALC - Mana Naspolini - Looks fim de ano,120236791609500225,OUTCOME_AWARENESS,2025-12-11,237046,101159,2.343301,279,0.117699,1.075125,1.265408,299.96,213.0,0,1.408263,0.0,0,0.0,0.0,0,0.0,0,0,0,0,0,0,0.0,0,0.0,0,0,0,3486.0,1744.0,262.0,165.0,instagram,NS
ALC - Chapeuzinho Vermelho,120236806580130225,OUTCOME_AWARENESS,2025-12-11,315847,195999,1.611473,139,0.044009,3.59705,1.583013,499.99,57.0,0,8.771754,1.0,0,499.99,0.0,0,0.0,0,0,0,0,0,0,0.0,0,0.0,0,0,0,,,,,instagram,NS
ALC - Mesa Posta Natal 25,120236890674760225,OUTCOME_AWARENESS,2025-12-11,100620,63804,1.577017,37,0.036772,4.052432,1.490161,149.94,0.0,0,0.0,0.0,0,0.0,0.0,0,0.0,0,0,0,0,0,0,0.0,0,0.0,0,0,0,124.0,47.0,25.0,16.0,instagram,NS
ALC - Avatar 3,120237003523440225,OUTCOME_AWARENESS,2025-12-11,113032,59785,1.890641,191,0.168979,0.78534,1.327058,150.0,120.0,0,1.25,2.0,0,75.0,0.0,0,0.0,0,0,0,0,0,0,0.0,0,0.0,0,0,0,11501.0,5858.0,3202.0,2161.0,instagram,NS
ALC - PROMO NATAL 25,120234760801190225,OUTCOME_AWARENESS,2026-01-01,319137,182186,1.75171,648,0.203048,0.393244,0.798473,254.822359,212.0,0,1.201992,0.0,0,0.0,0.0,0,0.0,0,0,0,0,0,0,0.0,0,0.0,0,0,0,5174.0,1808.0,991.0,618.0,facebook,NS
ALC - PROMO NATAL 25,120234760801190225,OUTCOME_AWARENESS,2026-01-01,436752,241820,1.806104,552,0.126388,0.658963,0.832847,363.747641,408.0,0,0.891538,0.0,0,0.0,0.0,0,0.0,0,0,0,0,0,0,0.0,0,0.0,0,0,0,3649.0,1201.0,427.0,250.0,instagram,NS
TRAF - NATAL 25,120234760949340225,LINK_CLICKS,2026-01-01,299,172,1.738372,2,0.668896,0.645013,4.314465,1.290025,2.0,0,0.645013,0.0,0,0.0,0.0,0,0.0,0,0,0,0,0,0,0.0,0,0.0,0,0,0,156.0,117.0,100.0,46.0,audience_network,NS
TRAF - NATAL 25,120234760949340225,LINK_CLICKS,2026-01-01,114865,61820,1.858056,3597,3.131502,0.10931,3.423041,393.187655,2681.0,0,0.146657,3.0,0,131.062552,0.0,0,0.0,0,0,0,0,0,0,0.0,0,0.0,0,0,0,7562.0,3188.0,3167.0,1286.0,facebook,NS
TRAF - NATAL 25,120234760949340225,LINK_CLICKS,2026-01-01,51409,33876,1.517564,1160,2.256414,0.102743,2.318316,119.18232,931.0,0,0.128015,19.0,0,6.272754,0.0,0,0.0,0,0,0,0,0,0,0.0,0,0.0,0,0,0,4267.0,2341.0,1586.0,1006.0,instagram,NS
TRAF - NATAL 25,120234760949340225,LINK_CLICKS,2026-01-01,1,1,1.0,0,0.0,0.0,0.0,0.0,0.0,0,0.0,0.0,0,0.0,0.0,0,0.0,0,0,0,0,0,0,0.0,0,0.0,0,0,0,,,,,messenger,NS
TRAF - NATAL 25,120234760949340225,LINK_CLICKS,2026-01-01,0,0,0.0,0,0.0,0.0,0.0,0.0,0.0,0,0.0,0.0,0,0.0,0.0,0,0.0,0,0,0,0,0,0,0.0,0,0.0,0,0,0,,,,,unknown,NS
ALC - Panetone,120236786157660225,OUTCOME_AWARENESS,2026-01-01,0,0,0.0,0,0.0,0.0,0.0,0.0,0.0,0,0.0,0.0,0,0.0,0.0,0,0.0,0,0,0,0,0,0,0.0,0,0.0,0,0,0,,,,,instagram,NS
ALC - UEBEL,120236789023090225,OUTCOME_AWARENESS,2026-01-01,0,0,0.0,0,0.0,0.0,0.0,0.0,0.0,0,0.0,0.0,0,0.0,0.0,0,0.0,0,0,0,0,0,0,0.0,0,0.0,0,0,0,,,,,instagram,NS
ALC - Super ZOO,120237697768620225,OUTCOME_AWARENESS,2026-01-01,1097522,361327,3.037476,2118,0.19298,0.680019,1.312302,1440.28,1520.0,0,0.947553,669.0,0,2.152885,0.0,0,0.0,0,0,0,0,0,0,0.0,0,0.0,0,0,0,28768.0,12236.0,7370.0,5117.0,instagram,NS
ALC - LIQUIDA 25,120237697950010225,OUTCOME_AWARENESS,2026-01-01,1434340,657526,2.181419,2364,0.164814,1.268219,2.090209,2998.07,1668.0,0,1.797404,3.0,0,999.356667,0.0,0,0.0,0,0,0,0,0,0,0.0,0,0.0,0,0,0,46209.0,22224.0,13226.0,7287.0,instagram,NS
ALC - Cinema - Bob Esponja Filme,120237698206050225,OUTCOME_AWARENESS,2026-01-01,255470,94319,2.708574,398,0.155791,0.753518,1.173915,299.9,303.0,0,0.989769,0.0,0,0.0,0.0,0,0.0,0,0,0,0,0,0,0.0,0,0.0,0,0,0,13450.0,4864.0,2485.0,1765.0,instagram,NS
ALC - FÉRIAS JAN 25,120237769674470225,OUTCOME_AWARENESS,2026-01-01,541975,193523,2.800572,845,0.155911,0.812391,1.266608,686.47,587.0,0,1.169455,0.0,0,0.0,0.0,0,0.0,0,0,0,0,0,0,0.0,0,0.0,0,0,0,7641.0,2559.0,1344.0,804.0,instagram,NS
ALC - FÉRIAS JAN 25,120237769674470225,OUTCOME_AWARENESS,2026-01-01,0,0,0.0,0,0.0,0.0,0.0,0.0,0.0,0,0.0,0.0,0,0.0,0.0,0,0.0,0,0,0,0,0,0,0.0,0,0.0,0,0,0,,,,,unknown,NS
ALC - VERÃO/LOJAS,120237769884270225,OUTCOME_AWARENESS,2026-01-01,395282,147830,2.673896,555,0.140406,0.883135,1.239976,490.14,372.0,0,1.317581,0.0,0,0.0,0.0,0,0.0,0,0,0,0,0,0,0.0,0,0.0,0,0,0,5710.0,2778.0,1635.0,537.0,instagram,NS
ALC - ÓCULOS META OAKLEY,120237770000040225,OUTCOME_AWARENESS,2026-01-01,373154,132307,2.820365,518,0.138817,0.930656,1.291906,482.08,343.0,0,1.405481,0.0,0,0.0,0.0,0,0.0,0,0,0,0,0,0,0.0,0,0.0,0,0,0,2472.0,510.0,204.0,111.0,instagram,NS
ALC - Novidades Cinema GNC,120238216202110225,OUTCOME_AWARENESS,2026-01-01,75044,49854,1.505275,128,0.170567,0.756953,1.291109,96.89,101.0,0,0.959307,0.0,0,0.0,0.0,0,0.0,0,0,0,0,0,0,0.0,0,0.0,0,0,0,,,,,instagram,NS
ALC - Vortex,120238216332790225,OUTCOME_AWARENESS,2026-01-01,49595,36528,1.357726,52,0.104849,1.274038,1.33582,66.25,38.0,0,1.743421,0.0,0,0.0,0.0,0,0.0,0,0,0,0,0,0,0.0,0,0.0,0,0,0,,,,,instagram,NS
ALC - Blokinho do Rosa 2025,120238216427400225,OUTCOME_AWARENESS,2026-01-01,104791,71539,1.464809,132,0.125965,1.067273,1.34439,140.88,87.0,0,1.61931,0.0,0,0.0,0.0,0,0.0,0,0,0,0,0,0,0.0,0,0.0,0,0,0,4758.0,1955.0,992.0,686.0,instagram,NS
ALC - Super ZOO,120237697768620225,OUTCOME_AWARENESS,2026-02-01,1232553,398611,3.09212,2273,0.184414,0.686194,1.265438,1559.72,1632.0,0,0.955711,740.0,0,2.10773,0.0,0,0.0,0,0,0,0,0,0,0.0,0,0.0,0,0,0,13163.0,3863.0,2140.0,1425.0,instagram,NS
ALC - FÉRIAS JAN 25,120237769674470225,OUTCOME_AWARENESS,2026-02-01,623717,209877,2.971822,888,0.142372,0.893333,1.271859,793.28,639.0,0,1.24144,0.0,0,0.0,0.0,0,0.0,0,0,0,0,0,0,0.0,0,0.0,0,0,0,7841.0,2248.0,1099.0,674.0,instagram,NS
ALC - VERÃO/LOJAS,120237769884270225,OUTCOME_AWARENESS,2026-02-01,516556,181513,2.845835,669,0.129512,0.94139,1.21921,629.79,455.0,0,1.384154,1.0,0,629.79,0.0,0,0.0,0,0,0,0,0,0,0.0,0,0.0,0,0,0,7967.0,3956.0,2340.0,840.0,instagram,NS
ALC - ÓCULOS META OAKLEY,120237770000040225,OUTCOME_AWARENESS,2026-02-01,444655,156446,2.842227,593,0.133362,0.955683,1.274516,566.72,425.0,0,1.333459,2.0,0,283.36,0.0,0,0.0,0,0,0,0,0,0,0.0,0,0.0,0,0,0,2664.0,460.0,216.0,118.0,instagram,NS
ALC - Novidades Cinema GNC,120238216202110225,OUTCOME_AWARENESS,2026-02-01,212363,103951,2.042914,381,0.17941,0.663517,1.190415,252.8,303.0,0,0.834323,115.0,0,2.198261,0.0,0,0.0,0,0,0,0,0,0,0.0,0,0.0,0,0,0,524.0,171.0,113.0,79.0,instagram,NS
ALC - Vortex,120238216332790225,OUTCOME_AWARENESS,2026-02-01,359564,126310,2.846679,398,0.11069,1.080754,1.196282,430.14,298.0,0,1.443423,0.0,0,0.0,0.0,0,0.0,0,0,0,0,0,0,0.0,0,0.0,0,0,0,,,,,instagram,NS
ALC - Blokinho do Rosa 2025,120238216427400225,OUTCOME_AWARENESS,2026-02-01,201644,127200,1.585252,276,0.136875,0.937899,1.283748,258.86,200.0,0,1.2943,0.0,0,0.0,0.0,0,0.0,0,0,0,0,0,0,0.0,0,0.0,0,0,0,4359.0,1544.0,830.0,568.0,instagram,NS
ALC - Carnapet,120238497176350225,OUTCOME_AWARENESS,2026-02-01,184927,117989,1.567324,285,0.154115,0.877088,1.351723,249.97,209.0,0,1.196029,0.0,0,0.0,0.0,0,0.0,0,0,0,0,0,0,0.0,0,0.0,0,0,0,2293.0,1307.0,190.0,126.0,instagram,NS
ALC - Exposição Ambiências,120238497254480225,OUTCOME_AWARENESS,2026-02-01,144707,67799,2.134353,161,0.111259,1.095963,1.219361,176.45,137.0,0,1.287956,0.0,0,0.0,0.0,0,0.0,0,0,0,0,0,0,0.0,0,0.0,0,0,0,2851.0,1285.0,263.0,182.0,instagram,NS
ALC - A Casa de Gaby,120238749907260225,OUTCOME_AWARENESS,2026-02-01,245648,121715,2.018223,387,0.157543,0.775065,1.221056,299.95,283.0,0,1.059894,1.0,0,299.95,0.0,0,0.0,0,0,0,0,0,0,0.0,0,0.0,0,0,0,120.0,62.0,42.0,6.0,instagram,NS
ALC - Exposição Beatles,120239046320590225,OUTCOME_AWARENESS,2026-02-01,160175,91946,1.742055,168,0.104885,1.106369,1.160418,185.87,128.0,0,1.452109,0.0,0,0.0,0.0,0,0.0,0,0,0,0,0,0,0.0,0,0.0,0,0,0,1061.0,187.0,101.0,69.0,instagram,NS
ALC - CAPIVALLEY,120239368933820225,OUTCOME_AWARENESS,2026-02-01,83457,63149,1.321589,140,0.167751,0.805071,1.350516,112.71,2.0,0,56.355,0.0,0,0.0,0.0,0,0.0,0,0,0,0,0,0,0.0,0,0.0,0,0,0,24577.0,8772.0,4890.0,3256.0,facebook,NS
ALC - CAPIVALLEY,120239368933820225,OUTCOME_AWARENESS,2026-02-01,123889,92122,1.344836,177,0.14287,0.951356,1.359201,168.39,77.0,0,2.186883,0.0,0,0.0,0.0,0,0.0,0,0,0,0,0,0,0.0,0,0.0,0,0,0,7203.0,2839.0,1473.0,1069.0,instagram,NS
ALC - Exposição Beatles,120239046320590225,OUTCOME_AWARENESS,2026-03-01,189397,104558,1.811406,149,0.078671,1.464228,1.151919,218.17,115.0,0,1.89713,0.0,0,0.0,0.0,0,0.0,0,0,0,0,0,0,0.0,0,0.0,0,0,0,1220.0,248.0,128.0,78.0,instagram,NS
ALC - CAPIVALLEY,120239368933820225,OUTCOME_AWARENESS,2026-03-01,320643,171324,1.871559,456,0.142214,0.883794,1.256881,403.01,2.0,0,201.505,0.0,0,0.0,0.0,0,0.0,0,0,0,0,0,0,0.0,0,0.0,0,0,0,85126.0,30870.0,17564.0,11731.0,facebook,NS
ALC - CAPIVALLEY,120239368933820225,OUTCOME_AWARENESS,2026-03-01,439655,239218,1.837884,354,0.080518,1.58404,1.275432,560.75,41.0,0,13.676829,0.0,0,0.0,0.0,0,0.0,0,0,0,0,0,0,0.0,0,0.0,0,0,0,29156.0,11390.0,7066.0,5282.0,instagram,NS
ALC - CAPIVALLEY,120239368933820225,OUTCOME_AWARENESS,2026-03-01,65,61,1.065574,0,0.0,0.0,1.384615,0.09,0.0,0,0.0,0.0,0,0.0,0.0,0,0.0,0,0,0,0,0,0,0.0,0,0.0,0,0,0,6.0,,,,threads,NS
ALC - MISS CRICIUMA,120239593181160225,OUTCOME_AWARENESS,2026-03-01,471892,263375,1.791711,650,0.137743,1.029708,1.418354,669.31,565.0,0,1.184619,301.0,0,2.223621,0.0,0,0.0,0,0,0,0,0,0,0.0,0,0.0,0,0,0,,,,,instagram,NS
ALC - PÁSCOA NS,120239593258100225,OUTCOME_AWARENESS,2026-03-01,751669,330562,2.273912,238,0.031663,4.24479,1.344022,1010.26,20.0,0,50.513,1.0,0,1010.26,0.0,0,0.0,0,0,0,0,0,0,0.0,0,0.0,0,0,0,5105.0,1043.0,567.0,361.0,instagram,NS
ALC - MUSICAL O ENCANTO DA NATUREZA,120239602331250225,OUTCOME_AWARENESS,2026-03-01,228860,168190,1.360723,338,0.147689,0.920473,1.359434,311.12,255.0,0,1.220078,0.0,0,0.0,0.0,0,0.0,0,0,0,0,0,0,0.0,0,0.0,0,0,0,3870.0,1804.0,438.0,290.0,instagram,NS
