campanha,campanha_id,objetivo,data,impressoes,alcance,frequencia,cliques,ctr,cpc,cpm,custo,link_click,valor_link_click,custo_link_click,landing_page_view,valor_landing_page_view,custo_landing_page_view,lead,valor_lead,custo_lead,purchase,valor_purchase,custo_purchase,add_to_cart,valor_add_to_cart,custo_add_to_cart,initiate_checkout,valor_initiate_checkout,custo_initiate_checkout,complete_registration,valor_complete_registration,custo_complete_registration,video_p25,video_p50,video_p75,video_p100,shopping
ALC - NARBONA,120237232905670087,OUTCOME_AWARENESS,2026-02-10,462579,253504,1.82474,544,0.117602,1.01921,1.198606,554.45,360.0,0,1.540139,55.0,0,10.080909,0.0,0,0.0,0,0,0,0,0,0,0.0,0,0.0,0,0,0,3353.0,1029.0,577.0,363.0,CS
ALC - Capivalley,120238793084460087,OUTCOME_AWARENESS,2026-02-10,281612,226402,1.243858,990,0.351548,0.335677,1.180063,332.32,194.0,0,1.71299,20.0,0,16.616,0.0,0,0.0,0,0,0,0,0,0,0.0,0,0.0,0,0,0,2942.0,884.0,439.0,231.0,CS
[ALC] Carnaval - 02/02,120239471825400087,OUTCOME_AWARENESS,2026-02-10,193140,143243,1.348338,300,0.155328,0.7576,1.176763,227.28,212.0,0,1.072075,26.0,0,8.741538,0.0,0,0.0,0,0,0,0,0,0,0.0,0,0.0,0,0,0,182.0,64.0,26.0,12.0,CS
[ALC] Semana do Cinema 2026,120239561692810087,OUTCOME_AWARENESS,2026-02-10,100059,85395,1.17172,161,0.160905,0.812298,1.307029,130.78,100.0,0,1.3078,19.0,0,6.883158,0.0,0,0.0,0,0,0,0,0,0,0.0,0,0.0,0,0,0,,,,,CS
[ALC] Eventos Carnaval,120239751838580087,OUTCOME_AWARENESS,2026-02-10,836354,554514,1.508265,1419,0.169665,0.704715,1.195654,999.99,1004.0,0,0.996006,144.0,0,6.944375,0.0,0,0.0,0,0,0,0,0,0,0.0,0,0.0,0,0,0,1515.0,347.0,193.0,137.0,CS
[ALC] Eventos de Carnaval,120239828976910087,OUTCOME_ENGAGEMENT,2026-02-10,178741,127093,1.40638,1160,0.648984,0.602586,3.910686,699.0,576.0,0,1.213542,149.0,0,4.691275,0.0,0,0.0,0,0,0,0,0,0,0.0,0,0.0,0,0,0,30351.0,12884.0,8055.0,4447.0,CS
[ALC] Musical das capivaras,120239893660110087,OUTCOME_AWARENESS,2026-02-10,266623,258678,1.030714,511,0.191656,0.587084,1.125184,300.0,394.0,0,0.761421,59.0,0,5.084746,0.0,0,0.0,0,0,0,0,0,0,0.0,0,0.0,0,0,0,,,,,CS
[ALC] Carnapet Continente Shopping,120239915880680087,OUTCOME_AWARENESS,2026-02-10,127438,123301,1.033552,245,0.19225,0.612082,1.176729,149.96,199.0,0,0.753568,30.0,0,4.998667,0.0,0,0.0,0,0,0,0,0,0,0.0,0,0.0,0,0,0,,,,,CS
[ALC] Capivalley - Últimos dias,120240006022760087,OUTCOME_AWARENESS,2026-02-10,419337,327769,1.279367,607,0.144752,0.823723,1.192358,500.0,312.0,0,1.602564,57.0,0,8.77193,0.0,0,0.0,0,0,0,0,0,0,0.0,0,0.0,0,0,0,4338.0,1040.0,545.0,325.0,CS
ALC - Narbona novos conteúdos,120240054308210087,OUTCOME_AWARENESS,2026-02-10,154969,130172,1.190494,245,0.158096,0.757837,1.198111,185.67,182.0,0,1.020165,93.0,0,1.996452,0.0,0,0.0,0,0,0,0,0,0,0.0,0,0.0,0,0,0,639.0,170.0,98.0,65.0,CS
TFG - Narbona Site,120240056012140087,LINK_CLICKS,2026-02-10,178975,96477,1.855105,5863,3.275877,0.16783,5.497919,983.99,4256.0,0,0.231201,1078.0,0,0.912792,0.0,0,0.0,0,0,0,0,0,0,0.0,0,0.0,0,0,0,3401.0,868.0,580.0,400.0,CS
ALC - Narbona novos conteúdos,120240054308210087,OUTCOME_AWARENESS,2026-03-01,102210,71841,1.422725,177,0.173173,0.66435,1.150475,117.59,105.0,0,1.119905,55.0,0,2.138,1.0,0,117.59,0,0,0,0,0,0,12.0,0,9.799167,0,0,0,582.0,163.0,94.0,51.0,CS
[ALC] Musical K-Pop,120240776590700087,OUTCOME_AWARENESS,2026-03-01,50115,46048,1.088321,84,0.167614,0.71,1.190063,59.64,50.0,0,1.1928,0.0,0,0.0,0.0,0,0.0,0,0,0,0,0,0,0.0,0,0.0,0,0,0,,,,,CS
ALC - VOLTA AS AULAS,120240233245310402,OUTCOME_AWARENESS,2026-02-10,59810,56586,1.056975,45,0.075238,1.468889,1.105166,66.1,28.0,0,2.360714,0.0,0,0.0,0.0,0,0.0,0,0,0,0,0,0,0.0,0,0.0,0,0,0,322.0,42.0,16.0,13.0,BS
ALC - SUMMER,120240233387880402,OUTCOME_AWARENESS,2026-02-10,581726,337754,1.722336,260,0.044695,2.449615,1.094845,636.9,35.0,0,18.197143,0.0,0,0.0,0.0,0,0.0,0,0,0,0,0,0,0.0,0,0.0,0,0,0,34378.0,7902.0,4324.0,3007.0,BS
ALC - Semana do Cinema - BS JAN 25,120241101673890402,OUTCOME_AWARENESS,2026-02-10,73744,68923,1.069948,85,0.115264,1.064471,1.226947,90.48,50.0,0,1.8096,0.0,0,0.0,0.0,0,0.0,0,0,0,0,0,0,0.0,0,0.0,0,0,0,,,,,BS
ALC - Inauguração - Shantal,120241101729600402,OUTCOME_AWARENESS,2026-02-10,236538,137049,1.725937,240,0.101464,1.134708,1.151316,272.33,92.0,0,2.960109,0.0,0,0.0,0.0,0,0.0,0,0,0,0,0,0,0.0,0,0.0,0,0,0,355.0,149.0,62.0,47.0,BS
ALC - Carnaval Kids,120241264649820402,OUTCOME_AWARENESS,2026-02-10,1312667,831695,1.578303,1644,0.125241,1.016807,1.273461,1671.63,1276.0,0,1.310055,569.0,0,2.937838,0.0,0,0.0,0,0,0,0,0,0,0.0,0,0.0,0,0,0,,,,,BS
TRAF - Carnaval,120241501677080402,LINK_CLICKS,2026-02-10,288124,126604,2.275789,3839,1.332412,0.260485,3.470728,1000.0,3341.0,0,0.299312,1517.0,0,0.659196,0.0,0,0.0,0,0,0,0,0,0,0.0,0,0.0,0,0,0,,,,,BS
ALC - Ghibli Fest,120242067064510402,OUTCOME_AWARENESS,2026-02-10,112007,84777,1.321196,136,0.121421,0.965956,1.172873,131.37,75.0,0,1.7516,12.0,0,10.9475,0.0,0,0.0,0,0,0,0,0,0,0.0,0,0.0,0,0,0,,,,,BS
ALC - Moda Feminina | Verão - AON,120242067169520402,OUTCOME_AWARENESS,2026-02-10,131147,96460,1.3596,89,0.067863,1.771011,1.201857,157.62,55.0,0,2.865818,0.0,0,0.0,0.0,0,0.0,0,0,0,0,0,0,0.0,0,0.0,0,0,0,36.0,9.0,3.0,3.0,BS
ALC - Moda Masculina - AON,120242067335900402,OUTCOME_AWARENESS,2026-02-10,105054,75830,1.385388,83,0.079007,1.578916,1.247454,131.05,58.0,0,2.259483,0.0,0,0.0,0.0,0,0.0,0,0,0,0,0,0,0.0,0,0.0,0,0,0,732.0,140.0,45.0,24.0,BS
ALC - Lojas Corredor Zara,120242067408940402,OUTCOME_AWARENESS,2026-02-10,133179,69338,1.920722,134,0.100616,1.172537,1.179766,157.12,98.0,0,1.603265,2.0,0,78.56,0.0,0,0.0,0,0,0,0,0,0,0.0,0,0.0,0,0,0,1598.0,674.0,268.0,140.0,BS
ALC - Ghibli Fest,120242067064510402,OUTCOME_AWARENESS,2026-03-01,61993,57927,1.070192,61,0.098398,0.985902,0.97011,60.14,32.0,0,1.879375,0.0,0,0.0,1.0,0,60.14,0,0,0,0,0,0,1.0,0,60.14,0,0,0,,,,,BS
ALC - Moda Feminina | Verão - AON,120242067169520402,OUTCOME_AWARENESS,2026-03-01,314312,198163,1.586129,229,0.072858,1.442664,1.051089,330.37,149.0,0,2.217248,0.0,0,0.0,0.0,0,0.0,0,0,0,0,0,0,0.0,0,0.0,0,0,0,253.0,69.0,40.0,30.0,BS
ALC - Moda Masculina - AON,120242067335900402,OUTCOME_AWARENESS,2026-03-01,246503,162453,1.51738,173,0.070182,1.60052,1.123272,276.89,101.0,0,2.741485,0.0,0,0.0,3.0,0,92.296667,0,0,0,0,0,0,23.0,0,12.038696,0,0,0,162.0,30.0,12.0,9.0,BS
ALC - Lojas Corredor Zara,120242067408940402,OUTCOME_AWARENESS,2026-03-01,416110,224976,1.849575,349,0.083872,1.253496,1.051333,437.47,233.0,0,1.877554,0.0,0,0.0,5.0,0,87.494,0,0,0,0,0,0,51.0,0,8.577843,0,0,0,3355.0,1218.0,516.0,300.0,BS
ALC - GASTRONOMIA - BS,120242410811390402,OUTCOME_AWARENESS,2026-03-01,1188141,706018,1.682876,1073,0.090309,1.409776,1.273157,1512.69,732.0,0,2.066516,0.0,0,0.0,3.0,0,504.23,0,0,0,0,0,0,93.0,0,16.265484,0,0,0,,,,,BS
ALC - UNIZUSHI + DULADU,120242554636430402,OUTCOME_AWARENESS,2026-03-01,254947,171578,1.485896,283,0.111003,1.099293,1.220254,311.1,158.0,0,1.968987,96.0,0,3.240625,0.0,0,0.0,0,0,0,0,0,0,0.0,0,0.0,0,0,0,1730.0,409.0,212.0,138.0,BS
ALC - Gastronomia — AON,120217368581940157,OUTCOME_AWARENESS,2026-02-10,478782,319361,1.499187,347,0.072476,1.634467,1.184589,567.16,197.0,0,2.878985,0.0,0,0.0,0.0,0,0.0,0,0,0,0,0,0,0.0,0,0.0,0,0,0,3290.0,1414.0,434.0,278.0,NK
ALC - Arena Super Games,120236945555570157,OUTCOME_AWARENESS,2026-02-10,840805,661015,1.271991,1084,0.128924,0.985009,1.269914,1067.75,21.0,0,50.845238,0.0,0,0.0,0.0,0,0.0,0,0,0,0,0,0,0.0,0,0.0,0,0,0,14955.0,5403.0,2140.0,1338.0,NK
ALC - Cinema - AON,120237502551570157,OUTCOME_AWARENESS,2026-02-10,611946,314304,1.946988,923,0.15083,0.716804,1.081157,661.61,114.0,0,5.803596,0.0,0,0.0,0.0,0,0.0,0,0,0,0,0,0,0.0,0,0.0,0,0,0,82488.0,31093.0,16919.0,11901.0,NK
ALC - Coleção Boca Rosa Adidas,120238011056000157,OUTCOME_AWARENESS,2026-02-10,96529,66021,1.462095,90,0.093236,1.378111,1.284899,124.03,50.0,0,2.4806,0.0,0,0.0,0.0,0,0.0,0,0,0,0,0,0,0.0,0,0.0,0,0,0,1620.0,734.0,257.0,143.0,NK
ALC - Oficinas de Carnaval no Neumarkt Shopping,120238012028540157,OUTCOME_AWARENESS,2026-02-10,87547,60242,1.453255,70,0.079957,1.321429,1.056575,92.5,39.0,0,2.371795,0.0,0,0.0,0.0,0,0.0,0,0,0,0,0,0,0.0,0,0.0,0,0,0,,,,,NK
ENG - Conteúdos - Fev,120238024409700157,OUTCOME_ENGAGEMENT,2026-02-10,102435,43513,2.354124,193,0.188412,2.971658,5.598965,573.53,40.0,0,14.33825,0.0,0,0.0,0.0,0,0.0,0,0,0,0,0,0,0.0,0,0.0,0,0,0,20287.0,10633.0,6535.0,4698.0,NK
ALC - Semana do Cinema,120238152179080157,OUTCOME_AWARENESS,2026-02-10,90548,86871,1.042327,38,0.041967,3.04,1.275787,115.52,3.0,0,38.506667,0.0,0,0.0,0.0,0,0.0,0,0,0,0,0,0,0.0,0,0.0,0,0,0,989.0,502.0,133.0,80.0,NK
ALC- Valentine's Day,120238271108280157,OUTCOME_AWARENESS,2026-02-10,71284,56856,1.253764,79,0.110824,1.265063,1.401998,99.94,59.0,0,1.693898,0.0,0,0.0,0.0,0,0.0,0,0,0,0,0,0,0.0,0,0.0,0,0,0,524.0,97.0,62.0,40.0,NK
ALC - Moda Feminina,120238480775560157,OUTCOME_AWARENESS,2026-02-10,90156,59867,1.505938,42,0.046586,2.534524,1.180731,106.45,1.0,0,106.45,0.0,0,0.0,0.0,0,0.0,0,0,0,0,0,0,0.0,0,0.0,0,0,0,1501.0,715.0,260.0,146.0,NK
ALC - Feira Pet NK,120238544787450157,OUTCOME_AWARENESS,2026-02-10,188752,129920,1.452833,302,0.159998,0.662252,1.059591,200.0,104.0,0,1.923077,0.0,0,0.0,0.0,0,0.0,0,0,0,0,0,0,0.0,0,0.0,0,0,0,,,,,NK
ALC - Promoção Meu Méqui,120238882009230157,OUTCOME_AWARENESS,2026-02-10,15725,15158,1.037406,32,0.203498,0.677813,1.379332,21.69,25.0,0,0.8676,0.0,0,0.0,0.0,0,0.0,0,0,0,0,0,0,0.0,0,0.0,0,0,0,,,,,NK
ALC - Poker NK,120238895400210157,OUTCOME_AWARENESS,2026-02-10,27385,22443,1.220202,89,0.324995,0.424494,1.379587,37.78,3.0,0,12.593333,0.0,0,0.0,0.0,0,0.0,0,0,0,0,0,0,0.0,0,0.0,0,0,0,600.0,206.0,102.0,47.0,NK
ENG - POKER,120238895417590157,OUTCOME_ENGAGEMENT,2026-02-10,4893,3228,1.515799,109,2.227672,0.397156,8.847333,43.29,1.0,0,43.29,0.0,0,0.0,0.0,0,0.0,0,0,0,0,0,0,0.0,0,0.0,0,0,0,156.0,54.0,34.0,20.0,NK
ALC - General Ly,120238922807440157,OUTCOME_AWARENESS,2026-02-10,18845,16579,1.136679,23,0.122048,1.081304,1.319713,24.87,1.0,0,24.87,0.0,0,0.0,0.0,0,0.0,0,0,0,0,0,0,0.0,0,0.0,0,0,0,135.0,43.0,27.0,16.0,NK
ALC - Exposição Telomar,120238922924330157,OUTCOME_AWARENESS,2026-02-10,18059,18059,1.0,1,0.005537,24.35,1.348358,24.35,0.0,0,0.0,0.0,0,0.0,0.0,0,0.0,0,0,0,0,0,0,0.0,0,0.0,0,0,0,155.0,41.0,23.0,17.0,NK
ALC - Legueiros,120238935282320157,OUTCOME_AWARENESS,2026-02-10,53514,49180,1.088125,56,0.104646,1.172321,1.226782,65.65,33.0,0,1.989394,0.0,0,0.0,0.0,0,0.0,0,0,0,0,0,0,0.0,0,0.0,0,0,0,,,,,NK
ALC - Gastronomia — AON,120217368581940157,OUTCOME_AWARENESS,2026-03-01,262886,232999,1.128271,196,0.074557,1.534694,1.144222,300.8,127.0,0,2.368504,0.0,0,0.0,0.0,0,0.0,0,0,0,0,0,0,0.0,0,0.0,0,0,0,1562.0,615.0,241.0,141.0,NK
ALC - Cinema - AON,120237502551570157,OUTCOME_AWARENESS,2026-03-01,315722,203162,1.554041,507,0.160584,0.646667,1.038445,327.86,70.0,0,4.683714,20.0,0,16.393,0.0,0,0.0,0,0,0,0,0,0,0.0,0,0.0,0,0,0,78211.0,32143.0,18632.0,13857.0,NK
ALC - Moda Feminina,120238480775560157,OUTCOME_AWARENESS,2026-03-01,82665,55950,1.47748,26,0.031452,3.618462,1.138087,94.08,0.0,0,0.0,0.0,0,0.0,0.0,0,0.0,0,0,0,0,0,0,0.0,0,0.0,0,0,0,1333.0,602.0,222.0,133.0,NK
ALC - Promoção Meu Méqui,120238882009230157,OUTCOME_AWARENESS,2026-03-01,54617,40495,1.348734,102,0.186755,0.606961,1.13353,61.91,83.0,0,0.745904,0.0,0,0.0,0.0,0,0.0,0,0,0,0,0,0,0.0,0,0.0,0,0,0,,,,,NK
ALC - Poker NK,120238895400210157,OUTCOME_AWARENESS,2026-03-01,32275,25559,1.262765,64,0.198296,0.549063,1.088768,35.14,2.0,0,17.57,0.0,0,0.0,0.0,0,0.0,0,0,0,0,0,0,0.0,0,0.0,0,0,0,624.0,215.0,99.0,47.0,NK
ENG - POKER,120238895417590157,OUTCOME_ENGAGEMENT,2026-03-01,6905,4488,1.538547,85,1.230992,0.473882,5.833454,40.28,1.0,0,40.28,0.0,0,0.0,0.0,0,0.0,0,0,0,0,0,0,0.0,0,0.0,0,0,0,201.0,80.0,52.0,33.0,NK
ALC - General Ly,120238922807440157,OUTCOME_AWARENESS,2026-03-01,106051,67060,1.581435,134,0.126354,0.887612,1.121536,118.94,8.0,0,14.8675,0.0,0,0.0,0.0,0,0.0,0,0,0,0,0,0,0.0,0,0.0,0,0,0,743.0,191.0,115.0,64.0,NK
ALC - Exposição Telomar,120238922924330157,OUTCOME_AWARENESS,2026-03-01,90653,62760,1.444439,29,0.03199,3.498966,1.119323,101.47,1.0,0,101.47,0.0,0,0.0,0.0,0,0.0,0,0,0,0,0,0,0.0,0,0.0,0,0,0,926.0,283.0,144.0,103.0,NK
ALC - Legueiros,120238935282320157,OUTCOME_AWARENESS,2026-03-01,651088,367278,1.772739,612,0.093997,1.275425,1.198855,780.56,348.0,0,2.242989,1.0,0,780.56,0.0,0,0.0,0,0,0,0,0,0,0.0,0,0.0,0,0,0,19.0,10.0,5.0,5.0,NK
ALC - Semana do Consumidor,120239316518760157,OUTCOME_AWARENESS,2026-03-01,314288,224211,1.401751,260,0.082727,1.682962,1.392258,437.57,76.0,0,5.7575,0.0,0,0.0,0.0,0,0.0,0,0,0,0,0,0,0.0,0,0.0,0,0,0,1439.0,307.0,165.0,117.0,NK
ALC - Páscoa,120239362078700157,OUTCOME_AWARENESS,2026-03-01,13821,12437,1.111281,16,0.115766,1.11125,1.286448,17.78,0.0,0,0.0,0.0,0,0.0,0.0,0,0.0,0,0,0,0,0,0,0.0,0,0.0,0,0,0,92.0,31.0,13.0,8.0,NK
ALC | Moda Feminina,120218457714640075,OUTCOME_AWARENESS,2026-02-10,243243,188417,1.290982,223,0.091678,1.395426,1.279297,311.18,160.0,0,1.944875,19.0,0,16.377895,0.0,0,0.0,0,0,0,0,0,0,0.0,0,0.0,0,0,0,3777.0,1449.0,761.0,532.0,NR
ALC | Moda masculina,120218468471470075,OUTCOME_AWARENESS,2026-02-10,245113,177812,1.378495,251,0.102402,1.254661,1.284795,314.92,183.0,0,1.720874,0.0,0,0.0,0.0,0,0.0,0,0,0,0,0,0,0.0,0,0.0,0,0,0,8493.0,2993.0,1687.0,1172.0,NR
ALC - Lojas - Inauguração/ Gastronomia,120218470856850075,OUTCOME_AWARENESS,2026-02-10,354809,256728,1.382042,402,0.1133,1.214154,1.375642,488.09,281.0,0,1.736975,2.0,0,244.045,0.0,0,0.0,0,0,0,0,0,0,0.0,0,0.0,0,0,0,3734.0,1287.0,662.0,371.0,NR
ALC - Wow Park,120238243719230075,OUTCOME_AWARENESS,2026-02-10,349567,228786,1.527921,524,0.1499,0.902118,1.352273,472.71,365.0,0,1.295096,3.0,0,157.57,0.0,0,0.0,0,0,0,0,0,0,0.0,0,0.0,0,0,0,1805.0,498.0,258.0,172.0,NR
ALC - PISTA DE PATINAÇAO,120238346134830075,OUTCOME_AWARENESS,2026-02-10,810846,344486,2.353785,904,0.111488,1.130763,1.260671,1022.21,529.0,0,1.932344,3.0,0,340.736667,0.0,0,0.0,0,0,0,0,0,0,0.0,0,0.0,0,0,0,8172.0,3922.0,1474.0,865.0,NR
ALC - Inauguração Freddo Gelateria,120238539202460075,OUTCOME_AWARENESS,2026-02-10,342349,184086,1.859723,556,0.162407,0.730953,1.187122,406.41,179.0,0,2.270447,0.0,0,0.0,0.0,0,0.0,0,0,0,0,0,0,0.0,0,0.0,0,0,0,3835.0,952.0,553.0,383.0,NR
ALC - Dragões,120238712803660075,OUTCOME_AWARENESS,2026-02-10,402733,250409,1.608301,868,0.215527,0.577016,1.243628,500.85,168.0,0,2.98125,79.0,0,6.339873,0.0,0,0.0,0,0,0,0,0,0,0.0,0,0.0,0,0,0,4295.0,1594.0,742.0,416.0,NR
ALC - Bailinho de Carnaval,120238985339690075,OUTCOME_AWARENESS,2026-02-10,130312,108160,1.204808,154,0.118178,1.170779,1.383602,180.3,118.0,0,1.527966,33.0,0,5.463636,0.0,0,0.0,0,0,0,0,0,0,0.0,0,0.0,0,0,0,603.0,215.0,63.0,38.0,NR
ALC - Semana do Cinema Jan 25,120238985527080075,OUTCOME_AWARENESS,2026-02-10,31766,31276,1.015667,63,0.198325,0.660317,1.309576,41.6,49.0,0,0.84898,24.0,0,1.733333,0.0,0,0.0,0,0,0,0,0,0,0.0,0,0.0,0,0,0,,,,,NR
ALC - Brasileirisse,120239236381150075,OUTCOME_AWARENESS,2026-02-10,153254,92608,1.654868,183,0.11941,1.039016,1.240685,190.14,126.0,0,1.509048,48.0,0,3.96125,0.0,0,0.0,0,0,0,0,0,0,0.0,0,0.0,0,0,0,1135.0,354.0,178.0,99.0,NR
ALC - Feira de adoção pet,120239353688880075,OUTCOME_AWARENESS,2026-02-10,41073,31581,1.30056,43,0.104692,1.124884,1.177659,48.37,26.0,0,1.860385,0.0,0,0.0,0.0,0,0.0,0,0,0,0,0,0,0.0,0,0.0,0,0,0,,,,,NR
ALC - Oficina de RPG,120239356883300075,OUTCOME_AWARENESS,2026-02-10,147623,110950,1.330536,209,0.141577,0.956316,1.353922,199.87,164.0,0,1.21872,0.0,0,0.0,0.0,0,0.0,0,0,0,0,0,0,0.0,0,0.0,0,0,0,,,,,NR
ALC - Aventura Congelante,120239402846960075,OUTCOME_AWARENESS,2026-02-10,221974,133964,1.656968,395,0.177949,0.631797,1.124276,249.56,160.0,0,1.55975,1.0,0,249.56,0.0,0,0.0,0,0,0,0,0,0,0.0,0,0.0,0,0,0,23244.0,8546.0,3954.0,2355.0,NR
ALC - Encerramento Carnval,120239714623330075,OUTCOME_AWARENESS,2026-02-10,92797,68699,1.350777,18,0.019397,6.080556,1.179456,109.45,0.0,0,0.0,0.0,0,0.0,0.0,0,0.0,0,0,0,0,0,0,0.0,0,0.0,0,0,0,641.0,116.0,64.0,35.0,NR
ALC - Volksfriends,120239716062130075,OUTCOME_AWARENESS,2026-02-10,248670,169572,1.466457,358,0.143966,0.837905,1.206298,299.97,254.0,0,1.180984,0.0,0,0.0,0.0,0,0.0,0,0,0,0,0,0,0.0,0,0.0,0,0,0,,,,,NR
ALC - Norte Cafe,120239888343150075,OUTCOME_AWARENESS,2026-02-10,61652,45991,1.340523,40,0.06488,1.9995,1.297282,79.98,27.0,0,2.962222,0.0,0,0.0,0.0,0,0.0,0,0,0,0,0,0,0.0,0,0.0,0,0,0,956.0,437.0,133.0,88.0,NR
ALC - Filme Todo mundo em Panico,120239890360550075,OUTCOME_AWARENESS,2026-02-10,4,4,1.0,0,0.0,0.0,0.0,0.0,0.0,0,0.0,0.0,0,0.0,0.0,0,0.0,0,0,0,0,0,0,0.0,0,0.0,0,0,0,,,,,NR
ALC - Todo mundo em panico,120239954131620075,OUTCOME_AWARENESS,2026-02-10,76874,58382,1.316741,36,0.04683,3.007778,1.408539,108.28,11.0,0,9.843636,4.0,0,27.07,0.0,0,0.0,0,0,0,0,0,0,0.0,0,0.0,0,0,0,977.0,456.0,188.0,135.0,NR
ALC- Massinha Play-Doh,120240047519830075,OUTCOME_AWARENESS,2026-02-10,64454,60896,1.058427,18,0.027927,5.555556,1.551494,100.0,0.0,0,0.0,0.0,0,0.0,0.0,0,0.0,0,0,0,0,0,0,0.0,0,0.0,0,0,0,1515.0,589.0,359.0,178.0,NR
ALC | Moda Feminina,120218457714640075,OUTCOME_AWARENESS,2026-03-01,309997,256521,1.208466,362,0.116775,1.08884,1.271496,394.16,196.0,0,2.01102,40.0,0,9.854,1.0,0,394.16,0,0,0,0,0,0,13.0,0,30.32,0,0,0,9878.0,3780.0,1945.0,1287.0,NR
ALC | Moda masculina,120218468471470075,OUTCOME_AWARENESS,2026-03-01,257073,230325,1.116132,246,0.095693,1.328821,1.271584,326.89,171.0,0,1.911637,0.0,0,0.0,0.0,0,0.0,0,0,0,0,0,0,0.0,0,0.0,0,0,0,13832.0,4969.0,2747.0,1865.0,NR
ALC - Lojas - Inauguração/ Gastronomia,120218470856850075,OUTCOME_AWARENESS,2026-03-01,467009,408529,1.143148,478,0.102353,1.313766,1.344685,627.98,343.0,0,1.830845,0.0,0,0.0,0.0,0,0.0,0,0,0,0,0,0,2.0,0,313.99,0,0,0,3553.0,992.0,519.0,325.0,NR
ALC - Wow Park,120238243719230075,OUTCOME_AWARENESS,2026-03-01,85660,80395,1.065489,126,0.147093,0.864683,1.271889,108.95,84.0,0,1.297024,0.0,0,0.0,0.0,0,0.0,0,0,0,0,0,0,0.0,0,0.0,0,0,0,853.0,216.0,107.0,60.0,NR
ALC - PISTA DE PATINAÇAO,120238346134830075,OUTCOME_AWARENESS,2026-03-01,188222,151937,1.238816,221,0.117415,1.012579,1.188915,223.78,155.0,0,1.443742,0.0,0,0.0,0.0,0,0.0,0,0,0,0,0,0,0.0,0,0.0,0,0,0,3186.0,1401.0,481.0,294.0,NR
ALC - Todo mundo em panico,120239954131620075,OUTCOME_AWARENESS,2026-03-01,585044,362948,1.611922,722,0.12341,1.165263,1.438046,841.32,416.0,0,2.022404,278.0,0,3.026331,0.0,0,0.0,0,0,0,0,0,0,0.0,0,0.0,0,0,0,10856.0,4288.0,2600.0,1649.0,NR
ALC - Coelho Flock,120240253340710075,OUTCOME_AWARENESS,2026-03-01,228334,145180,1.572765,257,0.112554,1.150428,1.294858,295.66,216.0,0,1.368796,1.0,0,295.66,0.0,0,0.0,0,0,0,0,0,0,0.0,0,0.0,0,0,0,,,,,NR
ALC - Pet Day - Corrida Pet,120240504098140075,OUTCOME_AWARENESS,2026-03-01,87529,82218,1.064597,132,0.150807,0.893106,1.346868,117.89,110.0,0,1.071727,1.0,0,117.89,0.0,0,0.0,0,0,0,0,0,0,1.0,0,117.89,0,0,0,,,,,NR
ALC - Pokemon,120240557522400075,OUTCOME_AWARENESS,2026-03-01,37873,35152,1.077407,47,0.124099,1.172766,1.45539,55.12,34.0,0,1.621176,0.0,0,0.0,0.0,0,0.0,0,0,0,0,0,0,2.0,0,27.56,0,0,0,544.0,272.0,66.0,49.0,NR
ALC - Páscoa Cacau Show,120240557649330075,OUTCOME_AWARENESS,2026-03-01,14529,13949,1.04158,14,0.096359,1.395,1.344208,19.53,0.0,0,0.0,0.0,0,0.0,0.0,0,0.0,0,0,0,0,0,0,0.0,0,0.0,0,0,0,261.0,87.0,59.0,32.0,NR
ALC - MODA,120242232300500260,OUTCOME_AWARENESS,2026-02-10,538580,362160,1.487133,575,0.106762,1.150278,1.228063,661.41,377.0,0,1.754403,0.0,0,0.0,0.0,0,0.0,0,0,0,0,0,0,0.0,0,0.0,0,0,0,806.0,285.0,163.0,111.0,GS
ALC - CORRIDA SHOPPING,120243392123360260,OUTCOME_AWARENESS,2026-02-10,367869,221990,1.657142,408,0.110909,1.075245,1.192544,438.7,289.0,0,1.517993,0.0,0,0.0,0.0,0,0.0,0,0,0,0,0,0,0.0,0,0.0,0,0,0,4045.0,1221.0,635.0,306.0,GS
ALC - Bailinho de carnaval e carnapet,120244043225990260,OUTCOME_AWARENESS,2026-02-10,0,0,0.0,0,0.0,0.0,0.0,0.0,0.0,0,0.0,0.0,0,0.0,0.0,0,0.0,0,0,0,0,0,0,0.0,0,0.0,0,0,0,,,,,GS
ALC - Semana do Cinema,120244043525950260,OUTCOME_AWARENESS,2026-02-10,91182,85303,1.068919,168,0.184247,0.743393,1.369678,124.89,115.0,0,1.086,2.0,0,62.445,0.0,0,0.0,0,0,0,0,0,0,0.0,0,0.0,0,0,0,1755.0,704.0,384.0,290.0,GS
ALC - Retail Experience,120244288353810260,OUTCOME_AWARENESS,2026-02-10,73335,43789,1.674736,87,0.118634,0.936782,1.111338,81.5,69.0,0,1.181159,1.0,0,81.5,0.0,0,0.0,0,0,0,0,0,0,0.0,0,0.0,0,0,0,,,,,GS
ALC - Heroinas do Kpop,120244790251900260,OUTCOME_AWARENESS,2026-02-10,333889,220393,1.514971,703,0.210549,0.665519,1.401244,467.86,569.0,0,0.82225,236.0,0,1.982458,0.0,0,0.0,0,0,0,0,0,0,0.0,0,0.0,0,0,0,,,,,GS
ALC - Benefícios AJFans,120244790529090260,OUTCOME_AWARENESS,2026-02-10,173520,112435,1.543292,138,0.07953,1.650652,1.312759,227.79,109.0,0,2.089817,0.0,0,0.0,0.0,0,0.0,0,0,0,0,0,0,0.0,0,0.0,0,0,0,1129.0,641.0,280.0,106.0,GS
ALC - Aniversário Joinville - Atlantida,120245006540330260,OUTCOME_AWARENESS,2026-02-10,480280,426364,1.126455,1172,0.244024,0.852073,2.079266,998.63,11.0,0,90.784545,0.0,0,0.0,0.0,0,0.0,0,0,0,0,0,0,0.0,0,0.0,0,0,0,10002.0,2874.0,1593.0,996.0,GS
ALC - MODA,120242232300500260,OUTCOME_AWARENESS,2026-03-01,82969,77780,1.066714,84,0.101243,1.109643,1.123432,93.21,60.0,0,1.5535,0.0,0,0.0,0.0,0,0.0,0,0,0,0,0,0,0.0,0,0.0,0,0,0,86.0,22.0,12.0,7.0,GS
ALC - Heroinas do Kpop,120244790251900260,OUTCOME_AWARENESS,2026-03-01,24510,24510,1.0,54,0.220318,0.595,1.310894,32.13,44.0,0,0.730227,27.0,0,1.19,0.0,0,0.0,0,0,0,0,0,0,0.0,0,0.0,0,0,0,,,,,GS
ALC - Benefícios AJFans,120244790529090260,OUTCOME_AWARENESS,2026-03-01,338153,211680,1.597473,324,0.095815,1.241667,1.189698,402.3,260.0,0,1.547308,0.0,0,0.0,0.0,0,0.0,0,0,0,0,0,0,0.0,0,0.0,0,0,0,2409.0,1172.0,563.0,226.0,GS
ALC - Aniversário Joinville - Atlantida,120245006540330260,OUTCOME_AWARENESS,2026-03-01,0,0,0.0,0,0.0,0.0,0.0,0.0,0.0,0,0.0,0.0,0,0.0,0.0,0,0.0,0,0,0,0,0,0,0.0,0,0.0,0,0,0,,,,,GS
ALC - Exposição Territórios Internos,120245275376110260,OUTCOME_AWARENESS,2026-03-01,345231,203674,1.695018,212,0.061408,2.147689,1.318856,455.31,5.0,0,91.062,0.0,0,0.0,0.0,0,0.0,0,0,0,0,0,0,0.0,0,0.0,0,0,0,2623.0,678.0,337.0,204.0,GS
ALC - COTTON,120245275442810260,OUTCOME_AWARENESS,2026-03-01,360766,235339,1.532963,332,0.092026,1.444639,1.329449,479.62,4.0,0,119.905,0.0,0,0.0,0.0,0,0.0,0,0,0,0,0,0,0.0,0,0.0,0,0,0,2736.0,912.0,549.0,302.0,GS
ALC - TODO MUNDO EM PANICO,120245275605620260,OUTCOME_AWARENESS,2026-03-01,522679,333160,1.568853,1360,0.260198,0.510419,1.3281,694.17,445.0,0,1.559933,203.0,0,3.419557,0.0,0,0.0,0,0,0,0,0,0,0.0,0,0.0,0,0,0,836.0,322.0,182.0,87.0,GS
ALC - Últimos eventos do GS,120245278626830260,OUTCOME_AWARENESS,2026-03-01,66895,49776,1.343921,66,0.098662,1.249848,1.233127,82.49,51.0,0,1.617451,0.0,0,0.0,0.0,0,0.0,0,0,0,0,0,0,0.0,0,0.0,0,0,0,188.0,121.0,48.0,13.0,GS
ALC - ANIVERSARIO JOINVILLE GARTEN,120245447327370260,OUTCOME_AWARENESS,2026-03-01,71332,61554,1.158852,40,0.056076,2.33475,1.30923,93.39,1.0,0,93.39,0.0,0,0.0,0.0,0,0.0,0,0,0,0,0,0,0.0,0,0.0,0,0,0,,,,,GS
ALC- SEMANA DO CONSUMIDOR,120245447379270260,OUTCOME_AWARENESS,2026-03-01,336898,260335,1.294094,495,0.146929,1.397273,2.052995,691.65,402.0,0,1.720522,0.0,0,0.0,0.0,0,0.0,0,0,0,0,0,0,0.0,0,0.0,0,0,0,18698.0,6778.0,3772.0,2666.0,GS
ALC - Super ZOO,120237697768620225,OUTCOME_AWARENESS,2026-02-10,779431,323530,2.409146,1508,0.193474,0.649847,1.257289,979.97,1061.0,0,0.923629,485.0,0,2.020557,0.0,0,0.0,0,0,0,0,0,0,0.0,0,0.0,0,0,0,5360.0,1197.0,625.0,387.0,NS
ALC - FÉRIAS JAN 25,120237769674470225,OUTCOME_AWARENESS,2026-02-10,375632,166925,2.250304,534,0.14216,0.889906,1.265095,475.21,384.0,0,1.237526,0.0,0,0.0,0.0,0,0.0,0,0,0,0,0,0,0.0,0,0.0,0,0,0,4481.0,1268.0,590.0,354.0,NS
ALC - VERÃO/LOJAS,120237769884270225,OUTCOME_AWARENESS,2026-02-10,331570,145017,2.286422,446,0.134512,0.900314,1.211026,401.54,296.0,0,1.356554,0.0,0,0.0,0.0,0,0.0,0,0,0,0,0,0,0.0,0,0.0,0,0,0,4697.0,2483.0,1433.0,503.0,NS
ALC - ÓCULOS META OAKLEY,120237770000040225,OUTCOME_AWARENESS,2026-02-10,266947,125436,2.128153,345,0.129239,0.98487,1.272837,339.78,248.0,0,1.370081,0.0,0,0.0,0.0,0,0.0,0,0,0,0,0,0,0.0,0,0.0,0,0,0,1552.0,276.0,135.0,68.0,NS
ALC - Novidades Cinema GNC,120238216202110225,OUTCOME_AWARENESS,2026-02-10,73841,55690,1.325929,131,0.177408,0.692443,1.22845,90.71,101.0,0,0.898119,47.0,0,1.93,0.0,0,0.0,0,0,0,0,0,0,0.0,0,0.0,0,0,0,111.0,43.0,31.0,25.0,NS
ALC - Vortex,120238216332790225,OUTCOME_AWARENESS,2026-02-10,227561,104043,2.187182,259,0.113816,1.052278,1.197657,272.54,200.0,0,1.3627,0.0,0,0.0,0.0,0,0.0,0,0,0,0,0,0,0.0,0,0.0,0,0,0,,,,,NS
ALC - Exposição Ambiências,120238497254480225,OUTCOME_AWARENESS,2026-02-10,85557,53188,1.608577,87,0.101687,1.177126,1.19698,102.41,76.0,0,1.3475,0.0,0,0.0,0.0,0,0.0,0,0,0,0,0,0,0.0,0,0.0,0,0,0,1401.0,698.0,119.0,82.0,NS
ALC - A Casa de Gaby,120238749907260225,OUTCOME_AWARENESS,2026-02-10,245648,121715,2.018223,387,0.157543,0.775065,1.221056,299.95,283.0,0,1.059894,1.0,0,299.95,0.0,0,0.0,0,0,0,0,0,0,0.0,0,0.0,0,0,0,120.0,62.0,42.0,6.0,NS
ALC - Exposição Beatles,120239046320590225,OUTCOME_AWARENESS,2026-02-10,160175,91946,1.742055,168,0.104885,1.106369,1.160418,185.87,128.0,0,1.452109,0.0,0,0.0,0.0,0,0.0,0,0,0,0,0,0,0.0,0,0.0,0,0,0,1061.0,187.0,101.0,69.0,NS
ALC - CAPIVALLEY,120239368933820225,OUTCOME_AWARENESS,2026-02-10,207346,149942,1.382841,317,0.152885,0.886751,1.355705,281.1,79.0,0,3.558228,0.0,0,0.0,0.0,0,0.0,0,0,0,0,0,0,0.0,0,0.0,0,0,0,31780.0,11611.0,6363.0,4325.0,NS
ALC - Exposição Beatles,120239046320590225,OUTCOME_AWARENESS,2026-03-01,191689,105179,1.822503,152,0.079295,1.454342,1.153222,221.06,115.0,0,1.922261,0.0,0,0.0,0.0,0,0.0,0,0,0,0,0,0,0.0,0,0.0,0,0,0,1236.0,251.0,129.0,79.0,NS
ALC - CAPIVALLEY,120239368933820225,OUTCOME_AWARENESS,2026-03-01,822901,407485,2.019463,872,0.105967,1.210665,1.2829,1055.7,51.0,0,20.7,0.0,0,0.0,0.0,0,0.0,0,0,0,0,0,0,0.0,0,0.0,0,0,0,124085.0,45900.0,26786.0,18490.0,NS
ALC - MISS CRICIUMA,120239593181160225,OUTCOME_AWARENESS,2026-03-01,527460,274305,1.922896,722,0.136882,1.037562,1.42024,749.12,623.0,0,1.20244,331.0,0,2.263202,0.0,0,0.0,0,0,0,0,0,0,0.0,0,0.0,0,0,0,,,,,NS
ALC - PÁSCOA NS,120239593258100225,OUTCOME_AWARENESS,2026-03-01,840096,337293,2.490701,265,0.031544,4.28083,1.350346,1134.42,22.0,0,51.564545,1.0,0,1134.42,0.0,0,0.0,0,0,0,0,0,0,0.0,0,0.0,0,0,0,5654.0,1155.0,627.0,387.0,NS
ALC - MUSICAL O ENCANTO DA NATUREZA,120239602331250225,OUTCOME_AWARENESS,2026-03-01,228860,168190,1.360723,338,0.147689,0.920473,1.359434,311.12,255.0,0,1.220078,0.0,0,0.0,0.0,0,0.0,0,0,0,0,0,0,0.0,0,0.0,0,0,0,3870.0,1804.0,438.0,290.0,NS
