stat_time_day,gender,clicks,cpc,conversion,impressions,cost_per_conversion,conversion_rate,ctr,spend,cpm,shopping,shopping_sigla
2025-07-30 00:00:00,NONE,0,0.0,0,43,0.0,0.0,0.0,0.11,2.56,Nacoes Shopping,NS
2025-07-30 00:00:00,MALE,0,0.0,0,7796,0.0,0.0,0.0,16.62,2.13,Nacoes Shopping,NS
2025-07-30 00:00:00,FEMALE,0,0.0,0,9771,0.0,0.0,0.0,21.89,2.24,Nacoes Shopping,NS
2025-07-31 00:00:00,NONE,0,0.0,0,30,0.0,0.0,0.0,0.04,1.33,Nacoes Shopping,NS
2025-07-31 00:00:00,MALE,0,0.0,0,6127,0.0,0.0,0.0,13.25,2.16,Nacoes Shopping,NS
2025-07-31 00:00:00,FEMALE,0,0.0,0,8963,0.0,0.0,0.0,19.9,2.22,Nacoes Shopping,NS
2025-08-01 00:00:00,NONE,0,0.0,0,64,0.0,0.0,0.0,0.13,2.03,Nacoes Shopping,NS
2025-08-01 00:00:00,MALE,0,0.0,0,8969,0.0,0.0,0.0,16.95,1.89,Nacoes Shopping,NS
2025-08-01 00:00:00,FEMALE,0,0.0,0,11914,0.0,0.0,0.0,23.19,1.95,Nacoes Shopping,NS
2025-08-02 00:00:00,NONE,0,0.0,0,93,0.0,0.0,0.0,0.12,1.29,Nacoes Shopping,NS
2025-08-02 00:00:00,MALE,0,0.0,0,9347,0.0,0.0,0.0,16.87,1.8,Nacoes Shopping,NS
2025-08-02 00:00:00,FEMALE,0,0.0,0,11765,0.0,0.0,0.0,23.27,1.98,Nacoes Shopping,NS
2025-08-03 00:00:00,NONE,0,0.0,0,84,0.0,0.0,0.0,0.1,1.19,Nacoes Shopping,NS
2025-08-03 00:00:00,MALE,0,0.0,0,9506,0.0,0.0,0.0,17.04,1.79,Nacoes Shopping,NS
2025-08-03 00:00:00,FEMALE,0,0.0,0,11481,0.0,0.0,0.0,21.81,1.9,Nacoes Shopping,NS
2025-08-04 00:00:00,NONE,0,0.0,0,88,0.0,0.0,0.0,0.13,1.48,Nacoes Shopping,NS
2025-08-04 00:00:00,MALE,0,0.0,0,9474,0.0,0.0,0.0,18.28,1.93,Nacoes Shopping,NS
2025-08-04 00:00:00,FEMALE,0,0.0,0,9910,0.0,0.0,0.0,19.0,1.92,Nacoes Shopping,NS
2025-08-05 00:00:00,NONE,0,0.0,0,109,0.0,0.0,0.0,0.12,1.1,Nacoes Shopping,NS
2025-08-05 00:00:00,MALE,0,0.0,0,8521,0.0,0.0,0.0,17.04,2.0,Nacoes Shopping,NS
2025-08-05 00:00:00,FEMALE,0,0.0,0,8975,0.0,0.0,0.0,18.82,2.1,Nacoes Shopping,NS
2025-08-06 00:00:00,NONE,0,0.0,0,83,0.0,0.0,0.0,0.14,1.69,Nacoes Shopping,NS
2025-08-06 00:00:00,MALE,0,0.0,0,8264,0.0,0.0,0.0,17.86,2.16,Nacoes Shopping,NS
2025-08-06 00:00:00,FEMALE,0,0.0,0,8457,0.0,0.0,0.0,19.26,2.28,Nacoes Shopping,NS
2025-08-07 00:00:00,NONE,0,0.0,0,63,0.0,0.0,0.0,0.13,2.06,Nacoes Shopping,NS
2025-08-07 00:00:00,MALE,0,0.0,0,8594,0.0,0.0,0.0,17.31,2.01,Nacoes Shopping,NS
2025-08-07 00:00:00,FEMALE,0,0.0,0,9540,0.0,0.0,0.0,20.0,2.1,Nacoes Shopping,NS
2025-08-08 00:00:00,NONE,0,0.0,0,59,0.0,0.0,0.0,0.12,2.03,Nacoes Shopping,NS
2025-08-08 00:00:00,MALE,0,0.0,0,8178,0.0,0.0,0.0,17.48,2.14,Nacoes Shopping,NS
2025-08-08 00:00:00,FEMALE,0,0.0,0,8872,0.0,0.0,0.0,19.67,2.22,Nacoes Shopping,NS
2025-08-09 00:00:00,NONE,0,0.0,0,65,0.0,0.0,0.0,0.16,2.46,Nacoes Shopping,NS
2025-08-09 00:00:00,MALE,0,0.0,0,8244,0.0,0.0,0.0,17.38,2.11,Nacoes Shopping,NS
2025-08-09 00:00:00,FEMALE,0,0.0,0,9081,0.0,0.0,0.0,20.03,2.21,Nacoes Shopping,NS
2025-08-10 00:00:00,NONE,0,0.0,0,65,0.0,0.0,0.0,0.15,2.31,Nacoes Shopping,NS
2025-08-10 00:00:00,MALE,0,0.0,0,8453,0.0,0.0,0.0,16.67,1.97,Nacoes Shopping,NS
2025-08-10 00:00:00,FEMALE,0,0.0,0,9554,0.0,0.0,0.0,20.27,2.12,Nacoes Shopping,NS
2025-08-11 00:00:00,NONE,0,0.0,0,72,0.0,0.0,0.0,0.13,1.81,Nacoes Shopping,NS
2025-08-11 00:00:00,MALE,0,0.0,0,8147,0.0,0.0,0.0,16.62,2.04,Nacoes Shopping,NS
2025-08-11 00:00:00,FEMALE,0,0.0,0,8721,0.0,0.0,0.0,17.84,2.05,Nacoes Shopping,NS
2025-08-12 00:00:00,NONE,0,0.0,0,66,0.0,0.0,0.0,0.11,1.67,Nacoes Shopping,NS
2025-08-12 00:00:00,MALE,0,0.0,0,8221,0.0,0.0,0.0,17.23,2.1,Nacoes Shopping,NS
2025-08-12 00:00:00,FEMALE,0,0.0,0,8399,0.0,0.0,0.0,17.98,2.14,Nacoes Shopping,NS
2025-08-13 00:00:00,NONE,0,0.0,0,92,0.0,0.0,0.0,0.22,2.39,Nacoes Shopping,NS
2025-08-13 00:00:00,MALE,0,0.0,0,8505,0.0,0.0,0.0,17.13,2.01,Nacoes Shopping,NS
2025-08-13 00:00:00,FEMALE,0,0.0,0,8353,0.0,0.0,0.0,17.92,2.15,Nacoes Shopping,NS
2025-08-14 00:00:00,NONE,0,0.0,0,54,0.0,0.0,0.0,0.13,2.41,Nacoes Shopping,NS
2025-08-14 00:00:00,MALE,0,0.0,0,8676,0.0,0.0,0.0,16.23,1.87,Nacoes Shopping,NS
2025-08-14 00:00:00,FEMALE,0,0.0,0,9404,0.0,0.0,0.0,18.53,1.97,Nacoes Shopping,NS
2025-08-15 00:00:00,NONE,0,0.0,0,68,0.0,0.0,0.0,0.12,1.76,Nacoes Shopping,NS
2025-08-15 00:00:00,MALE,0,0.0,0,8124,0.0,0.0,0.0,15.62,1.92,Nacoes Shopping,NS
2025-08-15 00:00:00,FEMALE,0,0.0,0,8599,0.0,0.0,0.0,19.01,2.21,Nacoes Shopping,NS
2025-08-16 00:00:00,NONE,0,0.0,0,66,0.0,0.0,0.0,0.11,1.67,Nacoes Shopping,NS
2025-08-16 00:00:00,MALE,0,0.0,0,8274,0.0,0.0,0.0,16.63,2.01,Nacoes Shopping,NS
2025-08-16 00:00:00,FEMALE,0,0.0,0,8939,0.0,0.0,0.0,19.23,2.15,Nacoes Shopping,NS
2025-08-17 00:00:00,NONE,0,0.0,0,60,0.0,0.0,0.0,0.09,1.5,Nacoes Shopping,NS
2025-08-17 00:00:00,MALE,0,0.0,0,7925,0.0,0.0,0.0,16.1,2.03,Nacoes Shopping,NS
2025-08-17 00:00:00,FEMALE,0,0.0,0,8576,0.0,0.0,0.0,17.18,2.0,Nacoes Shopping,NS
2025-08-18 00:00:00,NONE,0,0.0,0,64,0.0,0.0,0.0,0.07,1.09,Nacoes Shopping,NS
2025-08-18 00:00:00,MALE,0,0.0,0,7275,0.0,0.0,0.0,15.54,2.14,Nacoes Shopping,NS
2025-08-18 00:00:00,FEMALE,0,0.0,0,7656,0.0,0.0,0.0,16.48,2.15,Nacoes Shopping,NS
2025-08-19 00:00:00,NONE,0,0.0,0,71,0.0,0.0,0.0,0.14,1.97,Nacoes Shopping,NS
2025-08-19 00:00:00,MALE,0,0.0,0,7471,0.0,0.0,0.0,16.66,2.23,Nacoes Shopping,NS
2025-08-19 00:00:00,FEMALE,0,0.0,0,6980,0.0,0.0,0.0,16.08,2.3,Nacoes Shopping,NS
2025-08-20 00:00:00,NONE,0,0.0,0,99,0.0,0.0,0.0,0.16,1.62,Nacoes Shopping,NS
2025-08-20 00:00:00,MALE,0,0.0,0,7105,0.0,0.0,0.0,15.98,2.25,Nacoes Shopping,NS
2025-08-20 00:00:00,FEMALE,0,0.0,0,6568,0.0,0.0,0.0,16.17,2.46,Nacoes Shopping,NS
2025-08-21 00:00:00,NONE,0,0.0,0,53,0.0,0.0,0.0,0.1,1.89,Nacoes Shopping,NS
2025-08-21 00:00:00,MALE,0,0.0,0,6688,0.0,0.0,0.0,14.27,2.13,Nacoes Shopping,NS
2025-08-21 00:00:00,FEMALE,0,0.0,0,7118,0.0,0.0,0.0,16.04,2.25,Nacoes Shopping,NS
2025-08-22 00:00:00,NONE,0,0.0,0,54,0.0,0.0,0.0,0.07,1.3,Nacoes Shopping,NS
2025-08-22 00:00:00,MALE,0,0.0,0,5810,0.0,0.0,0.0,13.09,2.25,Nacoes Shopping,NS
2025-08-22 00:00:00,FEMALE,0,0.0,0,6641,0.0,0.0,0.0,15.8,2.38,Nacoes Shopping,NS
2025-08-23 00:00:00,NONE,0,0.0,0,63,0.0,0.0,0.0,0.12,1.9,Nacoes Shopping,NS
2025-08-23 00:00:00,MALE,0,0.0,0,6087,0.0,0.0,0.0,14.1,2.32,Nacoes Shopping,NS
2025-08-23 00:00:00,FEMALE,0,0.0,0,6810,0.0,0.0,0.0,15.13,2.22,Nacoes Shopping,NS
2025-08-24 00:00:00,NONE,0,0.0,0,54,0.0,0.0,0.0,0.09,1.67,Nacoes Shopping,NS
2025-08-24 00:00:00,MALE,0,0.0,0,6492,0.0,0.0,0.0,13.54,2.09,Nacoes Shopping,NS
2025-08-24 00:00:00,FEMALE,0,0.0,0,6466,0.0,0.0,0.0,13.76,2.13,Nacoes Shopping,NS
2025-08-25 00:00:00,NONE,0,0.0,0,52,0.0,0.0,0.0,0.06,1.15,Nacoes Shopping,NS
2025-08-25 00:00:00,MALE,0,0.0,0,5116,0.0,0.0,0.0,11.88,2.32,Nacoes Shopping,NS
2025-08-25 00:00:00,FEMALE,0,0.0,0,4670,0.0,0.0,0.0,10.85,2.32,Nacoes Shopping,NS
2025-08-26 00:00:00,NONE,0,0.0,0,57,0.0,0.0,0.0,0.15,2.63,Nacoes Shopping,NS
2025-08-26 00:00:00,MALE,0,0.0,0,5101,0.0,0.0,0.0,11.94,2.34,Nacoes Shopping,NS
2025-08-26 00:00:00,FEMALE,0,0.0,0,4482,0.0,0.0,0.0,10.5,2.34,Nacoes Shopping,NS
2025-08-27 00:00:00,NONE,0,0.0,0,87,0.0,0.0,0.0,0.25,2.87,Nacoes Shopping,NS
2025-08-27 00:00:00,MALE,0,0.0,0,5655,0.0,0.0,0.0,13.83,2.45,Nacoes Shopping,NS
2025-08-27 00:00:00,FEMALE,0,0.0,0,4797,0.0,0.0,0.0,11.51,2.4,Nacoes Shopping,NS
2025-08-28 00:00:00,NONE,0,0.0,0,50,0.0,0.0,0.0,0.04,0.8,Nacoes Shopping,NS
2025-08-28 00:00:00,MALE,0,0.0,0,5507,0.0,0.0,0.0,12.52,2.27,Nacoes Shopping,NS
2025-08-28 00:00:00,FEMALE,0,0.0,0,5761,0.0,0.0,0.0,12.86,2.23,Nacoes Shopping,NS
2025-08-29 00:00:00,NONE,0,0.0,0,78,0.0,0.0,0.0,0.14,1.79,Nacoes Shopping,NS
2025-08-29 00:00:00,MALE,0,0.0,0,10138,0.0,0.0,0.0,22.37,2.21,Nacoes Shopping,NS
2025-08-29 00:00:00,FEMALE,0,0.0,0,10602,0.0,0.0,0.0,23.61,2.23,Nacoes Shopping,NS
2025-08-30 00:00:00,NONE,0,0.0,0,95,0.0,0.0,0.0,0.18,1.89,Nacoes Shopping,NS
2025-08-30 00:00:00,MALE,0,0.0,0,11351,0.0,0.0,0.0,25.08,2.21,Nacoes Shopping,NS
2025-08-30 00:00:00,FEMALE,0,0.0,0,12245,0.0,0.0,0.0,27.98,2.29,Nacoes Shopping,NS
2025-08-31 00:00:00,NONE,0,0.0,0,113,0.0,0.0,0.0,0.2,1.77,Nacoes Shopping,NS
2025-08-31 00:00:00,MALE,0,0.0,0,10416,0.0,0.0,0.0,21.85,2.1,Nacoes Shopping,NS
2025-08-31 00:00:00,FEMALE,0,0.0,0,10223,0.0,0.0,0.0,23.52,2.3,Nacoes Shopping,NS
2025-09-01 00:00:00,NONE,0,0.0,0,130,0.0,0.0,0.0,0.26,2.0,Nacoes Shopping,NS
2025-09-01 00:00:00,MALE,0,0.0,0,9884,0.0,0.0,0.0,18.39,1.86,Nacoes Shopping,NS
2025-09-01 00:00:00,FEMALE,0,0.0,0,11213,0.0,0.0,0.0,23.38,2.09,Nacoes Shopping,NS
2025-09-02 00:00:00,NONE,0,0.0,0,134,0.0,0.0,0.0,0.21,1.57,Nacoes Shopping,NS
2025-09-02 00:00:00,MALE,0,0.0,0,9452,0.0,0.0,0.0,19.87,2.1,Nacoes Shopping,NS
2025-09-02 00:00:00,FEMALE,0,0.0,0,10415,0.0,0.0,0.0,21.9,2.1,Nacoes Shopping,NS
2025-09-03 00:00:00,NONE,0,0.0,0,155,0.0,0.0,0.0,0.26,1.68,Nacoes Shopping,NS
2025-09-03 00:00:00,MALE,0,0.0,0,8730,0.0,0.0,0.0,19.43,2.23,Nacoes Shopping,NS
2025-09-03 00:00:00,FEMALE,0,0.0,0,9590,0.0,0.0,0.0,22.68,2.36,Nacoes Shopping,NS
2025-09-04 00:00:00,NONE,0,0.0,0,133,0.0,0.0,0.0,0.23,1.73,Nacoes Shopping,NS
2025-09-04 00:00:00,MALE,0,0.0,0,8365,0.0,0.0,0.0,19.75,2.36,Nacoes Shopping,NS
2025-09-04 00:00:00,FEMALE,0,0.0,0,8923,0.0,0.0,0.0,23.15,2.59,Nacoes Shopping,NS
2025-09-05 00:00:00,NONE,0,0.0,0,117,0.0,0.0,0.0,0.21,1.79,Nacoes Shopping,NS
2025-09-05 00:00:00,MALE,0,0.0,0,9134,0.0,0.0,0.0,20.17,2.21,Nacoes Shopping,NS
2025-09-05 00:00:00,FEMALE,0,0.0,0,10981,0.0,0.0,0.0,24.41,2.22,Nacoes Shopping,NS
2025-09-06 00:00:00,NONE,0,0.0,0,112,0.0,0.0,0.0,0.21,1.88,Nacoes Shopping,NS
2025-09-06 00:00:00,MALE,0,0.0,0,8552,0.0,0.0,0.0,19.16,2.24,Nacoes Shopping,NS
2025-09-06 00:00:00,FEMALE,0,0.0,0,10658,0.0,0.0,0.0,22.59,2.12,Nacoes Shopping,NS
2025-09-07 00:00:00,NONE,0,0.0,0,101,0.0,0.0,0.0,0.25,2.48,Nacoes Shopping,NS
2025-09-07 00:00:00,MALE,0,0.0,0,8758,0.0,0.0,0.0,20.02,2.29,Nacoes Shopping,NS
2025-09-07 00:00:00,FEMALE,0,0.0,0,10022,0.0,0.0,0.0,21.73,2.17,Nacoes Shopping,NS
2025-09-08 00:00:00,NONE,0,0.0,0,133,0.0,0.0,0.0,0.24,1.8,Nacoes Shopping,NS
2025-09-08 00:00:00,MALE,0,0.0,0,8412,0.0,0.0,0.0,18.75,2.23,Nacoes Shopping,NS
2025-09-08 00:00:00,FEMALE,0,0.0,0,9653,0.0,0.0,0.0,21.9,2.27,Nacoes Shopping,NS
2025-09-09 00:00:00,NONE,0,0.0,0,49,0.0,0.0,0.0,0.13,2.65,Nacoes Shopping,NS
2025-09-09 00:00:00,MALE,0,0.0,0,11225,0.0,0.0,0.0,24.89,2.22,Nacoes Shopping,NS
2025-09-09 00:00:00,FEMALE,0,0.0,0,13053,0.0,0.0,0.0,31.66,2.43,Nacoes Shopping,NS
2025-09-10 00:00:00,NONE,0,0.0,0,41,0.0,0.0,0.0,0.09,2.2,Nacoes Shopping,NS
2025-09-10 00:00:00,MALE,0,0.0,0,13834,0.0,0.0,0.0,31.92,2.31,Nacoes Shopping,NS
2025-09-10 00:00:00,FEMALE,0,0.0,0,16370,0.0,0.0,0.0,44.71,2.73,Nacoes Shopping,NS
2025-09-11 00:00:00,NONE,0,0.0,0,31,0.0,0.0,0.0,0.04,1.29,Nacoes Shopping,NS
2025-09-11 00:00:00,MALE,0,0.0,0,13457,0.0,0.0,0.0,32.63,2.42,Nacoes Shopping,NS
2025-09-11 00:00:00,FEMALE,0,0.0,0,15375,0.0,0.0,0.0,44.77,2.91,Nacoes Shopping,NS
2025-09-12 00:00:00,NONE,0,0.0,0,27,0.0,0.0,0.0,0.08,2.96,Nacoes Shopping,NS
2025-09-12 00:00:00,MALE,0,0.0,0,12216,0.0,0.0,0.0,31.04,2.54,Nacoes Shopping,NS
2025-09-12 00:00:00,FEMALE,0,0.0,0,15117,0.0,0.0,0.0,45.05,2.98,Nacoes Shopping,NS
2025-09-13 00:00:00,NONE,0,0.0,0,14,0.0,0.0,0.0,0.04,2.86,Nacoes Shopping,NS
2025-09-13 00:00:00,MALE,0,0.0,0,4653,0.0,0.0,0.0,13.22,2.84,Nacoes Shopping,NS
2025-09-13 00:00:00,FEMALE,0,0.0,0,5608,0.0,0.0,0.0,16.91,3.02,Nacoes Shopping,NS
2025-09-14 00:00:00,NONE,0,0.0,0,0,0.0,0.0,0.0,0.0,0.0,Nacoes Shopping,NS
2025-09-14 00:00:00,MALE,0,0.0,0,0,0.0,0.0,0.0,0.0,0.0,Nacoes Shopping,NS
2025-09-14 00:00:00,FEMALE,0,0.0,0,0,0.0,0.0,0.0,0.0,0.0,Nacoes Shopping,NS
2025-09-15 00:00:00,NONE,0,0.0,0,0,0.0,0.0,0.0,0.0,0.0,Nacoes Shopping,NS
2025-09-15 00:00:00,MALE,0,0.0,0,0,0.0,0.0,0.0,0.0,0.0,Nacoes Shopping,NS
2025-09-16 00:00:00,NONE,0,0.0,0,0,0.0,0.0,0.0,0.0,0.0,Nacoes Shopping,NS
2025-09-17 00:00:00,NONE,0,0.0,0,0,0.0,0.0,0.0,0.0,0.0,Nacoes Shopping,NS
2025-09-18 00:00:00,NONE,0,0.0,0,0,0.0,0.0,0.0,0.0,0.0,Nacoes Shopping,NS
2025-09-26 00:00:00,NONE,0,0.0,0,19,0.0,0.0,0.0,0.02,1.05,Nacoes Shopping,NS
2025-09-26 00:00:00,MALE,0,0.0,0,3816,0.0,0.0,0.0,8.36,2.19,Nacoes Shopping,NS
2025-09-26 00:00:00,FEMALE,0,0.0,0,4964,0.0,0.0,0.0,11.77,2.37,Nacoes Shopping,NS
2025-09-27 00:00:00,NONE,0,0.0,0,29,0.0,0.0,0.0,0.03,1.03,Nacoes Shopping,NS
2025-09-27 00:00:00,MALE,0,0.0,0,7734,0.0,0.0,0.0,18.32,2.37,Nacoes Shopping,NS
2025-09-27 00:00:00,FEMALE,0,0.0,0,9704,0.0,0.0,0.0,23.94,2.47,Nacoes Shopping,NS
2025-09-28 00:00:00,NONE,0,0.0,0,49,0.0,0.0,0.0,0.1,2.04,Nacoes Shopping,NS
2025-09-28 00:00:00,MALE,0,0.0,0,8396,0.0,0.0,0.0,19.36,2.31,Nacoes Shopping,NS
2025-09-28 00:00:00,FEMALE,0,0.0,0,9836,0.0,0.0,0.0,23.32,2.37,Nacoes Shopping,NS
2025-09-29 00:00:00,NONE,0,0.0,0,58,0.0,0.0,0.0,0.16,2.76,Nacoes Shopping,NS
2025-09-29 00:00:00,MALE,0,0.0,0,8082,0.0,0.0,0.0,19.62,2.43,Nacoes Shopping,NS
2025-09-29 00:00:00,FEMALE,0,0.0,0,8962,0.0,0.0,0.0,22.76,2.54,Nacoes Shopping,NS
2025-09-30 00:00:00,NONE,0,0.0,0,78,0.0,0.0,0.0,0.18,2.31,Nacoes Shopping,NS
2025-09-30 00:00:00,MALE,0,0.0,0,8461,0.0,0.0,0.0,21.12,2.5,Nacoes Shopping,NS
2025-09-30 00:00:00,FEMALE,0,0.0,0,8045,0.0,0.0,0.0,20.26,2.52,Nacoes Shopping,NS
2025-10-01 00:00:00,NONE,0,0.0,0,97,0.0,0.0,0.0,0.14,1.44,Nacoes Shopping,NS
2025-10-01 00:00:00,MALE,0,0.0,0,8906,0.0,0.0,0.0,16.78,1.88,Nacoes Shopping,NS
2025-10-01 00:00:00,FEMALE,0,0.0,0,10118,0.0,0.0,0.0,23.27,2.3,Nacoes Shopping,NS
2025-10-02 00:00:00,NONE,0,0.0,0,107,0.0,0.0,0.0,0.19,1.78,Nacoes Shopping,NS
2025-10-02 00:00:00,MALE,0,0.0,0,9213,0.0,0.0,0.0,17.85,1.94,Nacoes Shopping,NS
2025-10-02 00:00:00,FEMALE,0,0.0,0,9366,0.0,0.0,0.0,22.71,2.42,Nacoes Shopping,NS
2025-10-03 00:00:00,NONE,0,0.0,0,73,0.0,0.0,0.0,0.13,1.78,Nacoes Shopping,NS
2025-10-03 00:00:00,MALE,0,0.0,0,9212,0.0,0.0,0.0,18.64,2.02,Nacoes Shopping,NS
2025-10-03 00:00:00,FEMALE,0,0.0,0,10055,0.0,0.0,0.0,22.06,2.19,Nacoes Shopping,NS
2025-10-04 00:00:00,NONE,0,0.0,0,71,0.0,0.0,0.0,0.11,1.55,Nacoes Shopping,NS
2025-10-04 00:00:00,MALE,0,0.0,0,8818,0.0,0.0,0.0,16.59,1.88,Nacoes Shopping,NS
2025-10-04 00:00:00,FEMALE,0,0.0,0,10453,0.0,0.0,0.0,21.77,2.08,Nacoes Shopping,NS
2025-10-05 00:00:00,NONE,0,0.0,0,56,0.0,0.0,0.0,0.05,0.89,Nacoes Shopping,NS
2025-10-05 00:00:00,MALE,0,0.0,0,9032,0.0,0.0,0.0,16.75,1.85,Nacoes Shopping,NS
2025-10-05 00:00:00,FEMALE,0,0.0,0,10149,0.0,0.0,0.0,20.71,2.04,Nacoes Shopping,NS
2025-10-06 00:00:00,NONE,0,0.0,0,55,0.0,0.0,0.0,0.09,1.64,Nacoes Shopping,NS
2025-10-06 00:00:00,MALE,0,0.0,0,8501,0.0,0.0,0.0,16.6,1.95,Nacoes Shopping,NS
2025-10-06 00:00:00,FEMALE,0,0.0,0,9370,0.0,0.0,0.0,20.7,2.21,Nacoes Shopping,NS
2025-10-07 00:00:00,NONE,0,0.0,0,83,0.0,0.0,0.0,0.24,2.89,Nacoes Shopping,NS
2025-10-07 00:00:00,MALE,0,0.0,0,7843,0.0,0.0,0.0,16.93,2.16,Nacoes Shopping,NS
2025-10-07 00:00:00,FEMALE,0,0.0,0,9142,0.0,0.0,0.0,20.84,2.28,Nacoes Shopping,NS
2025-10-08 00:00:00,NONE,0,0.0,0,61,0.0,0.0,0.0,0.1,1.64,Nacoes Shopping,NS
2025-10-08 00:00:00,MALE,0,0.0,0,7618,0.0,0.0,0.0,16.52,2.17,Nacoes Shopping,NS
2025-10-08 00:00:00,FEMALE,0,0.0,0,8316,0.0,0.0,0.0,20.67,2.49,Nacoes Shopping,NS
2025-10-09 00:00:00,NONE,0,0.0,0,77,0.0,0.0,0.0,0.2,2.6,Nacoes Shopping,NS
2025-10-09 00:00:00,MALE,0,0.0,0,7404,0.0,0.0,0.0,16.5,2.23,Nacoes Shopping,NS
2025-10-09 00:00:00,FEMALE,0,0.0,0,8485,0.0,0.0,0.0,20.06,2.36,Nacoes Shopping,NS
2025-10-10 00:00:00,NONE,0,0.0,0,63,0.0,0.0,0.0,0.1,1.59,Nacoes Shopping,NS
2025-10-10 00:00:00,MALE,0,0.0,0,7832,0.0,0.0,0.0,17.2,2.2,Nacoes Shopping,NS
2025-10-10 00:00:00,FEMALE,0,0.0,0,9671,0.0,0.0,0.0,20.28,2.1,Nacoes Shopping,NS
2025-10-11 00:00:00,NONE,0,0.0,0,46,0.0,0.0,0.0,0.13,2.83,Nacoes Shopping,NS
2025-10-11 00:00:00,MALE,0,0.0,0,7653,0.0,0.0,0.0,15.19,1.98,Nacoes Shopping,NS
2025-10-11 00:00:00,FEMALE,0,0.0,0,9402,0.0,0.0,0.0,19.4,2.06,Nacoes Shopping,NS
2025-10-12 00:00:00,NONE,0,0.0,0,51,0.0,0.0,0.0,0.09,1.76,Nacoes Shopping,NS
2025-10-12 00:00:00,MALE,0,0.0,0,8042,0.0,0.0,0.0,15.12,1.88,Nacoes Shopping,NS
2025-10-12 00:00:00,FEMALE,0,0.0,0,9543,0.0,0.0,0.0,19.65,2.06,Nacoes Shopping,NS
2025-10-13 00:00:00,NONE,0,0.0,0,65,0.0,0.0,0.0,0.14,2.15,Nacoes Shopping,NS
2025-10-13 00:00:00,MALE,0,0.0,0,7111,0.0,0.0,0.0,13.62,1.92,Nacoes Shopping,NS
2025-10-13 00:00:00,FEMALE,0,0.0,0,8998,0.0,0.0,0.0,20.22,2.25,Nacoes Shopping,NS
2025-10-14 00:00:00,NONE,0,0.0,0,71,0.0,0.0,0.0,0.17,2.39,Nacoes Shopping,NS
2025-10-14 00:00:00,MALE,0,0.0,0,6834,0.0,0.0,0.0,13.83,2.02,Nacoes Shopping,NS
2025-10-14 00:00:00,FEMALE,0,0.0,0,8331,0.0,0.0,0.0,19.94,2.39,Nacoes Shopping,NS
2025-10-15 00:00:00,NONE,0,0.0,0,71,0.0,0.0,0.0,0.15,2.11,Nacoes Shopping,NS
2025-10-15 00:00:00,MALE,0,0.0,0,6524,0.0,0.0,0.0,14.39,2.21,Nacoes Shopping,NS
2025-10-15 00:00:00,FEMALE,0,0.0,0,7327,0.0,0.0,0.0,18.16,2.48,Nacoes Shopping,NS
2025-10-16 00:00:00,NONE,0,0.0,0,55,0.0,0.0,0.0,0.17,3.09,Nacoes Shopping,NS
2025-10-16 00:00:00,MALE,0,0.0,0,6865,0.0,0.0,0.0,15.86,2.31,Nacoes Shopping,NS
2025-10-16 00:00:00,FEMALE,0,0.0,0,6995,0.0,0.0,0.0,17.11,2.45,Nacoes Shopping,NS
2025-10-17 00:00:00,NONE,0,0.0,0,65,0.0,0.0,0.0,0.12,1.85,Nacoes Shopping,NS
2025-10-17 00:00:00,MALE,0,0.0,0,6848,0.0,0.0,0.0,15.8,2.31,Nacoes Shopping,NS
2025-10-17 00:00:00,FEMALE,0,0.0,0,7731,0.0,0.0,0.0,17.67,2.29,Nacoes Shopping,NS
2025-10-18 00:00:00,NONE,0,0.0,0,44,0.0,0.0,0.0,0.12,2.73,Nacoes Shopping,NS
2025-10-18 00:00:00,MALE,0,0.0,0,6561,0.0,0.0,0.0,13.24,2.02,Nacoes Shopping,NS
2025-10-18 00:00:00,FEMALE,0,0.0,0,7911,0.0,0.0,0.0,17.58,2.22,Nacoes Shopping,NS
2025-10-19 00:00:00,NONE,0,0.0,0,33,0.0,0.0,0.0,0.04,1.21,Nacoes Shopping,NS
2025-10-19 00:00:00,MALE,0,0.0,0,6412,0.0,0.0,0.0,13.19,2.06,Nacoes Shopping,NS
2025-10-19 00:00:00,FEMALE,0,0.0,0,7352,0.0,0.0,0.0,16.12,2.19,Nacoes Shopping,NS
2025-10-20 00:00:00,NONE,0,0.0,0,61,0.0,0.0,0.0,0.14,2.3,Nacoes Shopping,NS
2025-10-20 00:00:00,MALE,0,0.0,0,6298,0.0,0.0,0.0,13.78,2.19,Nacoes Shopping,NS
2025-10-20 00:00:00,FEMALE,0,0.0,0,6378,0.0,0.0,0.0,14.62,2.29,Nacoes Shopping,NS
2025-10-21 00:00:00,NONE,0,0.0,0,49,0.0,0.0,0.0,0.13,2.65,Nacoes Shopping,NS
2025-10-21 00:00:00,MALE,0,0.0,0,5543,0.0,0.0,0.0,13.44,2.42,Nacoes Shopping,NS
2025-10-21 00:00:00,FEMALE,0,0.0,0,5447,0.0,0.0,0.0,13.61,2.5,Nacoes Shopping,NS
2025-10-22 00:00:00,NONE,0,0.0,0,64,0.0,0.0,0.0,0.13,2.03,Nacoes Shopping,NS
2025-10-22 00:00:00,MALE,0,0.0,0,5082,0.0,0.0,0.0,13.08,2.57,Nacoes Shopping,NS
2025-10-22 00:00:00,FEMALE,0,0.0,0,4576,0.0,0.0,0.0,12.03,2.63,Nacoes Shopping,NS
2025-10-23 00:00:00,NONE,0,0.0,0,49,0.0,0.0,0.0,0.15,3.06,Nacoes Shopping,NS
2025-10-23 00:00:00,MALE,0,0.0,0,4879,0.0,0.0,0.0,12.43,2.55,Nacoes Shopping,NS
2025-10-23 00:00:00,FEMALE,0,0.0,0,4067,0.0,0.0,0.0,10.37,2.55,Nacoes Shopping,NS
2025-10-24 00:00:00,NONE,0,0.0,0,20,0.0,0.0,0.0,0.07,3.5,Nacoes Shopping,NS
2025-10-24 00:00:00,MALE,0,0.0,0,2962,0.0,0.0,0.0,6.91,2.33,Nacoes Shopping,NS
2025-10-24 00:00:00,FEMALE,0,0.0,0,2928,0.0,0.0,0.0,6.95,2.37,Nacoes Shopping,NS
2025-10-25 00:00:00,NONE,0,0.0,0,6,0.0,0.0,0.0,0.03,5.0,Nacoes Shopping,NS
2025-10-25 00:00:00,MALE,0,0.0,0,1834,0.0,0.0,0.0,4.17,2.27,Nacoes Shopping,NS
2025-10-25 00:00:00,FEMALE,0,0.0,0,2165,0.0,0.0,0.0,4.64,2.14,Nacoes Shopping,NS
2025-10-26 00:00:00,NONE,0,0.0,0,1,0.0,0.0,0.0,0.0,0.0,Nacoes Shopping,NS
2025-10-26 00:00:00,MALE,0,0.0,0,462,0.0,0.0,0.0,0.83,1.8,Nacoes Shopping,NS
2025-10-26 00:00:00,FEMALE,0,0.0,0,362,0.0,0.0,0.0,0.8,2.21,Nacoes Shopping,NS
2025-10-27 00:00:00,MALE,0,0.0,0,0,0.0,0.0,0.0,0.0,0.0,Nacoes Shopping,NS
2025-10-30 00:00:00,NONE,0,0.0,0,50,0.0,0.0,0.0,0.13,2.6,Nacoes Shopping,NS
2025-10-30 00:00:00,MALE,1,17.93,0,5590,0.0,0.0,0.02,17.93,3.21,Nacoes Shopping,NS
2025-10-30 00:00:00,FEMALE,4,5.23,0,7615,0.0,0.0,0.05,20.92,2.75,Nacoes Shopping,NS
2025-10-31 00:00:00,NONE,0,0.0,0,79,0.0,0.0,0.0,0.31,3.92,Nacoes Shopping,NS
2025-10-31 00:00:00,MALE,5,6.73,0,10633,0.0,0.0,0.05,33.64,3.16,Nacoes Shopping,NS
2025-10-31 00:00:00,FEMALE,4,10.92,0,14906,0.0,0.0,0.03,43.69,2.93,Nacoes Shopping,NS
2025-11-01 00:00:00,NONE,0,0.0,0,61,0.0,0.0,0.0,0.14,2.3,Nacoes Shopping,NS
2025-11-01 00:00:00,MALE,4,7.97,0,11826,0.0,0.0,0.03,31.89,2.7,Nacoes Shopping,NS
2025-11-01 00:00:00,FEMALE,11,3.84,0,17096,0.0,0.0,0.06,42.25,2.47,Nacoes Shopping,NS
2025-11-02 00:00:00,NONE,0,0.0,0,72,0.0,0.0,0.0,0.13,1.81,Nacoes Shopping,NS
2025-11-02 00:00:00,MALE,11,2.87,0,11589,0.0,0.0,0.09,31.59,2.73,Nacoes Shopping,NS
2025-11-02 00:00:00,FEMALE,10,3.71,0,16100,0.0,0.0,0.06,37.09,2.3,Nacoes Shopping,NS
2025-11-03 00:00:00,NONE,0,0.0,0,63,0.0,0.0,0.0,0.19,3.02,Nacoes Shopping,NS
2025-11-03 00:00:00,MALE,4,7.79,0,11306,0.0,0.0,0.04,31.14,2.75,Nacoes Shopping,NS
2025-11-03 00:00:00,FEMALE,3,12.07,0,14402,0.0,0.0,0.02,36.2,2.51,Nacoes Shopping,NS
2025-11-04 00:00:00,NONE,0,0.0,0,98,0.0,0.0,0.0,0.28,2.86,Nacoes Shopping,NS
2025-11-04 00:00:00,MALE,8,3.96,0,11741,0.0,0.0,0.07,31.7,2.7,Nacoes Shopping,NS
2025-11-04 00:00:00,FEMALE,2,18.67,0,15018,0.0,0.0,0.01,37.33,2.49,Nacoes Shopping,NS
2025-11-05 00:00:00,NONE,0,0.0,0,71,0.0,0.0,0.0,0.17,2.39,Nacoes Shopping,NS
2025-11-05 00:00:00,MALE,9,3.14,0,10393,0.0,0.0,0.09,28.24,2.72,Nacoes Shopping,NS
2025-11-05 00:00:00,FEMALE,7,5.63,0,14771,0.0,0.0,0.05,39.42,2.67,Nacoes Shopping,NS
2025-11-06 00:00:00,NONE,0,0.0,0,57,0.0,0.0,0.0,0.14,2.46,Nacoes Shopping,NS
2025-11-06 00:00:00,MALE,4,7.46,0,9634,0.0,0.0,0.04,29.85,3.1,Nacoes Shopping,NS
2025-11-06 00:00:00,FEMALE,7,5.04,0,13224,0.0,0.0,0.05,35.25,2.67,Nacoes Shopping,NS
2025-11-07 00:00:00,NONE,0,0.0,0,50,0.0,0.0,0.0,0.05,1.0,Nacoes Shopping,NS
2025-11-07 00:00:00,MALE,4,6.29,0,7980,0.0,0.0,0.05,25.15,3.15,Nacoes Shopping,NS
2025-11-07 00:00:00,FEMALE,4,8.68,0,12447,0.0,0.0,0.03,34.7,2.79,Nacoes Shopping,NS
2025-11-08 00:00:00,NONE,0,0.0,0,32,0.0,0.0,0.0,0.06,1.88,Nacoes Shopping,NS
2025-11-08 00:00:00,MALE,11,1.57,0,6393,0.0,0.0,0.17,17.25,2.7,Nacoes Shopping,NS
2025-11-08 00:00:00,FEMALE,4,7.21,0,11460,0.0,0.0,0.03,28.85,2.52,Nacoes Shopping,NS
2025-11-09 00:00:00,NONE,0,0.0,0,35,0.0,0.0,0.0,0.14,4.0,Nacoes Shopping,NS
2025-11-09 00:00:00,MALE,2,6.91,0,5120,0.0,0.0,0.04,13.82,2.7,Nacoes Shopping,NS
2025-11-09 00:00:00,FEMALE,3,8.74,0,9916,0.0,0.0,0.03,26.23,2.65,Nacoes Shopping,NS
2025-11-10 00:00:00,NONE,0,0.0,0,49,0.0,0.0,0.0,0.09,1.84,Nacoes Shopping,NS
2025-11-10 00:00:00,MALE,1,15.77,0,5282,0.0,0.0,0.02,15.77,2.99,Nacoes Shopping,NS
2025-11-10 00:00:00,FEMALE,8,3.2,0,9349,0.0,0.0,0.09,25.62,2.74,Nacoes Shopping,NS
2025-11-11 00:00:00,NONE,5,0.08,0,87,0.0,0.0,5.75,0.4,4.6,Nacoes Shopping,NS
2025-11-11 00:00:00,MALE,382,0.1,0,9111,0.0,0.0,4.19,38.98,4.28,Nacoes Shopping,NS
2025-11-11 00:00:00,FEMALE,488,0.1,0,10664,0.0,0.0,4.58,46.8,4.39,Nacoes Shopping,NS
2025-11-12 00:00:00,NONE,1,0.22,0,64,0.0,0.0,1.56,0.22,3.44,Nacoes Shopping,NS
2025-11-12 00:00:00,MALE,419,0.09,0,9543,0.0,0.0,4.39,37.69,3.95,Nacoes Shopping,NS
2025-11-12 00:00:00,FEMALE,517,0.08,0,9194,0.0,0.0,5.62,42.4,4.61,Nacoes Shopping,NS
2025-11-13 00:00:00,NONE,14,0.05,0,84,0.0,0.0,16.67,0.72,8.57,Nacoes Shopping,NS
2025-11-13 00:00:00,MALE,553,0.07,0,9208,0.0,0.0,6.01,40.91,4.44,Nacoes Shopping,NS
2025-11-13 00:00:00,FEMALE,660,0.07,0,9052,0.0,0.0,7.29,46.14,5.1,Nacoes Shopping,NS
2025-11-14 00:00:00,NONE,2,0.14,0,76,0.0,0.0,2.63,0.27,3.55,Nacoes Shopping,NS
2025-11-14 00:00:00,MALE,539,0.08,0,8289,0.0,0.0,6.5,40.53,4.89,Nacoes Shopping,NS
2025-11-14 00:00:00,FEMALE,793,0.06,0,8592,0.0,0.0,9.23,49.59,5.77,Nacoes Shopping,NS
2025-11-15 00:00:00,NONE,6,0.07,0,97,0.0,0.0,6.19,0.42,4.33,Nacoes Shopping,NS
2025-11-15 00:00:00,MALE,374,0.1,0,8506,0.0,0.0,4.4,39.14,4.6,Nacoes Shopping,NS
2025-11-15 00:00:00,FEMALE,376,0.1,0,8318,0.0,0.0,4.52,37.51,4.51,Nacoes Shopping,NS
2025-11-16 00:00:00,NONE,2,0.38,0,62,0.0,0.0,3.23,0.75,12.1,Nacoes Shopping,NS
2025-11-16 00:00:00,MALE,533,0.07,0,8528,0.0,0.0,6.25,37.9,4.44,Nacoes Shopping,NS
2025-11-16 00:00:00,FEMALE,523,0.08,0,8255,0.0,0.0,6.34,42.14,5.1,Nacoes Shopping,NS
2025-11-17 00:00:00,NONE,3,0.08,0,93,0.0,0.0,3.23,0.25,2.69,Nacoes Shopping,NS
2025-11-17 00:00:00,MALE,428,0.08,0,7866,0.0,0.0,5.44,34.86,4.43,Nacoes Shopping,NS
2025-11-17 00:00:00,FEMALE,606,0.07,0,8112,0.0,0.0,7.47,42.12,5.19,Nacoes Shopping,NS
2025-11-18 00:00:00,NONE,5,0.07,0,54,0.0,0.0,9.26,0.37,6.85,Nacoes Shopping,NS
2025-11-18 00:00:00,MALE,280,0.13,0,7514,0.0,0.0,3.73,37.3,4.96,Nacoes Shopping,NS
2025-11-18 00:00:00,FEMALE,339,0.11,0,7532,0.0,0.0,4.5,36.26,4.81,Nacoes Shopping,NS
2025-11-19 00:00:00,NONE,2,0.16,0,57,0.0,0.0,3.51,0.31,5.44,Nacoes Shopping,NS
2025-11-19 00:00:00,MALE,433,0.08,0,6937,0.0,0.0,6.24,36.7,5.29,Nacoes Shopping,NS
2025-11-19 00:00:00,FEMALE,451,0.09,0,7505,0.0,0.0,6.01,40.24,5.36,Nacoes Shopping,NS
2025-11-20 00:00:00,NONE,6,0.06,0,80,0.0,0.0,7.5,0.33,4.13,Nacoes Shopping,NS
2025-11-20 00:00:00,MALE,386,0.09,0,7271,0.0,0.0,5.31,33.97,4.67,Nacoes Shopping,NS
2025-11-20 00:00:00,FEMALE,478,0.08,0,7970,0.0,0.0,6.0,40.19,5.04,Nacoes Shopping,NS
2025-11-21 00:00:00,NONE,0,0.0,0,43,0.0,0.0,0.0,0.11,2.56,Nacoes Shopping,NS
2025-11-21 00:00:00,MALE,353,0.08,0,7035,0.0,0.0,5.02,29.15,4.14,Nacoes Shopping,NS
2025-11-21 00:00:00,FEMALE,476,0.08,0,7928,0.0,0.0,6.0,36.51,4.61,Nacoes Shopping,NS
2025-11-22 00:00:00,NONE,1,0.18,0,45,0.0,0.0,2.22,0.18,4.0,Nacoes Shopping,NS
2025-11-22 00:00:00,MALE,448,0.07,0,7362,0.0,0.0,6.09,32.17,4.37,Nacoes Shopping,NS
2025-11-22 00:00:00,FEMALE,394,0.08,0,7311,0.0,0.0,5.39,32.05,4.38,Nacoes Shopping,NS
2025-11-23 00:00:00,NONE,2,0.12,0,72,0.0,0.0,2.78,0.23,3.19,Nacoes Shopping,NS
2025-11-23 00:00:00,MALE,463,0.07,0,8102,0.0,0.0,5.71,32.23,3.98,Nacoes Shopping,NS
2025-11-23 00:00:00,FEMALE,435,0.08,0,8215,0.0,0.0,5.3,33.12,4.03,Nacoes Shopping,NS
2025-11-24 00:00:00,NONE,3,0.06,0,56,0.0,0.0,5.36,0.18,3.21,Nacoes Shopping,NS
2025-11-24 00:00:00,MALE,432,0.07,0,6762,0.0,0.0,6.39,31.51,4.66,Nacoes Shopping,NS
2025-11-24 00:00:00,FEMALE,415,0.07,0,6136,0.0,0.0,6.76,30.63,4.99,Nacoes Shopping,NS
2025-11-25 00:00:00,NONE,1,0.31,0,104,0.0,0.0,0.96,0.31,2.98,Nacoes Shopping,NS
2025-11-25 00:00:00,MALE,340,0.14,0,14411,0.0,0.0,2.36,48.15,3.34,Nacoes Shopping,NS
2025-11-25 00:00:00,FEMALE,449,0.13,0,14760,0.0,0.0,3.04,56.54,3.83,Nacoes Shopping,NS
2025-11-26 00:00:00,NONE,2,0.22,0,166,0.0,0.0,1.2,0.44,2.65,Nacoes Shopping,NS
2025-11-26 00:00:00,MALE,414,0.15,0,18023,0.0,0.0,2.3,60.04,3.33,Nacoes Shopping,NS
2025-11-26 00:00:00,FEMALE,395,0.15,0,17562,0.0,0.0,2.25,60.1,3.42,Nacoes Shopping,NS
2025-11-27 00:00:00,NONE,1,0.52,0,181,0.0,0.0,0.55,0.52,2.87,Nacoes Shopping,NS
2025-11-27 00:00:00,MALE,270,0.22,0,16465,0.0,0.0,1.64,58.57,3.56,Nacoes Shopping,NS
2025-11-27 00:00:00,FEMALE,425,0.17,0,18255,0.0,0.0,2.33,72.81,3.99,Nacoes Shopping,NS
2025-11-28 00:00:00,NONE,7,0.12,0,139,0.0,0.0,5.04,0.83,5.97,Nacoes Shopping,NS
2025-11-28 00:00:00,MALE,241,0.25,0,14947,0.0,0.0,1.61,59.29,3.97,Nacoes Shopping,NS
2025-11-28 00:00:00,FEMALE,468,0.14,0,15341,0.0,0.0,3.05,65.76,4.29,Nacoes Shopping,NS
2025-11-29 00:00:00,NONE,2,0.27,0,136,0.0,0.0,1.47,0.53,3.9,Nacoes Shopping,NS
2025-11-29 00:00:00,MALE,444,0.14,0,16428,0.0,0.0,2.7,63.17,3.85,Nacoes Shopping,NS
2025-11-29 00:00:00,FEMALE,438,0.15,0,16465,0.0,0.0,2.66,64.93,3.94,Nacoes Shopping,NS
2025-11-30 00:00:00,NONE,1,0.18,0,72,0.0,0.0,1.39,0.18,2.5,Nacoes Shopping,NS
2025-11-30 00:00:00,MALE,356,0.1,0,9340,0.0,0.0,3.81,36.6,3.92,Nacoes Shopping,NS
2025-11-30 00:00:00,FEMALE,658,0.07,0,10010,0.0,0.0,6.57,42.91,4.29,Nacoes Shopping,NS
2025-12-01 00:00:00,NONE,2,0.07,0,59,0.0,0.0,3.39,0.14,2.37,Nacoes Shopping,NS
2025-12-01 00:00:00,MALE,395,0.08,0,9012,0.0,0.0,4.38,30.65,3.4,Nacoes Shopping,NS
2025-12-01 00:00:00,FEMALE,571,0.07,0,10538,0.0,0.0,5.42,38.34,3.64,Nacoes Shopping,NS
2025-12-02 00:00:00,NONE,1,0.22,0,69,0.0,0.0,1.45,0.22,3.19,Nacoes Shopping,NS
2025-12-02 00:00:00,MALE,358,0.09,0,9542,0.0,0.0,3.75,31.21,3.27,Nacoes Shopping,NS
2025-12-02 00:00:00,FEMALE,681,0.06,0,10104,0.0,0.0,6.74,41.32,4.09,Nacoes Shopping,NS
2025-12-03 00:00:00,NONE,7,0.06,0,82,0.0,0.0,8.54,0.42,5.12,Nacoes Shopping,NS
2025-12-03 00:00:00,MALE,362,0.09,0,11418,0.0,0.0,3.17,33.35,2.92,Nacoes Shopping,NS
2025-12-03 00:00:00,FEMALE,655,0.06,0,12320,0.0,0.0,5.32,42.52,3.45,Nacoes Shopping,NS
2025-12-04 00:00:00,NONE,12,0.04,0,206,0.0,0.0,5.83,0.51,2.48,Nacoes Shopping,NS
2025-12-04 00:00:00,MALE,415,0.1,0,14341,0.0,0.0,2.89,42.44,2.96,Nacoes Shopping,NS
2025-12-04 00:00:00,FEMALE,610,0.08,0,14661,0.0,0.0,4.16,48.19,3.29,Nacoes Shopping,NS
2025-12-05 00:00:00,NONE,15,0.04,0,187,0.0,0.0,8.02,0.62,3.32,Nacoes Shopping,NS
2025-12-05 00:00:00,MALE,354,0.12,0,13292,0.0,0.0,2.66,41.18,3.1,Nacoes Shopping,NS
2025-12-05 00:00:00,FEMALE,536,0.09,0,14329,0.0,0.0,3.74,49.64,3.46,Nacoes Shopping,NS
2025-12-06 00:00:00,NONE,5,0.08,0,99,0.0,0.0,5.05,0.4,4.04,Nacoes Shopping,NS
2025-12-06 00:00:00,MALE,468,0.1,0,12376,0.0,0.0,3.78,46.64,3.77,Nacoes Shopping,NS
2025-12-06 00:00:00,FEMALE,545,0.09,0,13558,0.0,0.0,4.02,50.23,3.7,Nacoes Shopping,NS
2025-12-07 00:00:00,NONE,5,0.14,0,110,0.0,0.0,4.55,0.69,6.27,Nacoes Shopping,NS
2025-12-07 00:00:00,MALE,359,0.12,0,12598,0.0,0.0,2.85,41.4,3.29,Nacoes Shopping,NS
2025-12-07 00:00:00,FEMALE,484,0.11,0,13607,0.0,0.0,3.56,52.24,3.84,Nacoes Shopping,NS
2025-12-08 00:00:00,NONE,9,0.05,0,159,0.0,0.0,5.66,0.48,3.02,Nacoes Shopping,NS
2025-12-08 00:00:00,MALE,425,0.1,0,13926,0.0,0.0,3.05,44.05,3.16,Nacoes Shopping,NS
2025-12-08 00:00:00,FEMALE,623,0.09,0,15304,0.0,0.0,4.07,54.91,3.59,Nacoes Shopping,NS
2025-12-09 00:00:00,NONE,7,0.08,0,181,0.0,0.0,3.87,0.57,3.15,Nacoes Shopping,NS
2025-12-09 00:00:00,MALE,457,0.1,0,15860,0.0,0.0,2.88,45.77,2.89,Nacoes Shopping,NS
2025-12-09 00:00:00,FEMALE,563,0.08,0,14631,0.0,0.0,3.85,47.84,3.27,Nacoes Shopping,NS
2025-12-10 00:00:00,NONE,13,0.05,0,129,0.0,0.0,10.08,0.69,5.35,Nacoes Shopping,NS
2025-12-10 00:00:00,MALE,312,0.15,0,15297,0.0,0.0,2.04,45.25,2.96,Nacoes Shopping,NS
2025-12-10 00:00:00,FEMALE,419,0.11,0,15189,0.0,0.0,2.76,47.51,3.13,Nacoes Shopping,NS
2025-12-11 00:00:00,NONE,4,0.12,0,133,0.0,0.0,3.01,0.48,3.61,Nacoes Shopping,NS
2025-12-11 00:00:00,MALE,312,0.14,0,14184,0.0,0.0,2.2,44.45,3.13,Nacoes Shopping,NS
2025-12-11 00:00:00,FEMALE,451,0.11,0,14498,0.0,0.0,3.11,49.56,3.42,Nacoes Shopping,NS
2025-12-12 00:00:00,NONE,22,0.04,0,136,0.0,0.0,16.18,0.93,6.84,Nacoes Shopping,NS
2025-12-12 00:00:00,MALE,520,0.09,0,13749,0.0,0.0,3.78,47.95,3.49,Nacoes Shopping,NS
2025-12-12 00:00:00,FEMALE,716,0.07,0,15129,0.0,0.0,4.73,52.85,3.49,Nacoes Shopping,NS
2025-12-13 00:00:00,NONE,2,0.19,0,161,0.0,0.0,1.24,0.37,2.3,Nacoes Shopping,NS
2025-12-13 00:00:00,MALE,413,0.11,0,14249,0.0,0.0,2.9,44.47,3.12,Nacoes Shopping,NS
2025-12-13 00:00:00,FEMALE,522,0.09,0,15569,0.0,0.0,3.35,47.7,3.06,Nacoes Shopping,NS
2025-12-14 00:00:00,NONE,9,0.08,0,162,0.0,0.0,5.56,0.69,4.26,Nacoes Shopping,NS
2025-12-14 00:00:00,MALE,541,0.08,0,14979,0.0,0.0,3.61,45.11,3.01,Nacoes Shopping,NS
2025-12-14 00:00:00,FEMALE,592,0.08,0,15442,0.0,0.0,3.83,46.77,3.03,Nacoes Shopping,NS
2025-12-15 00:00:00,NONE,2,0.26,0,145,0.0,0.0,1.38,0.52,3.59,Nacoes Shopping,NS
2025-12-15 00:00:00,MALE,449,0.09,0,15079,0.0,0.0,2.98,41.51,2.75,Nacoes Shopping,NS
2025-12-15 00:00:00,FEMALE,513,0.09,0,15197,0.0,0.0,3.38,46.03,3.03,Nacoes Shopping,NS
2025-12-16 00:00:00,NONE,2,0.15,0,85,0.0,0.0,2.35,0.29,3.41,Nacoes Shopping,NS
2025-12-16 00:00:00,MALE,320,0.12,0,13532,0.0,0.0,2.36,37.19,2.75,Nacoes Shopping,NS
2025-12-16 00:00:00,FEMALE,708,0.07,0,14761,0.0,0.0,4.8,47.46,3.22,Nacoes Shopping,NS
2025-12-17 00:00:00,NONE,5,0.11,0,102,0.0,0.0,4.9,0.54,5.29,Nacoes Shopping,NS
2025-12-17 00:00:00,MALE,316,0.12,0,13634,0.0,0.0,2.32,38.2,2.8,Nacoes Shopping,NS
2025-12-17 00:00:00,FEMALE,518,0.09,0,14404,0.0,0.0,3.6,44.74,3.11,Nacoes Shopping,NS
2025-12-18 00:00:00,NONE,23,0.04,0,135,0.0,0.0,17.04,0.88,6.52,Nacoes Shopping,NS
2025-12-18 00:00:00,MALE,330,0.11,0,12137,0.0,0.0,2.72,37.7,3.11,Nacoes Shopping,NS
2025-12-18 00:00:00,FEMALE,485,0.09,0,12738,0.0,0.0,3.81,41.56,3.26,Nacoes Shopping,NS
2025-12-19 00:00:00,NONE,4,0.1,0,117,0.0,0.0,3.42,0.4,3.42,Nacoes Shopping,NS
2025-12-19 00:00:00,MALE,470,0.08,0,12515,0.0,0.0,3.76,39.82,3.18,Nacoes Shopping,NS
2025-12-19 00:00:00,FEMALE,522,0.08,0,13099,0.0,0.0,3.99,42.81,3.27,Nacoes Shopping,NS
2025-12-20 00:00:00,NONE,4,0.1,0,120,0.0,0.0,3.33,0.39,3.25,Nacoes Shopping,NS
2025-12-20 00:00:00,MALE,434,0.1,0,12846,0.0,0.0,3.38,42.21,3.29,Nacoes Shopping,NS
2025-12-20 00:00:00,FEMALE,420,0.1,0,12138,0.0,0.0,3.46,40.04,3.3,Nacoes Shopping,NS
2025-12-21 00:00:00,NONE,4,0.12,0,142,0.0,0.0,2.82,0.48,3.38,Nacoes Shopping,NS
2025-12-21 00:00:00,MALE,367,0.11,0,14100,0.0,0.0,2.6,40.39,2.86,Nacoes Shopping,NS
2025-12-21 00:00:00,FEMALE,428,0.1,0,13749,0.0,0.0,3.11,41.7,3.03,Nacoes Shopping,NS
2025-12-22 00:00:00,NONE,0,0.0,0,88,0.0,0.0,0.0,0.32,3.64,Nacoes Shopping,NS
2025-12-22 00:00:00,MALE,526,0.08,0,14340,0.0,0.0,3.67,41.82,2.92,Nacoes Shopping,NS
2025-12-22 00:00:00,FEMALE,450,0.09,0,12498,0.0,0.0,3.6,39.6,3.17,Nacoes Shopping,NS
2025-12-23 00:00:00,NONE,2,0.22,0,135,0.0,0.0,1.48,0.44,3.26,Nacoes Shopping,NS
2025-12-23 00:00:00,MALE,437,0.1,0,13466,0.0,0.0,3.25,42.81,3.18,Nacoes Shopping,NS
2025-12-23 00:00:00,FEMALE,340,0.11,0,12274,0.0,0.0,2.77,38.63,3.15,Nacoes Shopping,NS
2025-12-24 00:00:00,NONE,8,0.07,0,160,0.0,0.0,5.0,0.56,3.5,Nacoes Shopping,NS
2025-12-24 00:00:00,MALE,393,0.1,0,16548,0.0,0.0,2.37,39.84,2.41,Nacoes Shopping,NS
2025-12-24 00:00:00,FEMALE,465,0.09,0,13732,0.0,0.0,3.39,39.55,2.88,Nacoes Shopping,NS
2025-12-25 00:00:00,NONE,9,0.05,0,154,0.0,0.0,5.84,0.49,3.18,Nacoes Shopping,NS
2025-12-25 00:00:00,MALE,396,0.09,0,14611,0.0,0.0,2.71,35.13,2.4,Nacoes Shopping,NS
2025-12-25 00:00:00,FEMALE,657,0.07,0,15835,0.0,0.0,4.15,43.37,2.74,Nacoes Shopping,NS
2025-12-26 00:00:00,NONE,32,0.03,0,221,0.0,0.0,14.48,1.04,4.71,Nacoes Shopping,NS
2025-12-26 00:00:00,MALE,449,0.08,0,14484,0.0,0.0,3.1,34.93,2.41,Nacoes Shopping,NS
2025-12-26 00:00:00,FEMALE,527,0.07,0,16025,0.0,0.0,3.29,38.85,2.42,Nacoes Shopping,NS
2025-12-27 00:00:00,NONE,25,0.04,0,232,0.0,0.0,10.78,0.95,4.09,Nacoes Shopping,NS
2025-12-27 00:00:00,MALE,594,0.07,0,15603,0.0,0.0,3.81,38.61,2.47,Nacoes Shopping,NS
2025-12-27 00:00:00,FEMALE,812,0.06,0,17738,0.0,0.0,4.58,45.96,2.59,Nacoes Shopping,NS
2025-12-28 00:00:00,NONE,7,0.06,0,163,0.0,0.0,4.29,0.44,2.7,Nacoes Shopping,NS
2025-12-28 00:00:00,MALE,616,0.06,0,14943,0.0,0.0,4.12,36.81,2.46,Nacoes Shopping,NS
2025-12-28 00:00:00,FEMALE,904,0.05,0,16992,0.0,0.0,5.32,45.84,2.7,Nacoes Shopping,NS
2025-12-29 00:00:00,NONE,14,0.05,0,196,0.0,0.0,7.14,0.64,3.27,Nacoes Shopping,NS
2025-12-29 00:00:00,MALE,574,0.06,0,15604,0.0,0.0,3.68,34.49,2.21,Nacoes Shopping,NS
2025-12-29 00:00:00,FEMALE,991,0.04,0,17776,0.0,0.0,5.57,44.24,2.49,Nacoes Shopping,NS
2025-12-30 00:00:00,NONE,12,0.05,0,231,0.0,0.0,5.19,0.63,2.73,Nacoes Shopping,NS
2025-12-30 00:00:00,MALE,571,0.05,0,13291,0.0,0.0,4.3,30.84,2.32,Nacoes Shopping,NS
2025-12-30 00:00:00,FEMALE,1051,0.04,0,15899,0.0,0.0,6.61,42.16,2.65,Nacoes Shopping,NS
2025-12-31 00:00:00,NONE,3,0.11,0,132,0.0,0.0,2.27,0.34,2.58,Nacoes Shopping,NS
2025-12-31 00:00:00,MALE,458,0.05,0,10139,0.0,0.0,4.52,23.05,2.27,Nacoes Shopping,NS
2025-12-31 00:00:00,FEMALE,633,0.04,0,11383,0.0,0.0,5.56,26.87,2.36,Nacoes Shopping,NS
2026-01-01 00:00:00,NONE,0,0.0,0,7,0.0,0.0,0.0,0.0,0.0,Nacoes Shopping,NS
2026-01-01 00:00:00,MALE,0,0.0,0,28,0.0,0.0,0.0,0.0,0.0,Nacoes Shopping,NS
2026-01-01 00:00:00,FEMALE,4,0.0,0,19,0.0,0.0,21.05,0.0,0.0,Nacoes Shopping,NS
2026-01-02 00:00:00,NONE,1,0.0,0,4,0.0,0.0,25.0,0.0,0.0,Nacoes Shopping,NS
2026-01-02 00:00:00,MALE,0,0.0,0,0,0.0,0.0,0.0,0.0,0.0,Nacoes Shopping,NS
2026-01-02 00:00:00,FEMALE,1,0.0,0,1,0.0,0.0,100.0,0.0,0.0,Nacoes Shopping,NS
2026-01-03 00:00:00,NONE,0,0.0,0,2,0.0,0.0,0.0,0.0,0.0,Nacoes Shopping,NS
2026-01-03 00:00:00,MALE,0,0.0,0,0,0.0,0.0,0.0,0.0,0.0,Nacoes Shopping,NS
2026-01-03 00:00:00,FEMALE,0,0.0,0,1,0.0,0.0,0.0,0.0,0.0,Nacoes Shopping,NS
2026-01-04 00:00:00,NONE,0,0.0,0,4,0.0,0.0,0.0,0.0,0.0,Nacoes Shopping,NS
2026-01-04 00:00:00,MALE,0,0.0,0,2,0.0,0.0,0.0,0.0,0.0,Nacoes Shopping,NS
2026-01-04 00:00:00,FEMALE,0,0.0,0,0,0.0,0.0,0.0,0.0,0.0,Nacoes Shopping,NS
2026-01-05 00:00:00,NONE,0,0.0,0,7,0.0,0.0,0.0,0.0,0.0,Nacoes Shopping,NS
2026-01-05 00:00:00,MALE,0,0.0,0,0,0.0,0.0,0.0,0.0,0.0,Nacoes Shopping,NS
2026-01-05 00:00:00,FEMALE,1,0.0,0,1,0.0,0.0,100.0,0.0,0.0,Nacoes Shopping,NS
2026-01-06 00:00:00,NONE,0,0.0,0,0,0.0,0.0,0.0,0.0,0.0,Nacoes Shopping,NS
2026-01-06 00:00:00,MALE,0,0.0,0,0,0.0,0.0,0.0,0.0,0.0,Nacoes Shopping,NS
2026-01-06 00:00:00,FEMALE,0,0.0,0,0,0.0,0.0,0.0,0.0,0.0,Nacoes Shopping,NS
2026-01-07 00:00:00,NONE,0,0.0,0,0,0.0,0.0,0.0,0.0,0.0,Nacoes Shopping,NS
2026-01-07 00:00:00,MALE,0,0.0,0,0,0.0,0.0,0.0,0.0,0.0,Nacoes Shopping,NS
2026-01-07 00:00:00,FEMALE,0,0.0,0,2,0.0,0.0,0.0,0.0,0.0,Nacoes Shopping,NS
2026-01-08 00:00:00,NONE,0,0.0,0,0,0.0,0.0,0.0,0.0,0.0,Nacoes Shopping,NS
2026-01-08 00:00:00,MALE,0,0.0,0,0,0.0,0.0,0.0,0.0,0.0,Nacoes Shopping,NS
2026-01-09 00:00:00,NONE,0,0.0,0,0,0.0,0.0,0.0,0.0,0.0,Nacoes Shopping,NS
2026-01-10 00:00:00,NONE,0,0.0,0,0,0.0,0.0,0.0,0.0,0.0,Nacoes Shopping,NS
2026-01-10 00:00:00,FEMALE,0,0.0,0,0,0.0,0.0,0.0,0.0,0.0,Nacoes Shopping,NS
2026-01-11 00:00:00,NONE,0,0.0,0,0,0.0,0.0,0.0,0.0,0.0,Nacoes Shopping,NS
2026-01-11 00:00:00,MALE,0,0.0,0,0,0.0,0.0,0.0,0.0,0.0,Nacoes Shopping,NS
2026-01-11 00:00:00,FEMALE,0,0.0,0,0,0.0,0.0,0.0,0.0,0.0,Nacoes Shopping,NS
2026-01-12 00:00:00,MALE,0,0.0,0,0,0.0,0.0,0.0,0.0,0.0,Nacoes Shopping,NS
2026-01-12 00:00:00,FEMALE,0,0.0,0,0,0.0,0.0,0.0,0.0,0.0,Nacoes Shopping,NS
2026-01-13 00:00:00,NONE,0,0.0,0,0,0.0,0.0,0.0,0.0,0.0,Nacoes Shopping,NS
2026-01-13 00:00:00,MALE,0,0.0,0,0,0.0,0.0,0.0,0.0,0.0,Nacoes Shopping,NS
2026-01-14 00:00:00,NONE,0,0.0,0,14,0.0,0.0,0.0,0.04,2.86,Nacoes Shopping,NS
2026-01-14 00:00:00,MALE,0,0.0,0,3921,0.0,0.0,0.0,4.75,1.21,Nacoes Shopping,NS
2026-01-14 00:00:00,FEMALE,0,0.0,0,5478,0.0,0.0,0.0,7.19,1.31,Nacoes Shopping,NS
2026-01-15 00:00:00,NONE,0,0.0,0,51,0.0,0.0,0.0,0.09,1.76,Nacoes Shopping,NS
2026-01-15 00:00:00,MALE,0,0.0,0,9697,0.0,0.0,0.0,14.82,1.53,Nacoes Shopping,NS
2026-01-15 00:00:00,FEMALE,0,0.0,0,11746,0.0,0.0,0.0,19.74,1.68,Nacoes Shopping,NS
2026-01-16 00:00:00,NONE,0,0.0,0,39,0.0,0.0,0.0,0.03,0.77,Nacoes Shopping,NS
2026-01-16 00:00:00,MALE,0,0.0,0,9244,0.0,0.0,0.0,14.89,1.61,Nacoes Shopping,NS
2026-01-16 00:00:00,FEMALE,0,0.0,0,11104,0.0,0.0,0.0,18.74,1.69,Nacoes Shopping,NS
2026-01-17 00:00:00,NONE,0,0.0,0,61,0.0,0.0,0.0,0.2,3.28,Nacoes Shopping,NS
2026-01-17 00:00:00,MALE,0,0.0,0,9369,0.0,0.0,0.0,15.4,1.64,Nacoes Shopping,NS
2026-01-17 00:00:00,FEMALE,0,0.0,0,11122,0.0,0.0,0.0,18.2,1.64,Nacoes Shopping,NS
2026-01-18 00:00:00,NONE,0,0.0,0,47,0.0,0.0,0.0,0.06,1.28,Nacoes Shopping,NS
2026-01-18 00:00:00,MALE,0,0.0,0,9290,0.0,0.0,0.0,15.23,1.64,Nacoes Shopping,NS
2026-01-18 00:00:00,FEMALE,0,0.0,0,10928,0.0,0.0,0.0,18.17,1.66,Nacoes Shopping,NS
2026-01-19 00:00:00,NONE,0,0.0,0,32,0.0,0.0,0.0,0.05,1.56,Nacoes Shopping,NS
2026-01-19 00:00:00,MALE,0,0.0,0,7940,0.0,0.0,0.0,14.11,1.78,Nacoes Shopping,NS
2026-01-19 00:00:00,FEMALE,0,0.0,0,9328,0.0,0.0,0.0,17.31,1.86,Nacoes Shopping,NS
2026-01-20 00:00:00,NONE,0,0.0,0,39,0.0,0.0,0.0,0.07,1.79,Nacoes Shopping,NS
2026-01-20 00:00:00,MALE,0,0.0,0,6765,0.0,0.0,0.0,13.48,1.99,Nacoes Shopping,NS
2026-01-20 00:00:00,FEMALE,0,0.0,0,8336,0.0,0.0,0.0,17.04,2.04,Nacoes Shopping,NS
2026-01-21 00:00:00,NONE,0,0.0,0,24,0.0,0.0,0.0,0.02,0.83,Nacoes Shopping,NS
2026-01-21 00:00:00,MALE,0,0.0,0,8115,0.0,0.0,0.0,14.41,1.78,Nacoes Shopping,NS
2026-01-21 00:00:00,FEMALE,0,0.0,0,10899,0.0,0.0,0.0,19.31,1.77,Nacoes Shopping,NS
2026-01-22 00:00:00,NONE,0,0.0,0,27,0.0,0.0,0.0,0.06,2.22,Nacoes Shopping,NS
2026-01-22 00:00:00,MALE,0,0.0,0,8645,0.0,0.0,0.0,13.87,1.6,Nacoes Shopping,NS
2026-01-22 00:00:00,FEMALE,0,0.0,0,10921,0.0,0.0,0.0,17.56,1.61,Nacoes Shopping,NS
2026-01-23 00:00:00,NONE,0,0.0,0,30,0.0,0.0,0.0,0.06,2.0,Nacoes Shopping,NS
2026-01-23 00:00:00,MALE,0,0.0,0,8088,0.0,0.0,0.0,13.36,1.65,Nacoes Shopping,NS
2026-01-23 00:00:00,FEMALE,0,0.0,0,10156,0.0,0.0,0.0,16.98,1.67,Nacoes Shopping,NS
2026-01-24 00:00:00,NONE,0,0.0,0,38,0.0,0.0,0.0,0.07,1.84,Nacoes Shopping,NS
2026-01-24 00:00:00,MALE,0,0.0,0,8155,0.0,0.0,0.0,14.72,1.81,Nacoes Shopping,NS
2026-01-24 00:00:00,FEMALE,0,0.0,0,9538,0.0,0.0,0.0,15.99,1.68,Nacoes Shopping,NS
2026-01-25 00:00:00,NONE,0,0.0,0,37,0.0,0.0,0.0,0.08,2.16,Nacoes Shopping,NS
2026-01-25 00:00:00,MALE,0,0.0,0,8718,0.0,0.0,0.0,13.95,1.6,Nacoes Shopping,NS
2026-01-25 00:00:00,FEMALE,0,0.0,0,9489,0.0,0.0,0.0,14.69,1.55,Nacoes Shopping,NS
2026-01-26 00:00:00,NONE,0,0.0,0,24,0.0,0.0,0.0,0.08,3.33,Nacoes Shopping,NS
2026-01-26 00:00:00,MALE,0,0.0,0,7079,0.0,0.0,0.0,13.48,1.9,Nacoes Shopping,NS
2026-01-26 00:00:00,FEMALE,0,0.0,0,7585,0.0,0.0,0.0,14.9,1.96,Nacoes Shopping,NS
2026-01-27 00:00:00,NONE,0,0.0,0,48,0.0,0.0,0.0,0.03,0.63,Nacoes Shopping,NS
2026-01-27 00:00:00,MALE,0,0.0,0,6633,0.0,0.0,0.0,11.54,1.74,Nacoes Shopping,NS
2026-01-27 00:00:00,FEMALE,0,0.0,0,8188,0.0,0.0,0.0,14.84,1.81,Nacoes Shopping,NS
2026-01-28 00:00:00,NONE,0,0.0,0,67,0.0,0.0,0.0,0.12,1.79,Nacoes Shopping,NS
2026-01-28 00:00:00,MALE,0,0.0,0,8591,0.0,0.0,0.0,13.23,1.54,Nacoes Shopping,NS
2026-01-28 00:00:00,FEMALE,0,0.0,0,10825,0.0,0.0,0.0,16.83,1.55,Nacoes Shopping,NS
2026-01-29 00:00:00,NONE,0,0.0,0,117,0.0,0.0,0.0,0.24,2.05,Nacoes Shopping,NS
2026-01-29 00:00:00,MALE,0,0.0,0,14109,0.0,0.0,0.0,22.77,1.61,Nacoes Shopping,NS
2026-01-29 00:00:00,FEMALE,0,0.0,0,17254,0.0,0.0,0.0,29.06,1.68,Nacoes Shopping,NS
2026-01-30 00:00:00,NONE,0,0.0,0,115,0.0,0.0,0.0,0.2,1.74,Nacoes Shopping,NS
2026-01-30 00:00:00,MALE,0,0.0,0,24957,0.0,0.0,0.0,44.28,1.77,Nacoes Shopping,NS
2026-01-30 00:00:00,FEMALE,0,0.0,0,27308,0.0,0.0,0.0,52.8,1.93,Nacoes Shopping,NS
2026-01-31 00:00:00,NONE,0,0.0,0,116,0.0,0.0,0.0,0.2,1.72,Nacoes Shopping,NS
2026-01-31 00:00:00,MALE,0,0.0,0,22561,0.0,0.0,0.0,42.79,1.9,Nacoes Shopping,NS
2026-01-31 00:00:00,FEMALE,0,0.0,0,25092,0.0,0.0,0.0,49.04,1.95,Nacoes Shopping,NS
2026-02-01 00:00:00,NONE,0,0.0,0,165,0.0,0.0,0.0,0.28,1.7,Nacoes Shopping,NS
2026-02-01 00:00:00,MALE,0,0.0,0,23196,0.0,0.0,0.0,40.21,1.73,Nacoes Shopping,NS
2026-02-01 00:00:00,FEMALE,0,0.0,0,26834,0.0,0.0,0.0,44.31,1.65,Nacoes Shopping,NS
2026-02-02 00:00:00,NONE,0,0.0,0,198,0.0,0.0,0.0,0.3,1.52,Nacoes Shopping,NS
2026-02-02 00:00:00,MALE,0,0.0,0,20463,0.0,0.0,0.0,36.51,1.78,Nacoes Shopping,NS
2026-02-02 00:00:00,FEMALE,0,0.0,0,24593,0.0,0.0,0.0,45.73,1.86,Nacoes Shopping,NS
2026-02-03 00:00:00,NONE,0,0.0,0,157,0.0,0.0,0.0,0.28,1.78,Nacoes Shopping,NS
2026-02-03 00:00:00,MALE,0,0.0,0,18411,0.0,0.0,0.0,36.8,2.0,Nacoes Shopping,NS
2026-02-03 00:00:00,FEMALE,0,0.0,0,22081,0.0,0.0,0.0,44.95,2.04,Nacoes Shopping,NS
2026-02-04 00:00:00,NONE,0,0.0,0,136,0.0,0.0,0.0,0.3,2.21,Nacoes Shopping,NS
2026-02-04 00:00:00,MALE,0,0.0,0,18739,0.0,0.0,0.0,38.6,2.06,Nacoes Shopping,NS
2026-02-04 00:00:00,FEMALE,0,0.0,0,20460,0.0,0.0,0.0,42.79,2.09,Nacoes Shopping,NS
2026-02-05 00:00:00,NONE,0,0.0,0,105,0.0,0.0,0.0,0.17,1.62,Nacoes Shopping,NS
2026-02-05 00:00:00,MALE,0,0.0,0,19370,0.0,0.0,0.0,38.83,2.0,Nacoes Shopping,NS
2026-02-05 00:00:00,FEMALE,0,0.0,0,22609,0.0,0.0,0.0,44.04,1.95,Nacoes Shopping,NS
2026-02-06 00:00:00,NONE,0,0.0,0,120,0.0,0.0,0.0,0.2,1.67,Nacoes Shopping,NS
2026-02-06 00:00:00,MALE,0,0.0,0,20507,0.0,0.0,0.0,36.61,1.79,Nacoes Shopping,NS
2026-02-06 00:00:00,FEMALE,0,0.0,0,23056,0.0,0.0,0.0,42.51,1.84,Nacoes Shopping,NS
2026-02-07 00:00:00,NONE,0,0.0,0,93,0.0,0.0,0.0,0.13,1.4,Nacoes Shopping,NS
2026-02-07 00:00:00,MALE,0,0.0,0,15754,0.0,0.0,0.0,31.5,2.0,Nacoes Shopping,NS
2026-02-07 00:00:00,FEMALE,0,0.0,0,17081,0.0,0.0,0.0,31.94,1.87,Nacoes Shopping,NS
2026-02-08 00:00:00,NONE,0,0.0,0,51,0.0,0.0,0.0,0.04,0.78,Nacoes Shopping,NS
2026-02-08 00:00:00,MALE,0,0.0,0,8131,0.0,0.0,0.0,15.35,1.89,Nacoes Shopping,NS
2026-02-08 00:00:00,FEMALE,0,0.0,0,8760,0.0,0.0,0.0,16.04,1.83,Nacoes Shopping,NS
2026-02-09 00:00:00,NONE,0,0.0,0,38,0.0,0.0,0.0,0.09,2.37,Nacoes Shopping,NS
2026-02-09 00:00:00,MALE,0,0.0,0,4446,0.0,0.0,0.0,9.21,2.07,Nacoes Shopping,NS
2026-02-09 00:00:00,FEMALE,0,0.0,0,4625,0.0,0.0,0.0,9.15,1.98,Nacoes Shopping,NS
2026-02-10 00:00:00,NONE,0,0.0,0,32,0.0,0.0,0.0,0.05,1.56,Nacoes Shopping,NS
2026-02-10 00:00:00,MALE,0,0.0,0,5667,0.0,0.0,0.0,9.27,1.64,Nacoes Shopping,NS
2026-02-10 00:00:00,FEMALE,0,0.0,0,6201,0.0,0.0,0.0,10.26,1.65,Nacoes Shopping,NS
2026-02-11 00:00:00,NONE,0,0.0,0,33,0.0,0.0,0.0,0.05,1.52,Nacoes Shopping,NS
2026-02-11 00:00:00,MALE,0,0.0,0,5786,0.0,0.0,0.0,8.33,1.44,Nacoes Shopping,NS
2026-02-11 00:00:00,FEMALE,0,0.0,0,6369,0.0,0.0,0.0,10.06,1.58,Nacoes Shopping,NS
2026-02-12 00:00:00,NONE,0,0.0,0,27,0.0,0.0,0.0,0.04,1.48,Nacoes Shopping,NS
2026-02-12 00:00:00,MALE,0,0.0,0,5411,0.0,0.0,0.0,8.16,1.51,Nacoes Shopping,NS
2026-02-12 00:00:00,FEMALE,0,0.0,0,5848,0.0,0.0,0.0,9.8,1.68,Nacoes Shopping,NS
2026-02-13 00:00:00,NONE,0,0.0,0,40,0.0,0.0,0.0,0.1,2.5,Nacoes Shopping,NS
2026-02-13 00:00:00,MALE,0,0.0,0,5088,0.0,0.0,0.0,8.44,1.66,Nacoes Shopping,NS
2026-02-13 00:00:00,FEMALE,0,0.0,0,5523,0.0,0.0,0.0,9.58,1.73,Nacoes Shopping,NS
2026-02-14 00:00:00,NONE,0,0.0,0,41,0.0,0.0,0.0,0.07,1.71,Nacoes Shopping,NS
2026-02-14 00:00:00,MALE,0,0.0,0,4831,0.0,0.0,0.0,7.96,1.65,Nacoes Shopping,NS
2026-02-14 00:00:00,FEMALE,0,0.0,0,5399,0.0,0.0,0.0,10.01,1.85,Nacoes Shopping,NS
2026-02-15 00:00:00,NONE,0,0.0,0,48,0.0,0.0,0.0,0.1,2.08,Nacoes Shopping,NS
2026-02-15 00:00:00,MALE,0,0.0,0,4236,0.0,0.0,0.0,8.0,1.89,Nacoes Shopping,NS
2026-02-15 00:00:00,FEMALE,0,0.0,0,4684,0.0,0.0,0.0,8.8,1.88,Nacoes Shopping,NS
2026-02-16 00:00:00,NONE,0,0.0,0,51,0.0,0.0,0.0,0.06,1.18,Nacoes Shopping,NS
2026-02-16 00:00:00,MALE,0,0.0,0,4059,0.0,0.0,0.0,7.95,1.96,Nacoes Shopping,NS
2026-02-16 00:00:00,FEMALE,0,0.0,0,4488,0.0,0.0,0.0,8.26,1.84,Nacoes Shopping,NS
2026-02-17 00:00:00,NONE,0,0.0,0,39,0.0,0.0,0.0,0.09,2.31,Nacoes Shopping,NS
2026-02-17 00:00:00,MALE,0,0.0,0,5463,0.0,0.0,0.0,8.16,1.49,Nacoes Shopping,NS
2026-02-17 00:00:00,FEMALE,0,0.0,0,6032,0.0,0.0,0.0,8.99,1.49,Nacoes Shopping,NS
2026-02-18 00:00:00,NONE,0,0.0,0,24,0.0,0.0,0.0,0.04,1.67,Nacoes Shopping,NS
2026-02-18 00:00:00,MALE,0,0.0,0,5465,0.0,0.0,0.0,7.06,1.29,Nacoes Shopping,NS
2026-02-18 00:00:00,FEMALE,0,0.0,0,5928,0.0,0.0,0.0,8.74,1.47,Nacoes Shopping,NS
2026-02-19 00:00:00,NONE,0,0.0,0,23,0.0,0.0,0.0,0.04,1.74,Nacoes Shopping,NS
2026-02-19 00:00:00,MALE,0,0.0,0,4934,0.0,0.0,0.0,7.12,1.44,Nacoes Shopping,NS
2026-02-19 00:00:00,FEMALE,0,0.0,0,5202,0.0,0.0,0.0,8.38,1.61,Nacoes Shopping,NS
2026-02-20 00:00:00,NONE,0,0.0,0,26,0.0,0.0,0.0,0.03,1.15,Nacoes Shopping,NS
2026-02-20 00:00:00,MALE,0,0.0,0,4327,0.0,0.0,0.0,6.72,1.55,Nacoes Shopping,NS
2026-02-20 00:00:00,FEMALE,0,0.0,0,4628,0.0,0.0,0.0,8.4,1.82,Nacoes Shopping,NS
2026-02-21 00:00:00,NONE,0,0.0,0,23,0.0,0.0,0.0,0.01,0.43,Nacoes Shopping,NS
2026-02-21 00:00:00,MALE,0,0.0,0,3968,0.0,0.0,0.0,6.57,1.66,Nacoes Shopping,NS
2026-02-21 00:00:00,FEMALE,0,0.0,0,4488,0.0,0.0,0.0,8.03,1.79,Nacoes Shopping,NS
2026-02-22 00:00:00,NONE,0,0.0,0,26,0.0,0.0,0.0,0.05,1.92,Nacoes Shopping,NS
2026-02-22 00:00:00,MALE,0,0.0,0,3639,0.0,0.0,0.0,6.39,1.76,Nacoes Shopping,NS
2026-02-22 00:00:00,FEMALE,0,0.0,0,4034,0.0,0.0,0.0,6.81,1.69,Nacoes Shopping,NS
2026-02-23 00:00:00,NONE,0,0.0,0,25,0.0,0.0,0.0,0.03,1.2,Nacoes Shopping,NS
2026-02-23 00:00:00,MALE,0,0.0,0,2684,0.0,0.0,0.0,5.37,2.0,Nacoes Shopping,NS
2026-02-23 00:00:00,FEMALE,0,0.0,0,2941,0.0,0.0,0.0,6.64,2.26,Nacoes Shopping,NS
2026-02-24 00:00:00,NONE,0,0.0,0,28,0.0,0.0,0.0,0.05,1.79,Nacoes Shopping,NS
2026-02-24 00:00:00,MALE,0,0.0,0,3519,0.0,0.0,0.0,5.81,1.65,Nacoes Shopping,NS
2026-02-24 00:00:00,FEMALE,0,0.0,0,3322,0.0,0.0,0.0,5.52,1.66,Nacoes Shopping,NS
2026-02-25 00:00:00,NONE,0,0.0,0,7,0.0,0.0,0.0,0.01,1.43,Nacoes Shopping,NS
2026-02-25 00:00:00,MALE,0,0.0,0,1042,0.0,0.0,0.0,1.63,1.56,Nacoes Shopping,NS
2026-02-25 00:00:00,FEMALE,0,0.0,0,995,0.0,0.0,0.0,1.61,1.62,Nacoes Shopping,NS
2026-02-27 00:00:00,NONE,0,0.0,0,0,0.0,0.0,0.0,0.0,0.0,Nacoes Shopping,NS
2026-02-27 00:00:00,MALE,0,0.0,0,0,0.0,0.0,0.0,0.0,0.0,Nacoes Shopping,NS
2026-03-02 00:00:00,NONE,0,0.0,0,0,0.0,0.0,0.0,0.0,0.0,Nacoes Shopping,NS
2026-03-03 00:00:00,NONE,0,0.0,0,0,0.0,0.0,0.0,0.0,0.0,Nacoes Shopping,NS
2026-03-04 00:00:00,MALE,0,0.0,0,0,0.0,0.0,0.0,0.0,0.0,Nacoes Shopping,NS
2026-03-05 00:00:00,FEMALE,0,0.0,0,0,0.0,0.0,0.0,0.0,0.0,Nacoes Shopping,NS
2026-03-06 00:00:00,NONE,0,0.0,0,0,0.0,0.0,0.0,0.0,0.0,Nacoes Shopping,NS
2026-03-06 00:00:00,FEMALE,0,0.0,0,0,0.0,0.0,0.0,0.0,0.0,Nacoes Shopping,NS
2026-03-09 00:00:00,NONE,0,0.0,0,0,0.0,0.0,0.0,0.0,0.0,Nacoes Shopping,NS
2026-03-12 00:00:00,NONE,0,0.0,0,0,0.0,0.0,0.0,0.0,0.0,Nacoes Shopping,NS
2026-03-22 00:00:00,NONE,0,0.0,0,0,0.0,0.0,0.0,0.0,0.0,Nacoes Shopping,NS
2026-03-28 00:00:00,NONE,0,0.0,0,0,0.0,0.0,0.0,0.0,0.0,Nacoes Shopping,NS
2026-04-01 00:00:00,NONE,0,0.0,0,0,0.0,0.0,0.0,0.0,0.0,Nacoes Shopping,NS
2026-04-02 00:00:00,NONE,0,0.0,0,0,0.0,0.0,0.0,0.0,0.0,Nacoes Shopping,NS
2026-04-09 00:00:00,MALE,0,0.0,0,0,0.0,0.0,0.0,0.0,0.0,Nacoes Shopping,NS
2026-04-30 00:00:00,NONE,4,0.04,0,90,0.0,0.0,4.44,0.16,1.78,Nacoes Shopping,NS
2026-04-30 00:00:00,MALE,243,0.07,0,7317,0.0,0.0,3.32,16.41,2.24,Nacoes Shopping,NS
2026-04-30 00:00:00,FEMALE,384,0.06,0,8571,0.0,0.0,4.48,22.93,2.68,Nacoes Shopping,NS
2026-05-01 00:00:00,NONE,37,0.03,0,389,0.0,0.0,9.51,1.08,2.78,Nacoes Shopping,NS
2026-05-01 00:00:00,MALE,899,0.05,0,19183,0.0,0.0,4.69,43.26,2.26,Nacoes Shopping,NS
2026-05-01 00:00:00,FEMALE,1330,0.04,0,23231,0.0,0.0,5.73,59.07,2.54,Nacoes Shopping,NS
2026-05-02 00:00:00,NONE,36,0.03,0,456,0.0,0.0,7.89,1.11,2.43,Nacoes Shopping,NS
2026-05-02 00:00:00,MALE,794,0.05,0,17801,0.0,0.0,4.46,42.28,2.38,Nacoes Shopping,NS
2026-05-02 00:00:00,FEMALE,1382,0.04,0,21194,0.0,0.0,6.52,59.18,2.79,Nacoes Shopping,NS
2026-05-03 00:00:00,NONE,30,0.03,0,292,0.0,0.0,10.27,0.79,2.71,Nacoes Shopping,NS
2026-05-03 00:00:00,MALE,1210,0.04,0,19046,0.0,0.0,6.35,44.84,2.35,Nacoes Shopping,NS
2026-05-03 00:00:00,FEMALE,1478,0.04,0,21963,0.0,0.0,6.73,55.28,2.52,Nacoes Shopping,NS
2026-05-04 00:00:00,NONE,26,0.03,0,189,0.0,0.0,13.76,0.77,4.07,Nacoes Shopping,NS
2026-05-04 00:00:00,MALE,362,0.06,0,7616,0.0,0.0,4.75,20.79,2.73,Nacoes Shopping,NS
2026-05-04 00:00:00,FEMALE,625,0.05,0,9109,0.0,0.0,6.86,28.28,3.1,Nacoes Shopping,NS
2026-05-05 00:00:00,NONE,0,0.0,0,86,0.0,0.0,0.0,0.09,1.05,Nacoes Shopping,NS
2026-05-05 00:00:00,MALE,17,0.57,0,5968,0.0,0.0,0.28,9.66,1.62,Nacoes Shopping,NS
2026-05-05 00:00:00,FEMALE,25,0.47,0,5885,0.0,0.0,0.42,11.76,2.0,Nacoes Shopping,NS
2026-05-06 00:00:00,NONE,4,0.12,0,211,0.0,0.0,1.9,0.47,2.23,Nacoes Shopping,NS
2026-05-06 00:00:00,MALE,541,0.07,0,16744,0.0,0.0,3.23,40.4,2.41,Nacoes Shopping,NS
2026-05-06 00:00:00,FEMALE,601,0.08,0,16542,0.0,0.0,3.63,49.09,2.97,Nacoes Shopping,NS
2026-05-07 00:00:00,NONE,28,0.04,0,316,0.0,0.0,8.86,1.23,3.89,Nacoes Shopping,NS
2026-05-07 00:00:00,MALE,1083,0.05,0,21572,0.0,0.0,5.02,58.11,2.69,Nacoes Shopping,NS
2026-05-07 00:00:00,FEMALE,1267,0.05,0,20987,0.0,0.0,6.04,69.47,3.31,Nacoes Shopping,NS
2026-05-08 00:00:00,NONE,28,0.04,0,351,0.0,0.0,7.98,1.11,3.16,Nacoes Shopping,NS
2026-05-08 00:00:00,MALE,1092,0.05,0,18412,0.0,0.0,5.93,52.33,2.84,Nacoes Shopping,NS
2026-05-08 00:00:00,FEMALE,1332,0.05,0,20999,0.0,0.0,6.34,63.72,3.03,Nacoes Shopping,NS
2026-05-09 00:00:00,NONE,22,0.04,0,461,0.0,0.0,4.77,0.88,1.91,Nacoes Shopping,NS
2026-05-09 00:00:00,MALE,1196,0.04,0,17810,0.0,0.0,6.72,51.0,2.86,Nacoes Shopping,NS
2026-05-09 00:00:00,FEMALE,1231,0.05,0,18566,0.0,0.0,6.63,56.91,3.07,Nacoes Shopping,NS
2026-05-10 00:00:00,NONE,23,0.04,0,359,0.0,0.0,6.41,0.83,2.31,Nacoes Shopping,NS
2026-05-10 00:00:00,MALE,954,0.05,0,16881,0.0,0.0,5.65,42.99,2.55,Nacoes Shopping,NS
2026-05-10 00:00:00,FEMALE,1175,0.05,0,18543,0.0,0.0,6.34,53.54,2.89,Nacoes Shopping,NS
2026-05-11 00:00:00,NONE,19,0.03,0,283,0.0,0.0,6.71,0.53,1.87,Nacoes Shopping,NS
2026-05-11 00:00:00,MALE,271,0.06,0,6739,0.0,0.0,4.02,17.13,2.54,Nacoes Shopping,NS
2026-05-11 00:00:00,FEMALE,433,0.05,0,7244,0.0,0.0,5.98,22.52,3.11,Nacoes Shopping,NS
2026-05-12 00:00:00,NONE,0,0.0,0,0,0.0,0.0,0.0,0.0,0.0,Nacoes Shopping,NS
2026-05-12 00:00:00,MALE,0,0.0,0,0,0.0,0.0,0.0,0.0,0.0,Nacoes Shopping,NS
2026-05-12 00:00:00,FEMALE,0,0.0,0,0,0.0,0.0,0.0,0.0,0.0,Nacoes Shopping,NS
2026-05-13 00:00:00,NONE,0,0.0,0,0,0.0,0.0,0.0,0.0,0.0,Nacoes Shopping,NS
2026-05-13 00:00:00,MALE,0,0.0,0,0,0.0,0.0,0.0,0.0,0.0,Nacoes Shopping,NS
2026-05-13 00:00:00,FEMALE,0,0.0,0,0,0.0,0.0,0.0,0.0,0.0,Nacoes Shopping,NS
2026-05-14 00:00:00,NONE,0,0.0,0,0,0.0,0.0,0.0,0.0,0.0,Nacoes Shopping,NS
2026-05-14 00:00:00,MALE,0,0.0,0,0,0.0,0.0,0.0,0.0,0.0,Nacoes Shopping,NS
2026-05-14 00:00:00,FEMALE,0,0.0,0,0,0.0,0.0,0.0,0.0,0.0,Nacoes Shopping,NS
2026-05-15 00:00:00,NONE,0,0.0,0,0,0.0,0.0,0.0,0.0,0.0,Nacoes Shopping,NS
2026-05-15 00:00:00,MALE,0,0.0,0,0,0.0,0.0,0.0,0.0,0.0,Nacoes Shopping,NS
2026-05-15 00:00:00,FEMALE,0,0.0,0,0,0.0,0.0,0.0,0.0,0.0,Nacoes Shopping,NS
2026-05-16 00:00:00,NONE,0,0.0,0,0,0.0,0.0,0.0,0.0,0.0,Nacoes Shopping,NS
2026-05-16 00:00:00,MALE,0,0.0,0,0,0.0,0.0,0.0,0.0,0.0,Nacoes Shopping,NS
2026-05-17 00:00:00,NONE,0,0.0,0,0,0.0,0.0,0.0,0.0,0.0,Nacoes Shopping,NS
2026-05-17 00:00:00,FEMALE,0,0.0,0,0,0.0,0.0,0.0,0.0,0.0,Nacoes Shopping,NS
2026-05-18 00:00:00,NONE,0,0.0,0,0,0.0,0.0,0.0,0.0,0.0,Nacoes Shopping,NS
2026-05-18 00:00:00,FEMALE,0,0.0,0,0,0.0,0.0,0.0,0.0,0.0,Nacoes Shopping,NS
2026-05-19 00:00:00,MALE,0,0.0,0,0,0.0,0.0,0.0,0.0,0.0,Nacoes Shopping,NS
2026-05-20 00:00:00,NONE,0,0.0,0,0,0.0,0.0,0.0,0.0,0.0,Nacoes Shopping,NS
2026-05-21 00:00:00,NONE,0,0.0,0,0,0.0,0.0,0.0,0.0,0.0,Nacoes Shopping,NS
2026-05-22 00:00:00,NONE,0,0.0,0,0,0.0,0.0,0.0,0.0,0.0,Nacoes Shopping,NS
2026-05-23 00:00:00,NONE,0,0.0,0,0,0.0,0.0,0.0,0.0,0.0,Nacoes Shopping,NS
2026-05-24 00:00:00,NONE,0,0.0,0,0,0.0,0.0,0.0,0.0,0.0,Nacoes Shopping,NS
2026-05-25 00:00:00,NONE,0,0.0,0,0,0.0,0.0,0.0,0.0,0.0,Nacoes Shopping,NS
2026-05-25 00:00:00,FEMALE,0,0.0,0,0,0.0,0.0,0.0,0.0,0.0,Nacoes Shopping,NS
2026-05-26 00:00:00,NONE,0,0.0,0,0,0.0,0.0,0.0,0.0,0.0,Nacoes Shopping,NS
2026-05-27 00:00:00,NONE,0,0.0,0,0,0.0,0.0,0.0,0.0,0.0,Nacoes Shopping,NS
2026-05-27 00:00:00,MALE,0,0.0,0,0,0.0,0.0,0.0,0.0,0.0,Nacoes Shopping,NS
2026-05-28 00:00:00,NONE,4,0.05,0,86,0.0,0.0,4.65,0.19,2.21,Nacoes Shopping,NS
2026-05-28 00:00:00,MALE,344,0.07,0,9406,0.0,0.0,3.66,22.48,2.39,Nacoes Shopping,NS
2026-05-28 00:00:00,FEMALE,581,0.05,0,10106,0.0,0.0,5.75,29.17,2.89,Nacoes Shopping,NS
2026-05-29 00:00:00,NONE,31,0.03,0,185,0.0,0.0,16.76,0.87,4.7,Nacoes Shopping,NS
2026-05-29 00:00:00,MALE,494,0.08,0,13819,0.0,0.0,3.57,37.9,2.74,Nacoes Shopping,NS
2026-05-29 00:00:00,FEMALE,857,0.05,0,14534,0.0,0.0,5.9,45.05,3.1,Nacoes Shopping,NS
2026-05-30 00:00:00,NONE,22,0.03,0,162,0.0,0.0,13.58,0.73,4.51,Nacoes Shopping,NS
2026-05-30 00:00:00,MALE,635,0.06,0,14121,0.0,0.0,4.5,38.64,2.74,Nacoes Shopping,NS
2026-05-30 00:00:00,FEMALE,826,0.05,0,14643,0.0,0.0,5.64,42.85,2.93,Nacoes Shopping,NS
2026-05-31 00:00:00,NONE,26,0.03,0,351,0.0,0.0,7.41,0.89,2.54,Nacoes Shopping,NS
2026-05-31 00:00:00,MALE,722,0.05,0,15379,0.0,0.0,4.69,38.32,2.49,Nacoes Shopping,NS
2026-05-31 00:00:00,FEMALE,1055,0.04,0,16259,0.0,0.0,6.49,45.14,2.78,Nacoes Shopping,NS
2026-06-01 00:00:00,NONE,9,0.05,0,193,0.0,0.0,4.66,0.47,2.44,Nacoes Shopping,NS
2026-06-01 00:00:00,MALE,738,0.05,0,15296,0.0,0.0,4.82,35.26,2.31,Nacoes Shopping,NS
2026-06-01 00:00:00,FEMALE,1112,0.04,0,16981,0.0,0.0,6.55,44.87,2.64,Nacoes Shopping,NS
2026-06-02 00:00:00,NONE,13,0.05,0,210,0.0,0.0,6.19,0.64,3.05,Nacoes Shopping,NS
2026-06-02 00:00:00,MALE,727,0.05,0,13350,0.0,0.0,5.45,35.23,2.64,Nacoes Shopping,NS
2026-06-02 00:00:00,FEMALE,1002,0.04,0,14791,0.0,0.0,6.77,42.69,2.89,Nacoes Shopping,NS
2026-06-03 00:00:00,NONE,13,0.04,0,228,0.0,0.0,5.7,0.56,2.46,Nacoes Shopping,NS
2026-06-03 00:00:00,MALE,849,0.04,0,13346,0.0,0.0,6.36,36.2,2.71,Nacoes Shopping,NS
2026-06-03 00:00:00,FEMALE,1041,0.04,0,14633,0.0,0.0,7.11,42.8,2.92,Nacoes Shopping,NS
2026-06-04 00:00:00,NONE,10,0.04,0,192,0.0,0.0,5.21,0.44,2.29,Nacoes Shopping,NS
2026-06-04 00:00:00,MALE,917,0.04,0,14021,0.0,0.0,6.54,36.27,2.59,Nacoes Shopping,NS
2026-06-04 00:00:00,FEMALE,1232,0.04,0,15732,0.0,0.0,7.83,43.16,2.74,Nacoes Shopping,NS
2026-06-05 00:00:00,NONE,17,0.04,0,203,0.0,0.0,8.37,0.64,3.15,Nacoes Shopping,NS
2026-06-05 00:00:00,MALE,705,0.05,0,14221,0.0,0.0,4.96,32.35,2.27,Nacoes Shopping,NS
2026-06-05 00:00:00,FEMALE,1005,0.04,0,15110,0.0,0.0,6.65,38.39,2.54,Nacoes Shopping,NS
2026-06-06 00:00:00,NONE,19,0.03,0,167,0.0,0.0,11.38,0.57,3.41,Nacoes Shopping,NS
2026-06-06 00:00:00,MALE,650,0.05,0,13654,0.0,0.0,4.76,31.73,2.32,Nacoes Shopping,NS
2026-06-06 00:00:00,FEMALE,1007,0.04,0,14123,0.0,0.0,7.13,38.32,2.71,Nacoes Shopping,NS
2026-06-07 00:00:00,NONE,24,0.03,0,209,0.0,0.0,11.48,0.6,2.87,Nacoes Shopping,NS
2026-06-07 00:00:00,MALE,744,0.04,0,15079,0.0,0.0,4.93,32.04,2.12,Nacoes Shopping,NS
2026-06-07 00:00:00,FEMALE,1136,0.03,0,15272,0.0,0.0,7.44,37.96,2.49,Nacoes Shopping,NS
2026-06-08 00:00:00,NONE,11,0.04,0,155,0.0,0.0,7.1,0.43,2.77,Nacoes Shopping,NS
2026-06-08 00:00:00,MALE,584,0.05,0,13983,0.0,0.0,4.18,30.91,2.21,Nacoes Shopping,NS
2026-06-08 00:00:00,FEMALE,955,0.04,0,14101,0.0,0.0,6.77,36.35,2.58,Nacoes Shopping,NS
2026-06-09 00:00:00,NONE,5,0.04,0,185,0.0,0.0,2.7,0.21,1.14,Nacoes Shopping,NS
2026-06-09 00:00:00,MALE,543,0.05,0,13246,0.0,0.0,4.1,29.64,2.24,Nacoes Shopping,NS
2026-06-09 00:00:00,FEMALE,870,0.04,0,13431,0.0,0.0,6.48,36.38,2.71,Nacoes Shopping,NS
2026-06-10 00:00:00,NONE,6,0.06,0,176,0.0,0.0,3.41,0.36,2.05,Nacoes Shopping,NS
2026-06-10 00:00:00,MALE,523,0.06,0,12071,0.0,0.0,4.33,29.51,2.44,Nacoes Shopping,NS
2026-06-10 00:00:00,FEMALE,754,0.05,0,12543,0.0,0.0,6.01,35.49,2.83,Nacoes Shopping,NS
2026-06-11 00:00:00,NONE,14,0.03,0,128,0.0,0.0,10.94,0.47,3.67,Nacoes Shopping,NS
2026-06-11 00:00:00,MALE,424,0.07,0,11870,0.0,0.0,3.57,27.61,2.33,Nacoes Shopping,NS
2026-06-11 00:00:00,FEMALE,825,0.04,0,12798,0.0,0.0,6.45,33.84,2.64,Nacoes Shopping,NS
2026-06-12 00:00:00,NONE,22,0.03,0,206,0.0,0.0,10.68,0.6,2.91,Nacoes Shopping,NS
2026-06-12 00:00:00,MALE,427,0.06,0,11440,0.0,0.0,3.73,25.29,2.21,Nacoes Shopping,NS
2026-06-12 00:00:00,FEMALE,752,0.04,0,12142,0.0,0.0,6.19,31.95,2.63,Nacoes Shopping,NS
2026-06-13 00:00:00,NONE,28,0.03,0,197,0.0,0.0,14.21,0.88,4.47,Nacoes Shopping,NS
2026-06-13 00:00:00,MALE,341,0.07,0,9993,0.0,0.0,3.41,22.24,2.23,Nacoes Shopping,NS
2026-06-13 00:00:00,FEMALE,492,0.05,0,10448,0.0,0.0,4.71,25.53,2.44,Nacoes Shopping,NS
2026-06-14 00:00:00,NONE,7,0.03,0,87,0.0,0.0,8.05,0.22,2.53,Nacoes Shopping,NS
2026-06-14 00:00:00,MALE,52,0.16,0,4999,0.0,0.0,1.04,8.54,1.71,Nacoes Shopping,NS
2026-06-14 00:00:00,FEMALE,127,0.07,0,4656,0.0,0.0,2.73,8.68,1.86,Nacoes Shopping,NS
2026-06-15 00:00:00,NONE,0,0.0,0,28,0.0,0.0,0.0,0.03,1.07,Nacoes Shopping,NS
2026-06-15 00:00:00,MALE,0,0.0,0,3746,0.0,0.0,0.0,5.45,1.45,Nacoes Shopping,NS
2026-06-15 00:00:00,FEMALE,0,0.0,0,3593,0.0,0.0,0.0,5.44,1.51,Nacoes Shopping,NS
2026-06-16 00:00:00,NONE,0,0.0,0,36,0.0,0.0,0.0,0.09,2.5,Nacoes Shopping,NS
2026-06-16 00:00:00,MALE,0,0.0,0,3333,0.0,0.0,0.0,5.76,1.73,Nacoes Shopping,NS
2026-06-16 00:00:00,FEMALE,0,0.0,0,3088,0.0,0.0,0.0,5.26,1.7,Nacoes Shopping,NS
2026-06-17 00:00:00,NONE,0,0.0,0,32,0.0,0.0,0.0,0.05,1.56,Nacoes Shopping,NS
2026-06-17 00:00:00,MALE,0,0.0,0,2855,0.0,0.0,0.0,5.43,1.9,Nacoes Shopping,NS
2026-06-17 00:00:00,FEMALE,0,0.0,0,2534,0.0,0.0,0.0,4.94,1.95,Nacoes Shopping,NS
2026-06-18 00:00:00,NONE,0,0.0,0,27,0.0,0.0,0.0,0.03,1.11,Nacoes Shopping,NS
2026-06-18 00:00:00,MALE,0,0.0,0,3195,0.0,0.0,0.0,6.16,1.93,Nacoes Shopping,NS
2026-06-18 00:00:00,FEMALE,0,0.0,0,2754,0.0,0.0,0.0,5.19,1.88,Nacoes Shopping,NS
2026-06-19 00:00:00,NONE,0,0.0,0,12,0.0,0.0,0.0,0.03,2.5,Nacoes Shopping,NS
2026-06-19 00:00:00,MALE,0,0.0,0,2638,0.0,0.0,0.0,5.57,2.11,Nacoes Shopping,NS
2026-06-19 00:00:00,FEMALE,0,0.0,0,2393,0.0,0.0,0.0,5.04,2.11,Nacoes Shopping,NS
2026-06-20 00:00:00,NONE,0,0.0,0,23,0.0,0.0,0.0,0.03,1.3,Nacoes Shopping,NS
2026-06-20 00:00:00,MALE,0,0.0,0,2932,0.0,0.0,0.0,5.19,1.77,Nacoes Shopping,NS
2026-06-20 00:00:00,FEMALE,0,0.0,0,2685,0.0,0.0,0.0,4.87,1.81,Nacoes Shopping,NS
2026-06-21 00:00:00,NONE,0,0.0,0,16,0.0,0.0,0.0,0.04,2.5,Nacoes Shopping,NS
2026-06-21 00:00:00,MALE,0,0.0,0,2815,0.0,0.0,0.0,4.51,1.6,Nacoes Shopping,NS
2026-06-21 00:00:00,FEMALE,0,0.0,0,2832,0.0,0.0,0.0,4.76,1.68,Nacoes Shopping,NS
2026-06-22 00:00:00,NONE,0,0.0,0,26,0.0,0.0,0.0,0.08,3.08,Nacoes Shopping,NS
2026-06-22 00:00:00,MALE,0,0.0,0,2658,0.0,0.0,0.0,4.51,1.7,Nacoes Shopping,NS
2026-06-22 00:00:00,FEMALE,0,0.0,0,2434,0.0,0.0,0.0,4.26,1.75,Nacoes Shopping,NS
2026-06-23 00:00:00,NONE,0,0.0,0,27,0.0,0.0,0.0,0.07,2.59,Nacoes Shopping,NS
2026-06-23 00:00:00,MALE,0,0.0,0,2605,0.0,0.0,0.0,4.97,1.91,Nacoes Shopping,NS
2026-06-23 00:00:00,FEMALE,0,0.0,0,2167,0.0,0.0,0.0,4.02,1.86,Nacoes Shopping,NS
2026-06-24 00:00:00,NONE,0,0.0,0,20,0.0,0.0,0.0,0.05,2.5,Nacoes Shopping,NS
2026-06-24 00:00:00,MALE,0,0.0,0,2185,0.0,0.0,0.0,4.8,2.2,Nacoes Shopping,NS
2026-06-24 00:00:00,FEMALE,0,0.0,0,1784,0.0,0.0,0.0,3.85,2.16,Nacoes Shopping,NS
2026-06-25 00:00:00,NONE,0,0.0,0,17,0.0,0.0,0.0,0.03,1.76,Nacoes Shopping,NS
2026-06-25 00:00:00,MALE,0,0.0,0,2335,0.0,0.0,0.0,4.97,2.13,Nacoes Shopping,NS
2026-06-25 00:00:00,FEMALE,0,0.0,0,1879,0.0,0.0,0.0,3.64,1.94,Nacoes Shopping,NS
2026-06-26 00:00:00,NONE,0,0.0,0,10,0.0,0.0,0.0,0.01,1.0,Nacoes Shopping,NS
2026-06-26 00:00:00,MALE,0,0.0,0,1883,0.0,0.0,0.0,3.81,2.02,Nacoes Shopping,NS
2026-06-26 00:00:00,FEMALE,0,0.0,0,1631,0.0,0.0,0.0,3.62,2.22,Nacoes Shopping,NS
2026-06-27 00:00:00,NONE,0,0.0,0,20,0.0,0.0,0.0,0.05,2.5,Nacoes Shopping,NS
2026-06-27 00:00:00,MALE,0,0.0,0,1730,0.0,0.0,0.0,3.29,1.9,Nacoes Shopping,NS
2026-06-27 00:00:00,FEMALE,0,0.0,0,1433,0.0,0.0,0.0,2.91,2.03,Nacoes Shopping,NS
2026-06-28 00:00:00,NONE,0,0.0,0,6,0.0,0.0,0.0,0.03,5.0,Nacoes Shopping,NS
2026-06-28 00:00:00,MALE,0,0.0,0,1586,0.0,0.0,0.0,2.67,1.68,Nacoes Shopping,NS
2026-06-28 00:00:00,FEMALE,0,0.0,0,1375,0.0,0.0,0.0,2.08,1.51,Nacoes Shopping,NS
2026-06-29 00:00:00,NONE,0,0.0,0,6,0.0,0.0,0.0,0.02,3.33,Nacoes Shopping,NS
2026-06-29 00:00:00,MALE,0,0.0,0,967,0.0,0.0,0.0,2.0,2.07,Nacoes Shopping,NS
2026-06-29 00:00:00,FEMALE,0,0.0,0,803,0.0,0.0,0.0,1.6,1.99,Nacoes Shopping,NS
2026-06-30 00:00:00,NONE,0,0.0,0,1,0.0,0.0,0.0,0.0,0.0,Nacoes Shopping,NS
2026-06-30 00:00:00,MALE,0,0.0,0,51,0.0,0.0,0.0,0.13,2.55,Nacoes Shopping,NS
2026-06-30 00:00:00,FEMALE,0,0.0,0,35,0.0,0.0,0.0,0.09,2.57,Nacoes Shopping,NS
2026-07-01 00:00:00,NONE,0,0.0,0,107,0.0,0.0,0.0,0.19,1.78,Nacoes Shopping,NS
2026-07-01 00:00:00,MALE,0,0.0,0,21953,0.0,0.0,0.0,45.98,2.09,Nacoes Shopping,NS
2026-07-01 00:00:00,FEMALE,0,0.0,0,21473,0.0,0.0,0.0,33.29,1.55,Nacoes Shopping,NS
2026-07-02 00:00:00,NONE,0,0.0,0,240,0.0,0.0,0.0,0.84,3.5,Nacoes Shopping,NS
2026-07-02 00:00:00,MALE,0,0.0,0,32220,0.0,0.0,0.0,96.72,3.0,Nacoes Shopping,NS
2026-07-02 00:00:00,FEMALE,0,0.0,0,30052,0.0,0.0,0.0,76.52,2.55,Nacoes Shopping,NS
2026-07-03 00:00:00,NONE,0,0.0,0,243,0.0,0.0,0.0,0.72,2.96,Nacoes Shopping,NS
2026-07-03 00:00:00,MALE,0,0.0,0,27242,0.0,0.0,0.0,84.88,3.12,Nacoes Shopping,NS
2026-07-03 00:00:00,FEMALE,0,0.0,0,26860,0.0,0.0,0.0,79.29,2.95,Nacoes Shopping,NS
2026-07-04 00:00:00,NONE,0,0.0,0,271,0.0,0.0,0.0,0.86,3.17,Nacoes Shopping,NS
2026-07-04 00:00:00,MALE,0,0.0,0,24694,0.0,0.0,0.0,79.65,3.23,Nacoes Shopping,NS
2026-07-04 00:00:00,FEMALE,0,0.0,0,23635,0.0,0.0,0.0,83.02,3.51,Nacoes Shopping,NS
2026-07-05 00:00:00,NONE,0,0.0,0,120,0.0,0.0,0.0,0.3,2.5,Nacoes Shopping,NS
2026-07-05 00:00:00,MALE,0,0.0,0,10375,0.0,0.0,0.0,45.8,4.41,Nacoes Shopping,NS
2026-07-05 00:00:00,FEMALE,0,0.0,0,9073,0.0,0.0,0.0,36.08,3.98,Nacoes Shopping,NS
2026-07-06 00:00:00,NONE,0,0.0,0,36,0.0,0.0,0.0,0.23,6.39,Nacoes Shopping,NS
2026-07-06 00:00:00,MALE,0,0.0,0,2067,0.0,0.0,0.0,21.34,10.32,Nacoes Shopping,NS
2026-07-06 00:00:00,FEMALE,0,0.0,0,1364,0.0,0.0,0.0,10.81,7.93,Nacoes Shopping,NS
2026-07-07 00:00:00,NONE,0,0.0,0,14,0.0,0.0,0.0,0.06,4.29,Nacoes Shopping,NS
2026-07-07 00:00:00,MALE,0,0.0,0,795,0.0,0.0,0.0,10.44,13.13,Nacoes Shopping,NS
2026-07-07 00:00:00,FEMALE,0,0.0,0,552,0.0,0.0,0.0,5.81,10.53,Nacoes Shopping,NS
2026-07-08 00:00:00,NONE,0,0.0,0,0,0.0,0.0,0.0,0.0,0.0,Nacoes Shopping,NS
2026-07-08 00:00:00,MALE,0,0.0,0,0,0.0,0.0,0.0,0.0,0.0,Nacoes Shopping,NS
2026-07-09 00:00:00,NONE,0,0.0,0,0,0.0,0.0,0.0,0.0,0.0,Nacoes Shopping,NS
2026-07-09 00:00:00,MALE,0,0.0,0,0,0.0,0.0,0.0,0.0,0.0,Nacoes Shopping,NS
2026-07-10 00:00:00,NONE,0,0.0,0,0,0.0,0.0,0.0,0.0,0.0,Nacoes Shopping,NS
2026-07-11 00:00:00,NONE,0,0.0,0,0,0.0,0.0,0.0,0.0,0.0,Nacoes Shopping,NS
2026-07-12 00:00:00,NONE,0,0.0,0,0,0.0,0.0,0.0,0.0,0.0,Nacoes Shopping,NS
2026-07-13 00:00:00,NONE,0,0.0,0,0,0.0,0.0,0.0,0.0,0.0,Nacoes Shopping,NS
2026-07-19 00:00:00,NONE,0,0.0,0,0,0.0,0.0,0.0,0.0,0.0,Nacoes Shopping,NS
2026-07-25 00:00:00,NONE,0,0.0,0,0,0.0,0.0,0.0,0.0,0.0,Nacoes Shopping,NS
