stat_time_day,likes,cost_per_conversion,conversion,clicks,engaged_view_15s,cpm,impressions,video_views_p100,shares,total_complete_payment_rate,conversion_rate,video_views_p25,comments,cpc,video_views_p50,video_views_p75,engaged_view,video_watched_2s,average_video_play,clicks_on_music_disc,follows,video_watched_6s,average_video_play_per_user,profile_visits,ctr,video_play_actions,spend,shopping,shopping_sigla
2025-09-16 00:00:00,0,0.0,0,0,0,0.0,0,0,0,0.0,0.0,0,0,0.0,0,0,0,0,0.0,0,0,0,0.0,0,0.0,0,0.0,Nacoes Shopping,NS
2025-09-11 00:00:00,16,0.0,0,0,126,2.68,28863,77,0,0.0,0.0,519,0,0.0,204,127,365,1814,1.38,0,1,369,1.43,51,0.0,28628,77.44,Nacoes Shopping,NS
2025-09-06 00:00:00,43,0.0,0,0,233,2.17,19322,28,2,0.0,0.0,324,5,0.0,122,59,610,2332,1.61,0,10,608,2.08,46,0.0,19198,41.96,Nacoes Shopping,NS
2025-09-01 00:00:00,85,0.0,0,0,340,1.98,21227,47,7,0.0,0.0,437,4,0.0,167,88,841,3089,1.73,0,19,834,2.47,52,0.0,21061,42.03,Nacoes Shopping,NS
2025-08-27 00:00:00,9,0.0,0,0,76,2.43,10539,27,1,0.0,0.0,170,0,0.0,60,47,276,1162,1.42,0,0,277,2.11,13,0.0,10484,25.59,Nacoes Shopping,NS
2025-09-13 00:00:00,10,0.0,0,0,55,2.94,10275,37,0,0.0,0.0,193,1,0.0,77,57,133,704,1.23,0,1,140,1.23,21,0.0,10184,30.17,Nacoes Shopping,NS
2025-09-08 00:00:00,33,0.0,0,0,201,2.25,18198,31,1,0.0,0.0,301,2,0.0,116,61,538,2218,1.49,0,13,541,1.93,40,0.0,18061,40.89,Nacoes Shopping,NS
2025-09-03 00:00:00,61,0.0,0,0,327,2.29,18475,36,4,0.0,0.0,435,1,0.0,165,81,786,2906,1.74,0,15,775,2.29,58,0.0,18283,42.37,Nacoes Shopping,NS
2025-09-18 00:00:00,0,0.0,0,0,0,0.0,0,0,0,0.0,0.0,0,0,0.0,0,0,0,0,0.0,0,0,0,0.0,0,0.0,0,0.0,Nacoes Shopping,NS
2025-08-29 00:00:00,32,0.0,0,0,158,2.22,20818,34,1,0.0,0.0,244,2,0.0,93,57,430,1983,1.3,0,5,436,2.79,50,0.0,20699,46.12,Nacoes Shopping,NS
2025-08-30 00:00:00,64,0.0,0,0,275,2.25,23691,38,1,0.0,0.0,383,4,0.0,137,75,720,2783,1.71,0,15,714,2.86,56,0.0,23578,53.24,Nacoes Shopping,NS
2025-09-14 00:00:00,0,0.0,0,0,0,0.0,0,0,0,0.0,0.0,0,0,0.0,0,0,0,0,0.0,0,0,0,0.0,0,0.0,0,0.0,Nacoes Shopping,NS
2025-09-09 00:00:00,18,0.0,0,0,141,2.33,24327,42,0,0.0,0.0,379,0,0.0,159,80,397,1870,1.26,0,5,403,1.43,50,0.0,24144,56.68,Nacoes Shopping,NS
2025-09-04 00:00:00,58,0.0,0,0,270,2.48,17421,36,5,0.0,0.0,353,1,0.0,156,68,662,2545,1.69,0,21,654,2.22,35,0.0,17251,43.13,Nacoes Shopping,NS
2025-09-02 00:00:00,58,0.0,0,0,348,2.1,20001,45,2,0.0,0.0,396,2,0.0,159,84,839,3041,1.73,0,17,823,2.27,47,0.0,19819,41.98,Nacoes Shopping,NS
2025-09-17 00:00:00,0,0.0,0,0,0,0.0,0,0,0,0.0,0.0,0,0,0.0,0,0,0,0,0.0,0,0,0,0.0,0,0.0,0,0.0,Nacoes Shopping,NS
2025-09-12 00:00:00,20,0.0,0,0,119,2.78,27360,70,2,0.0,0.0,521,0,0.0,200,116,380,1901,1.19,0,5,381,1.22,48,0.0,27105,76.17,Nacoes Shopping,NS
2025-09-07 00:00:00,37,0.0,0,0,210,2.22,18881,39,2,0.0,0.0,293,1,0.0,133,64,526,2205,1.79,0,10,517,2.37,46,0.0,18768,42.0,Nacoes Shopping,NS
2025-08-28 00:00:00,6,0.0,0,0,60,2.25,11318,20,0,0.0,0.0,136,0,0.0,46,30,198,979,1.24,0,3,200,1.95,18,0.0,11249,25.42,Nacoes Shopping,NS
2025-08-31 00:00:00,50,0.0,0,0,254,2.2,20752,44,1,0.0,0.0,326,3,0.0,142,68,621,2588,1.5,0,11,620,2.23,53,0.0,20646,45.57,Nacoes Shopping,NS
2025-08-26 00:00:00,8,0.0,0,0,50,2.34,9640,15,0,0.0,0.0,121,0,0.0,40,23,197,958,1.35,0,1,194,1.97,14,0.0,9587,22.59,Nacoes Shopping,NS
2025-09-10 00:00:00,13,0.0,0,0,133,2.54,30245,86,0,0.0,0.0,565,1,0.0,239,128,434,1987,1.18,0,4,435,1.25,49,0.0,29982,76.72,Nacoes Shopping,NS
2025-09-05 00:00:00,44,0.0,0,0,225,2.21,20232,32,1,0.0,0.0,330,0,0.0,131,65,582,2486,1.46,0,25,578,1.84,36,0.0,20082,44.79,Nacoes Shopping,NS
2025-09-15 00:00:00,0,0.0,0,0,0,0.0,0,0,0,0.0,0.0,0,0,0.0,0,0,0,0,0.0,0,0,0,0.0,0,0.0,0,0.0,Nacoes Shopping,NS
2025-10-23 00:00:00,10,0.0,0,0,37,2.55,8995,8,0,0.0,0.0,86,0,0.0,24,13,109,571,1.14,0,0,106,1.8,13,0.0,8926,22.95,Nacoes Shopping,NS
2025-10-11 00:00:00,6,0.0,0,0,63,2.03,17101,17,0,0.0,0.0,133,0,0.0,56,27,202,1118,1.14,0,2,201,2.29,31,0.0,16977,34.72,Nacoes Shopping,NS
2025-10-06 00:00:00,12,0.0,0,0,71,2.09,17926,23,0,0.0,0.0,143,0,0.0,60,32,231,1384,1.56,0,1,239,2.82,17,0.0,17806,37.39,Nacoes Shopping,NS
2025-10-01 00:00:00,17,0.0,0,0,112,2.1,19121,22,0,0.0,0.0,192,1,0.0,78,37,289,1646,1.29,0,2,298,2.5,31,0.0,18930,40.19,Nacoes Shopping,NS
2025-09-26 00:00:00,6,0.0,0,0,25,2.29,8799,8,0,0.0,0.0,51,0,0.0,23,15,91,505,1.1,0,0,91,3.31,3,0.0,8756,20.15,Nacoes Shopping,NS
2025-10-16 00:00:00,8,0.0,0,0,63,2.38,13915,15,1,0.0,0.0,123,0,0.0,41,24,187,1024,1.21,0,0,189,2.07,23,0.0,13816,33.14,Nacoes Shopping,NS
2025-10-21 00:00:00,7,0.0,0,0,31,2.46,11039,10,0,0.0,0.0,85,0,0.0,27,14,111,766,1.09,0,1,110,1.82,12,0.0,10966,27.18,Nacoes Shopping,NS
2025-10-08 00:00:00,8,0.0,0,0,69,2.33,15995,19,0,0.0,0.0,137,1,0.0,56,31,215,1281,1.22,0,3,215,2.11,25,0.0,15824,37.29,Nacoes Shopping,NS
2025-10-03 00:00:00,15,0.0,0,0,79,2.11,19340,16,0,0.0,0.0,165,0,0.0,60,33,260,1527,1.22,0,1,264,2.13,20,0.0,19177,40.83,Nacoes Shopping,NS
2025-09-28 00:00:00,9,0.0,0,0,65,2.34,18281,17,1,0.0,0.0,120,1,0.0,42,29,190,1159,1.17,0,0,191,2.8,14,0.0,18174,42.78,Nacoes Shopping,NS
2025-10-18 00:00:00,9,0.0,0,0,49,2.13,14516,15,0,0.0,0.0,105,0,0.0,41,21,154,799,1.66,0,3,159,3.28,17,0.0,14430,30.94,Nacoes Shopping,NS
2025-10-13 00:00:00,13,0.0,0,0,77,2.1,16174,21,0,0.0,0.0,139,1,0.0,49,32,214,1129,1.19,0,0,221,2.18,20,0.0,16070,33.98,Nacoes Shopping,NS
2025-10-19 00:00:00,10,0.0,0,0,62,2.13,13797,14,0,0.0,0.0,119,0,0.0,46,26,170,875,1.14,0,2,169,2.14,16,0.0,13707,29.35,Nacoes Shopping,NS
2025-10-14 00:00:00,10,0.0,0,0,76,2.23,15236,23,0,0.0,0.0,129,0,0.0,53,35,212,1107,1.21,0,1,214,2.17,26,0.0,15119,33.94,Nacoes Shopping,NS
2025-10-09 00:00:00,3,0.0,0,0,86,2.3,15966,20,0,0.0,0.0,167,0,0.0,70,41,250,1254,1.36,0,2,253,2.36,31,0.0,15832,36.76,Nacoes Shopping,NS
2025-10-04 00:00:00,6,0.0,0,0,78,1.99,19342,19,0,0.0,0.0,149,0,0.0,63,33,251,1389,1.18,0,0,252,2.32,36,0.0,19208,38.47,Nacoes Shopping,NS
2025-09-29 00:00:00,9,0.0,0,0,71,2.49,17102,15,0,0.0,0.0,130,0,0.0,59,30,195,1203,1.2,0,1,199,2.51,15,0.0,16986,42.54,Nacoes Shopping,NS
2025-10-24 00:00:00,5,0.0,0,0,21,2.36,5910,9,0,0.0,0.0,68,0,0.0,28,14,68,402,1.11,0,0,64,1.47,3,0.0,5868,13.93,Nacoes Shopping,NS
2025-10-17 00:00:00,6,0.0,0,0,60,2.29,14644,15,0,0.0,0.0,126,0,0.0,48,22,179,964,1.18,0,0,178,2.06,12,0.0,14542,33.59,Nacoes Shopping,NS
2025-10-12 00:00:00,6,0.0,0,0,54,1.98,17636,16,0,0.0,0.0,128,0,0.0,47,32,201,1172,1.14,0,1,204,2.21,26,0.0,17533,34.86,Nacoes Shopping,NS
2025-10-07 00:00:00,6,0.0,0,0,69,2.23,17068,15,0,0.0,0.0,142,0,0.0,56,28,222,1399,1.26,0,2,224,2.19,23,0.0,16926,38.01,Nacoes Shopping,NS
2025-10-02 00:00:00,13,0.0,0,0,96,2.18,18686,29,0,0.0,0.0,199,1,0.0,87,47,284,1612,1.33,0,0,284,2.46,21,0.0,18515,40.75,Nacoes Shopping,NS
2025-10-22 00:00:00,3,0.0,0,0,38,2.6,9722,12,1,0.0,0.0,81,0,0.0,36,18,102,617,1.14,0,0,105,1.83,17,0.0,9635,25.24,Nacoes Shopping,NS
2025-09-27 00:00:00,2,0.0,0,0,52,2.42,17467,13,0,0.0,0.0,125,0,0.0,51,26,191,1073,1.13,0,0,196,3.06,23,0.0,17373,42.29,Nacoes Shopping,NS
2025-10-05 00:00:00,6,0.0,0,0,67,1.95,19237,21,0,0.0,0.0,159,0,0.0,61,34,227,1365,1.19,0,0,234,2.28,34,0.0,19115,37.51,Nacoes Shopping,NS
2025-09-30 00:00:00,9,0.0,0,0,59,2.51,16584,13,0,0.0,0.0,139,0,0.0,60,25,222,1240,1.21,0,0,229,2.39,8,0.0,16456,41.56,Nacoes Shopping,NS
2025-10-20 00:00:00,7,0.0,0,0,48,2.24,12737,11,0,0.0,0.0,95,0,0.0,39,20,143,816,1.11,0,1,145,2.0,18,0.0,12647,28.54,Nacoes Shopping,NS
2025-10-15 00:00:00,7,0.0,0,0,60,2.35,13922,13,0,0.0,0.0,116,0,0.0,60,31,194,1043,1.23,0,0,201,2.17,19,0.0,13811,32.7,Nacoes Shopping,NS
2025-10-10 00:00:00,16,0.0,0,0,73,2.14,17566,19,0,0.0,0.0,155,0,0.0,57,34,233,1201,1.19,0,3,232,2.11,29,0.0,17441,37.58,Nacoes Shopping,NS
2025-11-22 00:00:00,4,0.0,0,843,1638,4.38,14718,1146,0,0.0,0.0,2376,0,0.08,1786,1435,2227,2524,2.76,0,1,1705,3.46,9,5.73,12261,64.4,Nacoes Shopping,NS
2025-11-17 00:00:00,5,0.0,0,1037,2518,4.81,16071,1874,0,0.0,0.0,3067,0,0.07,2401,2205,3126,3184,3.5,0,0,2408,4.51,14,6.45,14098,77.23,Nacoes Shopping,NS
2025-11-12 00:00:00,3,0.0,0,937,2359,4.27,18801,1766,1,0.0,0.0,2979,0,0.09,2210,2023,2905,3102,2.76,0,2,2250,3.72,24,4.98,16281,80.31,Nacoes Shopping,NS
2025-11-07 00:00:00,68,0.0,0,8,481,2.93,20477,202,0,0.0,0.0,1581,3,7.49,656,420,1496,4570,2.27,0,13,1657,3.5,45,0.04,20307,59.9,Nacoes Shopping,NS
2025-11-02 00:00:00,97,0.0,0,21,851,2.48,27761,404,2,0.0,0.0,3016,1,3.28,1274,794,2733,7458,2.48,0,13,2979,3.77,58,0.08,27603,68.81,Nacoes Shopping,NS
2025-11-05 00:00:00,125,0.0,0,16,716,2.69,25235,296,2,0.0,0.0,2468,4,4.24,994,625,2287,6410,2.4,0,12,2502,3.39,56,0.06,24994,67.83,Nacoes Shopping,NS
2025-10-31 00:00:00,132,0.0,0,9,774,3.03,25618,330,2,0.0,0.0,2598,4,8.63,1079,690,2521,6432,2.46,0,20,2748,4.13,87,0.04,25445,77.64,Nacoes Shopping,NS
2025-10-26 00:00:00,0,0.0,0,0,1,1.98,825,1,0,0.0,0.0,6,0,0.0,3,1,6,45,0.98,0,0,6,1.1,2,0.0,824,1.63,Nacoes Shopping,NS
2025-11-20 00:00:00,4,0.0,0,870,2117,4.86,15321,1561,0,0.0,0.0,2816,0,0.09,2143,1785,2780,2908,3.08,0,0,2137,3.95,24,5.68,14145,74.49,Nacoes Shopping,NS
2025-11-15 00:00:00,4,0.0,0,756,1799,4.55,16921,1340,0,0.0,0.0,2509,0,0.1,1880,1699,2336,2646,2.64,0,1,1801,3.27,29,4.47,14899,77.07,Nacoes Shopping,NS
2025-11-10 00:00:00,33,0.0,0,9,195,2.83,14680,80,0,0.0,0.0,358,1,4.61,194,121,463,2082,1.73,0,6,472,2.39,27,0.06,14523,41.48,Nacoes Shopping,NS
2025-11-23 00:00:00,6,0.0,0,900,2082,4.0,16389,1543,1,0.0,0.0,3264,0,0.07,2637,2126,3142,3409,3.17,0,1,2562,4.1,6,5.49,13391,65.58,Nacoes Shopping,NS
2025-11-18 00:00:00,9,0.0,0,624,1534,4.9,15100,1167,0,0.0,0.0,1949,0,0.12,1468,1338,1849,2111,2.51,0,0,1440,3.02,27,4.13,14121,73.93,Nacoes Shopping,NS
2025-11-13 00:00:00,7,0.0,0,1227,3142,4.78,18344,2367,1,0.0,0.0,3995,0,0.07,3130,2866,4048,4121,3.55,0,0,3178,4.78,13,6.69,16498,87.77,Nacoes Shopping,NS
2025-11-08 00:00:00,38,0.0,0,15,284,2.58,17885,115,0,0.0,0.0,769,1,3.08,344,220,803,3131,1.93,0,4,879,2.9,27,0.08,17737,46.16,Nacoes Shopping,NS
2025-11-03 00:00:00,101,0.0,0,7,831,2.62,25771,363,0,0.0,0.0,2824,1,9.65,1184,744,2583,7031,2.71,0,15,2804,3.89,55,0.03,25540,67.53,Nacoes Shopping,NS
2025-11-21 00:00:00,6,0.0,0,829,1672,4.38,15006,1181,0,0.0,0.0,2497,0,0.08,1878,1502,2353,2634,2.74,0,1,1823,3.38,11,5.52,12685,65.77,Nacoes Shopping,NS
2025-10-27 00:00:00,0,0.0,0,0,0,0.0,0,0,0,0.0,0.0,0,0,0.0,0,0,0,0,0.0,0,0,0,0.0,0,0.0,0,0.0,Nacoes Shopping,NS
2025-11-16 00:00:00,7,0.0,0,1058,2234,4.8,16845,1557,0,0.0,0.0,2773,0,0.08,2056,1875,2776,2877,3.03,0,1,2009,3.84,19,6.28,14288,80.79,Nacoes Shopping,NS
2025-11-11 00:00:00,9,0.0,0,875,2337,4.34,19862,1821,0,0.0,0.0,3187,2,0.1,2500,2234,3056,3850,2.97,0,3,2551,3.74,28,4.41,16139,86.18,Nacoes Shopping,NS
2025-11-06 00:00:00,73,0.0,0,11,598,2.85,22915,275,0,0.0,0.0,2065,4,5.93,854,553,1883,5376,2.34,0,11,2074,3.43,44,0.05,22720,65.24,Nacoes Shopping,NS
2025-11-01 00:00:00,130,0.0,0,15,856,2.56,28983,379,1,0.0,0.0,3007,2,4.95,1227,758,2936,7341,2.46,0,6,3176,3.96,72,0.05,28781,74.28,Nacoes Shopping,NS
2025-11-19 00:00:00,7,0.0,0,886,2198,5.33,14499,1622,0,0.0,0.0,2623,0,0.09,1943,1798,2649,2720,3.19,0,1,1984,4.12,28,6.11,13729,77.25,Nacoes Shopping,NS
2025-11-14 00:00:00,2,0.0,0,1334,2619,5.33,16957,1845,0,0.0,0.0,3169,0,0.07,2409,2137,3206,3378,3.29,0,0,2366,4.17,15,7.87,14956,90.39,Nacoes Shopping,NS
2025-11-09 00:00:00,21,0.0,0,5,169,2.67,15071,68,0,0.0,0.0,319,0,8.04,158,106,429,2066,1.58,0,7,448,2.3,21,0.03,14976,40.19,Nacoes Shopping,NS
2025-11-04 00:00:00,142,0.0,0,10,839,2.58,26857,350,1,0.0,0.0,2933,2,6.93,1159,739,2749,7642,2.79,0,10,3040,4.0,85,0.04,26545,69.31,Nacoes Shopping,NS
2025-10-30 00:00:00,40,0.0,0,5,437,2.94,13255,221,0,0.0,0.0,1545,0,7.8,689,444,1371,3585,2.6,0,8,1494,4.42,25,0.04,13183,38.98,Nacoes Shopping,NS
2025-10-25 00:00:00,0,0.0,0,0,5,2.21,4005,2,0,0.0,0.0,38,0,0.0,14,3,31,250,1.01,0,0,32,1.25,8,0.0,3989,8.84,Nacoes Shopping,NS
2025-12-22 00:00:00,19,0.0,0,976,1511,3.04,26926,410,2,0.0,0.0,1957,0,0.08,852,544,2940,3313,3.48,0,7,2260,2.89,144,3.62,12780,81.74,Nacoes Shopping,NS
2025-12-17 00:00:00,26,0.0,0,839,1204,2.97,28140,255,2,0.0,0.0,1555,2,0.1,663,391,2495,2955,3.6,0,5,2009,2.55,240,2.98,10883,83.48,Nacoes Shopping,NS
2025-12-12 00:00:00,21,0.0,0,1258,1414,3.51,29014,349,0,0.0,0.0,1664,0,0.08,748,472,2541,3563,2.03,0,4,1837,3.1,94,4.34,24425,101.73,Nacoes Shopping,NS
2025-12-07 00:00:00,36,0.0,0,848,1363,3.58,26315,315,0,0.0,0.0,1978,0,0.11,806,488,2787,3435,3.82,0,4,2262,2.76,180,3.22,11338,94.33,Nacoes Shopping,NS
2025-12-02 00:00:00,6,0.0,0,1040,1342,3.69,19715,437,1,0.0,0.0,1848,0,0.07,889,582,2368,2391,2.3,0,0,1746,3.09,21,5.28,17328,72.75,Nacoes Shopping,NS
2025-11-27 00:00:00,18,0.0,0,696,1168,3.78,34901,463,0,0.0,0.0,1694,0,0.19,810,573,2196,3365,1.64,0,4,1755,2.79,28,1.99,33414,131.9,Nacoes Shopping,NS
2025-12-05 00:00:00,30,0.0,0,905,1385,3.29,27808,374,2,0.0,0.0,1901,0,0.1,792,516,2856,3328,3.7,0,6,2301,2.67,170,3.25,11976,91.44,Nacoes Shopping,NS
2025-12-20 00:00:00,17,0.0,0,858,1293,3.29,25104,258,1,0.0,0.0,1875,0,0.1,647,356,2719,2944,3.47,0,4,2090,2.92,137,3.42,11748,82.64,Nacoes Shopping,NS
2025-12-15 00:00:00,27,0.0,0,964,1223,2.89,30421,237,0,0.0,0.0,1684,0,0.09,614,356,2497,3706,2.12,0,3,1922,2.84,222,3.17,24643,88.06,Nacoes Shopping,NS
2025-12-10 00:00:00,55,0.0,0,744,1318,3.05,30615,329,2,0.0,0.0,1943,2,0.13,780,477,2712,4125,2.35,0,10,2219,3.11,191,2.43,24106,93.45,Nacoes Shopping,NS
2025-11-30 00:00:00,6,0.0,0,1015,960,4.1,19422,209,0,0.0,0.0,990,0,0.08,402,263,1591,1658,1.47,0,1,971,2.67,12,5.23,18575,79.69,Nacoes Shopping,NS
2025-11-25 00:00:00,18,0.0,0,790,1963,3.59,29275,1473,0,0.0,0.0,2814,0,0.13,2146,1672,2737,3299,2.0,0,3,2130,3.09,19,2.7,27706,105.0,Nacoes Shopping,NS
2025-12-23 00:00:00,30,0.0,0,779,1196,3.16,25875,269,0,0.0,0.0,1541,1,0.11,636,386,2316,2681,3.57,0,8,1784,2.35,205,3.01,10256,81.88,Nacoes Shopping,NS
2025-12-18 00:00:00,16,0.0,0,838,1062,3.2,25010,176,0,0.0,0.0,1377,1,0.1,463,263,2128,2425,2.87,0,4,1567,2.17,221,3.35,11220,80.14,Nacoes Shopping,NS
2025-12-13 00:00:00,22,0.0,0,937,1428,3.09,29979,350,2,0.0,0.0,1881,0,0.1,785,482,2770,3927,2.22,0,3,2143,3.22,131,3.13,24808,92.54,Nacoes Shopping,NS
2025-12-08 00:00:00,32,0.0,0,1057,1883,3.38,29389,533,0,0.0,0.0,2866,0,0.09,1131,726,4002,4777,3.48,0,7,3284,3.95,134,3.6,18819,99.44,Nacoes Shopping,NS
2025-12-03 00:00:00,9,0.0,0,1024,1259,3.2,23820,382,0,0.0,0.0,1908,1,0.07,787,514,2381,2474,1.99,0,1,1782,2.44,21,4.3,21264,76.29,Nacoes Shopping,NS
2025-11-28 00:00:00,15,0.0,0,716,915,4.14,30427,265,2,0.0,0.0,1338,0,0.18,551,333,1871,2831,1.59,0,2,1462,2.59,22,2.35,29036,125.88,Nacoes Shopping,NS
2025-12-11 00:00:00,25,0.0,0,767,1190,3.28,28815,299,0,0.0,0.0,1665,0,0.12,710,416,2347,3693,2.3,0,4,1868,3.17,155,2.66,23244,94.49,Nacoes Shopping,NS
2025-12-21 00:00:00,25,0.0,0,799,1146,2.95,27991,254,0,0.0,0.0,1792,0,0.1,647,364,2575,3131,3.3,0,6,2084,2.58,218,2.85,12235,82.57,Nacoes Shopping,NS
2025-12-16 00:00:00,23,0.0,0,1030,1086,2.99,28378,183,0,0.0,0.0,1319,0,0.08,484,277,2106,2848,1.99,0,10,1530,2.26,231,3.63,18926,84.94,Nacoes Shopping,NS
2025-12-06 00:00:00,24,0.0,0,1018,1410,3.74,26033,413,0,0.0,0.0,1833,3,0.1,823,563,2819,3236,3.85,0,12,2224,2.83,186,3.91,11006,97.27,Nacoes Shopping,NS
2025-12-01 00:00:00,2,0.0,0,968,1168,3.53,19609,303,0,0.0,0.0,1833,0,0.07,705,406,2498,2571,2.18,0,0,1905,3.72,10,4.94,17569,69.13,Nacoes Shopping,NS
2025-11-26 00:00:00,6,0.0,0,811,1361,3.37,35751,819,0,0.0,0.0,2174,0,0.15,1401,984,2230,3299,1.58,0,1,1723,2.6,26,2.27,34188,120.58,Nacoes Shopping,NS
2025-12-04 00:00:00,21,0.0,0,1037,1540,3.12,29208,460,2,0.0,0.0,2353,0,0.09,918,622,3189,3679,2.99,0,9,2567,3.04,159,3.55,17223,91.14,Nacoes Shopping,NS
2025-11-29 00:00:00,14,0.0,0,884,806,3.89,33029,179,1,0.0,0.0,1025,6,0.15,411,234,1598,2578,1.51,0,2,1161,2.58,16,2.68,31191,128.63,Nacoes Shopping,NS
2025-12-14 00:00:00,39,0.0,0,1142,1621,3.03,30583,343,0,0.0,0.0,2216,0,0.08,850,497,3245,4399,2.34,0,8,2487,3.5,120,3.73,26166,92.57,Nacoes Shopping,NS
2025-12-09 00:00:00,38,0.0,0,1027,1615,3.07,30672,421,0,0.0,0.0,2406,1,0.09,1025,639,3453,4911,2.6,0,10,2861,3.67,83,3.35,24774,94.18,Nacoes Shopping,NS
2025-11-24 00:00:00,1,0.0,0,850,1909,4.81,12954,1374,0,0.0,0.0,2376,0,0.07,1866,1584,2431,2481,3.06,0,0,1856,3.88,8,6.56,11277,62.32,Nacoes Shopping,NS
2025-12-19 00:00:00,17,0.0,0,996,1272,3.23,25731,204,1,0.0,0.0,1698,2,0.08,602,309,2579,2761,3.21,0,4,1936,2.62,200,3.87,11558,83.03,Nacoes Shopping,NS
2026-01-21 00:00:00,9,0.0,0,0,67,1.77,19038,60,0,0.0,0.0,280,0,0.0,135,82,205,1115,1.06,0,2,203,1.76,33,0.0,18910,33.74,Nacoes Shopping,NS
2026-01-11 00:00:00,0,0.0,0,0,0,0.0,0,0,0,0.0,0.0,0,0,0.0,0,0,0,0,0.0,0,0,0,0.0,0,0.0,0,0.0,Nacoes Shopping,NS
2026-01-16 00:00:00,5,0.0,0,0,73,1.65,20387,55,0,0.0,0.0,303,0,0.0,142,81,209,1230,1.04,0,0,209,1.76,33,0.0,20253,33.66,Nacoes Shopping,NS
2026-01-06 00:00:00,0,0.0,0,0,0,0.0,0,0,0,0.0,0.0,0,0,0.0,0,0,0,0,0.0,0,0,0,0.0,0,0.0,1,0.0,Nacoes Shopping,NS
2026-01-01 00:00:00,0,0.0,0,4,2,0.0,54,2,0,0.0,0.0,7,0,0.0,4,2,4,10,5.52,0,0,4,2.52,1,7.41,21,0.0,Nacoes Shopping,NS
2025-12-27 00:00:00,24,0.0,0,1431,2111,2.55,33573,549,0,0.0,0.0,2878,2,0.06,1153,703,4131,4487,4.23,0,5,3182,3.5,147,4.26,14568,85.52,Nacoes Shopping,NS
2026-01-09 00:00:00,0,0.0,0,0,0,0.0,0,0,0,0.0,0.0,0,0,0.0,0,0,0,0,0.0,0,0,0,0.0,0,0.0,0,0.0,Nacoes Shopping,NS
2026-01-19 00:00:00,9,0.0,0,0,76,1.82,17300,55,0,0.0,0.0,281,0,0.0,127,73,208,1156,1.1,0,1,211,1.64,29,0.0,17176,31.47,Nacoes Shopping,NS
2026-01-14 00:00:00,1,0.0,0,0,26,1.27,9413,20,0,0.0,0.0,130,0,0.0,52,25,89,439,0.96,0,0,89,1.68,17,0.0,9347,11.98,Nacoes Shopping,NS
2026-01-04 00:00:00,0,0.0,0,0,1,0.0,6,1,0,0.0,0.0,1,0,0.0,1,1,1,1,4.76,0,0,1,5.95,0,0.0,5,0.0,Nacoes Shopping,NS
2025-12-30 00:00:00,21,0.0,0,1634,1876,2.5,29421,318,2,0.0,0.0,2184,1,0.05,779,425,3463,3214,4.49,0,8,2378,2.93,131,5.55,9628,73.63,Nacoes Shopping,NS
2025-12-25 00:00:00,23,0.0,0,1062,1443,2.58,30600,370,0,0.0,0.0,1845,0,0.07,798,478,2846,3367,3.14,0,7,2202,2.64,148,3.47,14126,78.99,Nacoes Shopping,NS
2026-01-02 00:00:00,0,0.0,0,2,3,0.0,5,1,0,0.0,0.0,1,0,0.0,1,1,3,2,2.17,0,0,1,5.8,0,40.0,8,0.0,Nacoes Shopping,NS
2025-12-28 00:00:00,26,0.0,0,1527,2045,2.59,32098,525,0,0.0,0.0,2577,1,0.05,1041,665,3856,4269,3.68,0,8,2856,3.43,102,4.76,15791,83.09,Nacoes Shopping,NS
2026-01-12 00:00:00,0,0.0,0,0,0,0.0,0,0,0,0.0,0.0,0,0,0.0,0,0,0,0,0.0,0,0,0,0.0,0,0.0,0,0.0,Nacoes Shopping,NS
2026-01-22 00:00:00,7,0.0,0,0,42,1.61,19593,47,0,0.0,0.0,251,0,0.0,110,70,163,992,0.96,0,1,168,1.69,31,0.0,19471,31.49,Nacoes Shopping,NS
2026-01-17 00:00:00,12,0.0,0,0,84,1.64,20552,65,0,0.0,0.0,371,0,0.0,141,85,246,1323,1.08,0,3,243,1.75,32,0.0,20394,33.8,Nacoes Shopping,NS
2026-01-07 00:00:00,0,0.0,0,0,0,0.0,2,0,0,0.0,0.0,0,0,0.0,0,0,0,0,0.69,0,0,0,1.37,0,0.0,2,0.0,Nacoes Shopping,NS
2026-01-10 00:00:00,0,0.0,0,0,0,0.0,0,0,0,0.0,0.0,0,0,0.0,0,0,0,0,0.0,0,0,0,0.0,0,0.0,0,0.0,Nacoes Shopping,NS
2026-01-20 00:00:00,6,0.0,0,0,76,2.02,15140,65,0,0.0,0.0,280,0,0.0,126,87,203,1047,1.1,0,0,207,1.52,30,0.0,15018,30.59,Nacoes Shopping,NS
2026-01-15 00:00:00,3,0.0,0,0,78,1.61,21494,68,0,0.0,0.0,365,0,0.0,159,89,239,1232,1.04,0,1,244,1.9,36,0.0,21348,34.65,Nacoes Shopping,NS
2026-01-05 00:00:00,0,0.0,0,1,3,0.0,8,1,0,0.0,0.0,2,0,0.0,2,1,4,4,14.6,0,0,3,19.47,0,12.5,4,0.0,Nacoes Shopping,NS
2025-12-31 00:00:00,8,0.0,0,1094,1155,2.32,21654,181,0,0.0,0.0,1286,2,0.05,470,269,2049,1759,4.11,0,1,1352,2.1,123,5.05,6063,50.26,Nacoes Shopping,NS
2025-12-26 00:00:00,15,0.0,0,1008,1484,2.43,30730,376,2,0.0,0.0,1839,1,0.07,781,500,2758,3151,3.27,0,7,2043,2.47,182,3.28,13227,74.82,Nacoes Shopping,NS
2026-01-08 00:00:00,0,0.0,0,0,0,0.0,0,0,0,0.0,0.0,0,0,0.0,0,0,0,0,0.0,0,0,0,0.0,0,0.0,0,0.0,Nacoes Shopping,NS
2026-01-03 00:00:00,0,0.0,0,0,0,0.0,3,0,0,0.0,0.0,1,0,0.0,0,0,1,3,4.89,0,0,1,6.52,0,0.0,4,0.0,Nacoes Shopping,NS
2025-12-29 00:00:00,20,0.0,0,1579,1917,2.36,33576,430,0,0.0,0.0,2256,1,0.05,950,603,3457,3773,3.49,0,3,2501,3.07,112,4.7,14917,79.37,Nacoes Shopping,NS
2025-12-24 00:00:00,33,0.0,0,866,1502,2.63,30440,420,2,0.0,0.0,2330,2,0.09,973,556,3297,3949,4.06,0,8,2711,3.02,180,2.84,12294,79.95,Nacoes Shopping,NS
2026-01-13 00:00:00,0,0.0,0,0,0,0.0,0,0,0,0.0,0.0,0,0,0.0,0,0,0,0,0.0,0,0,0,0.0,0,0.0,0,0.0,Nacoes Shopping,NS
2026-01-18 00:00:00,8,0.0,0,0,94,1.65,20265,64,0,0.0,0.0,339,0,0.0,165,95,264,1308,1.11,0,1,272,1.71,43,0.0,20113,33.46,Nacoes Shopping,NS
2026-01-26 00:00:00,9,0.0,0,0,56,1.94,14688,40,0,0.0,0.0,224,1,0.0,100,60,157,828,1.02,0,0,164,1.44,27,0.0,14591,28.46,Nacoes Shopping,NS
2026-02-20 00:00:00,4,0.0,0,0,44,1.69,8981,31,2,0.0,0.0,182,0,0.0,73,45,170,901,1.29,0,2,165,1.69,16,0.0,8912,15.15,Nacoes Shopping,NS
2026-02-15 00:00:00,7,0.0,0,0,92,1.88,8968,40,0,0.0,0.0,280,0,0.0,115,67,266,1206,1.5,0,6,264,1.96,19,0.0,8869,16.9,Nacoes Shopping,NS
2026-02-10 00:00:00,12,0.0,0,0,74,1.65,11900,45,1,0.0,0.0,264,1,0.0,104,67,259,1222,1.47,0,1,260,2.21,19,0.0,11811,19.58,Nacoes Shopping,NS
2026-02-05 00:00:00,33,0.0,0,0,186,1.97,42084,82,0,0.0,0.0,586,2,0.0,216,118,673,3546,1.28,0,4,671,2.31,70,0.0,41603,83.04,Nacoes Shopping,NS
2026-01-31 00:00:00,34,0.0,0,0,292,1.93,47769,112,5,0.0,0.0,752,1,0.0,300,164,974,4760,1.32,0,2,978,2.75,81,0.0,47407,92.03,Nacoes Shopping,NS
2026-02-18 00:00:00,5,0.0,0,0,43,1.39,11417,22,0,0.0,0.0,145,0,0.0,59,35,154,879,1.18,0,1,151,1.73,15,0.0,11338,15.84,Nacoes Shopping,NS
2026-01-24 00:00:00,8,0.0,0,0,53,1.74,17731,38,0,0.0,0.0,242,0,0.0,92,59,167,1012,1.02,0,1,170,1.57,28,0.0,17623,30.78,Nacoes Shopping,NS
2026-02-13 00:00:00,16,0.0,0,0,70,1.7,10651,40,0,0.0,0.0,240,0,0.0,90,52,222,1103,1.36,0,4,216,1.87,22,0.0,10548,18.12,Nacoes Shopping,NS
2026-02-08 00:00:00,20,0.0,0,0,126,1.86,16942,68,1,0.0,0.0,368,0,0.0,159,87,389,1968,1.4,0,3,384,1.86,37,0.0,16756,31.43,Nacoes Shopping,NS
2026-02-03 00:00:00,36,0.0,0,0,210,2.02,40649,102,0,0.0,0.0,590,2,0.0,231,143,705,3535,1.29,0,8,709,2.01,101,0.0,40085,82.03,Nacoes Shopping,NS
2026-01-29 00:00:00,34,0.0,0,0,163,1.65,31480,71,0,0.0,0.0,509,0,0.0,182,105,588,2986,1.26,0,6,580,2.96,71,0.0,31284,52.07,Nacoes Shopping,NS
2026-01-27 00:00:00,14,0.0,0,0,96,1.78,14869,51,1,0.0,0.0,314,0,0.0,131,73,272,1356,1.26,0,2,264,2.02,34,0.0,14760,26.41,Nacoes Shopping,NS
2026-02-21 00:00:00,11,0.0,0,0,53,1.72,8479,24,0,0.0,0.0,189,0,0.0,71,36,185,916,1.36,0,4,178,1.82,19,0.0,8444,14.61,Nacoes Shopping,NS
2026-02-16 00:00:00,7,0.0,0,0,59,1.89,8598,34,1,0.0,0.0,215,1,0.0,72,43,202,1010,1.44,0,4,200,1.77,23,0.0,8489,16.27,Nacoes Shopping,NS
2026-02-11 00:00:00,9,0.0,0,0,55,1.51,12188,31,1,0.0,0.0,243,0,0.0,84,46,210,1091,1.27,0,2,210,1.9,29,0.0,12087,18.44,Nacoes Shopping,NS
2026-02-06 00:00:00,48,0.0,0,0,208,1.82,43683,87,0,0.0,0.0,567,0,0.0,203,118,730,3566,1.24,0,10,726,2.34,79,0.0,43254,79.32,Nacoes Shopping,NS
2026-02-01 00:00:00,50,0.0,0,0,268,1.69,50195,113,1,0.0,0.0,822,1,0.0,302,161,1003,4896,1.31,0,7,1009,2.4,93,0.0,49635,84.8,Nacoes Shopping,NS
2026-02-19 00:00:00,7,0.0,0,0,52,1.53,10159,33,0,0.0,0.0,178,0,0.0,76,48,169,878,1.28,0,2,169,1.71,22,0.0,10070,15.54,Nacoes Shopping,NS
2026-02-14 00:00:00,13,0.0,0,0,93,1.76,10271,52,1,0.0,0.0,296,2,0.0,129,73,281,1321,1.51,0,4,268,2.09,19,0.0,10200,18.04,Nacoes Shopping,NS
2026-02-09 00:00:00,18,0.0,0,0,82,2.03,9109,55,0,0.0,0.0,299,1,0.0,123,84,251,1256,1.58,0,4,253,1.9,34,0.0,9019,18.45,Nacoes Shopping,NS
2026-02-04 00:00:00,32,0.0,0,0,220,2.08,39335,109,3,0.0,0.0,626,1,0.0,259,156,760,3729,1.6,0,5,756,2.41,71,0.0,38899,81.69,Nacoes Shopping,NS
2026-01-30 00:00:00,66,0.0,0,0,278,1.86,52380,98,2,0.0,0.0,728,1,0.0,279,154,936,4944,1.27,0,7,934,2.81,101,0.0,51967,97.28,Nacoes Shopping,NS
2026-01-25 00:00:00,7,0.0,0,0,78,1.57,18244,60,0,0.0,0.0,308,0,0.0,138,86,213,1073,1.05,0,2,216,1.59,31,0.0,18117,28.72,Nacoes Shopping,NS
2026-02-02 00:00:00,46,0.0,0,0,252,1.82,45254,98,3,0.0,0.0,706,2,0.0,272,154,845,4217,1.31,0,6,841,2.08,98,0.0,44634,82.54,Nacoes Shopping,NS
2026-01-28 00:00:00,29,0.0,0,0,111,1.55,19483,67,1,0.0,0.0,405,0,0.0,165,93,378,2021,1.28,0,2,363,2.61,37,0.0,19384,30.18,Nacoes Shopping,NS
2026-02-17 00:00:00,9,0.0,0,0,72,1.49,11534,34,0,0.0,0.0,215,0,0.0,88,51,223,1084,1.37,0,3,219,2.02,17,0.0,11440,17.24,Nacoes Shopping,NS
2026-02-12 00:00:00,12,0.0,0,0,64,1.59,11286,37,0,0.0,0.0,242,0,0.0,107,58,217,1025,1.27,0,5,213,1.73,28,0.0,11152,18.0,Nacoes Shopping,NS
2026-02-07 00:00:00,30,0.0,0,0,177,1.93,32928,85,0,0.0,0.0,549,1,0.0,210,127,608,2992,1.45,0,5,604,2.43,57,0.0,32582,63.57,Nacoes Shopping,NS
2026-01-23 00:00:00,14,0.0,0,0,61,1.66,18274,47,1,0.0,0.0,260,0,0.0,107,65,195,955,1.0,0,3,189,1.61,33,0.0,18143,30.4,Nacoes Shopping,NS
2026-03-02 00:00:00,0,0.0,0,0,0,0.0,0,0,0,0.0,0.0,0,0,0.0,0,0,0,0,0.0,0,0,0,0.0,0,0.0,0,0.0,Nacoes Shopping,NS
2026-02-25 00:00:00,3,0.0,0,0,15,1.59,2044,6,0,0.0,0.0,39,1,0.0,16,8,44,211,1.36,0,1,43,1.8,5,0.0,2040,3.25,Nacoes Shopping,NS
2026-03-03 00:00:00,0,0.0,0,0,0,0.0,0,0,0,0.0,0.0,0,0,0.0,0,0,0,0,0.0,0,0,0,0.0,0,0.0,0,0.0,Nacoes Shopping,NS
2026-02-24 00:00:00,3,0.0,0,0,30,1.66,6869,18,2,0.0,0.0,117,0,0.0,42,26,105,622,1.23,0,0,103,1.76,10,0.0,6825,11.38,Nacoes Shopping,NS
2026-03-06 00:00:00,0,0.0,0,0,0,0.0,0,0,0,0.0,0.0,0,0,0.0,0,0,0,0,0.0,0,0,0,0.0,0,0.0,0,0.0,Nacoes Shopping,NS
2026-03-22 00:00:00,0,0.0,0,0,0,0.0,0,0,0,0.0,0.0,0,0,0.0,0,0,0,0,0.0,0,0,0,0.0,0,0.0,0,0.0,Nacoes Shopping,NS
2026-03-12 00:00:00,0,0.0,0,0,0,0.0,0,0,0,0.0,0.0,0,0,0.0,0,0,0,0,0.0,0,0,0,0.0,0,0.0,0,0.0,Nacoes Shopping,NS
2026-03-05 00:00:00,0,0.0,0,0,0,0.0,0,0,0,0.0,0.0,0,0,0.0,0,0,0,0,0.0,0,0,0,0.0,0,0.0,0,0.0,Nacoes Shopping,NS
2026-02-23 00:00:00,4,0.0,0,0,23,2.13,5650,9,0,0.0,0.0,107,0,0.0,35,18,105,574,1.26,0,1,100,1.52,2,0.0,5594,12.04,Nacoes Shopping,NS
2026-03-09 00:00:00,0,0.0,0,0,0,0.0,0,0,0,0.0,0.0,0,0,0.0,0,0,0,0,0.0,0,0,0,0.0,0,0.0,0,0.0,Nacoes Shopping,NS
2026-03-04 00:00:00,0,0.0,0,0,0,0.0,0,0,0,0.0,0.0,0,0,0.0,0,0,0,0,0.0,0,0,0,0.0,0,0.0,0,0.0,Nacoes Shopping,NS
2026-02-27 00:00:00,0,0.0,0,0,0,0.0,0,0,0,0.0,0.0,0,0,0.0,0,0,0,0,0.0,0,0,0,0.0,0,0.0,0,0.0,Nacoes Shopping,NS
2026-02-22 00:00:00,11,0.0,0,0,63,1.72,7699,25,0,0.0,0.0,181,0,0.0,72,40,172,828,1.36,0,3,164,1.74,11,0.0,7620,13.25,Nacoes Shopping,NS
2026-04-09 00:00:00,0,0.0,0,0,0,0.0,0,0,0,0.0,0.0,0,0,0.0,0,0,0,0,0.0,0,0,0,0.0,0,0.0,0,0.0,Nacoes Shopping,NS
2026-04-01 00:00:00,0,0.0,0,0,0,0.0,0,0,0,0.0,0.0,0,0,0.0,0,0,0,0,0.0,0,0,0,0.0,0,0.0,0,0.0,Nacoes Shopping,NS
2026-04-02 00:00:00,0,0.0,0,0,0,0.0,0,0,0,0.0,0.0,0,0,0.0,0,0,0,0,0.0,0,0,0,0.0,0,0.0,0,0.0,Nacoes Shopping,NS
2026-03-28 00:00:00,0,0.0,0,0,0,0.0,0,0,0,0.0,0.0,0,0,0.0,0,0,0,0,0.0,0,0,0,0.0,0,0.0,0,0.0,Nacoes Shopping,NS
2026-05-07 00:00:00,13,0.0,0,2378,3848,3.0,42875,736,0,0.0,0.0,3756,0,0.05,1606,1007,6937,7847,3.39,0,3,5277,4.86,33,5.55,38291,128.81,Nacoes Shopping,NS
2026-05-22 00:00:00,0,0.0,0,0,0,0.0,0,0,0,0.0,0.0,0,0,0.0,0,0,0,0,0.0,0,0,0,0.0,0,0.0,0,0.0,Nacoes Shopping,NS
2026-05-17 00:00:00,0,0.0,0,0,0,0.0,0,0,0,0.0,0.0,0,0,0.0,0,0,0,0,0.0,0,0,0,0.0,0,0.0,0,0.0,Nacoes Shopping,NS
2026-05-12 00:00:00,0,0.0,0,0,0,0.0,0,0,0,0.0,0.0,0,0,0.0,0,0,0,0,0.0,0,0,0,0.0,0,0.0,0,0.0,Nacoes Shopping,NS
2026-05-02 00:00:00,10,0.0,0,2212,3041,2.6,39451,764,1,0.0,0.0,3509,0,0.05,1486,978,5379,6074,2.65,0,3,3940,3.19,41,5.61,35486,102.57,Nacoes Shopping,NS
2026-05-21 00:00:00,0,0.0,0,0,0,0.0,0,0,0,0.0,0.0,0,0,0.0,0,0,0,0,0.0,0,0,0,0.0,0,0.0,0,0.0,Nacoes Shopping,NS
2026-05-16 00:00:00,0,0.0,0,0,0,0.0,0,0,0,0.0,0.0,0,0,0.0,0,0,0,0,0.0,0,0,0,0.0,0,0.0,0,0.0,Nacoes Shopping,NS
2026-05-11 00:00:00,4,0.0,0,723,1174,2.82,14266,183,0,0.0,0.0,1045,0,0.06,482,262,2006,2269,2.9,0,2,1457,3.99,14,5.07,13390,40.18,Nacoes Shopping,NS
2026-05-06 00:00:00,20,0.0,0,1146,2305,2.69,33497,536,0,0.0,0.0,2318,0,0.08,1278,819,3787,5139,2.86,0,4,2994,3.83,28,3.42,31555,89.96,Nacoes Shopping,NS
2026-05-01 00:00:00,12,0.0,0,2266,3233,2.42,42803,814,0,0.0,0.0,3948,0,0.05,1648,1037,5897,6667,2.76,0,2,4418,3.31,41,5.29,37516,103.41,Nacoes Shopping,NS
2026-05-20 00:00:00,0,0.0,0,0,0,0.0,0,0,0,0.0,0.0,0,0,0.0,0,0,0,0,0.0,0,0,0,0.0,0,0.0,0,0.0,Nacoes Shopping,NS
2026-05-15 00:00:00,0,0.0,0,0,0,0.0,0,0,0,0.0,0.0,0,0,0.0,0,0,0,0,0.0,0,0,0,0.0,0,0.0,0,0.0,Nacoes Shopping,NS
2026-05-10 00:00:00,16,0.0,0,2152,2965,2.72,35783,447,1,0.0,0.0,2335,0,0.05,1007,598,4902,5448,2.75,0,2,3298,3.9,21,6.01,31817,97.36,Nacoes Shopping,NS
2026-05-04 00:00:00,5,0.0,0,1013,1361,2.95,16914,318,0,0.0,0.0,1666,0,0.05,643,416,2482,2769,2.77,0,0,1802,3.44,11,5.99,15753,49.84,Nacoes Shopping,NS
2026-05-19 00:00:00,0,0.0,0,0,0,0.0,0,0,0,0.0,0.0,0,0,0.0,0,0,0,0,0.0,0,0,0,0.0,0,0.0,0,0.0,Nacoes Shopping,NS
2026-05-14 00:00:00,0,0.0,0,0,0,0.0,0,0,0,0.0,0.0,0,0,0.0,0,0,0,0,0.0,0,0,0,0.0,0,0.0,0,0.0,Nacoes Shopping,NS
2026-05-09 00:00:00,13,0.0,0,2449,3746,2.95,36837,573,0,0.0,0.0,3050,0,0.04,1424,833,6196,6439,3.4,0,2,4301,5.04,24,6.65,33211,108.79,Nacoes Shopping,NS
2026-05-05 00:00:00,6,0.0,0,42,100,1.8,11939,24,0,0.0,0.0,153,0,0.51,54,33,251,1003,1.22,0,0,228,1.49,10,0.35,11844,21.51,Nacoes Shopping,NS
2026-04-30 00:00:00,2,0.0,0,631,1015,2.47,15978,250,0,0.0,0.0,1397,0,0.06,563,323,1984,2335,2.59,0,1,1559,2.9,13,3.95,14390,39.5,Nacoes Shopping,NS
2026-05-03 00:00:00,11,0.0,0,2718,3071,2.44,41301,610,0,0.0,0.0,3555,0,0.04,1298,806,5667,5986,2.5,0,1,3982,3.24,38,6.58,37386,100.91,Nacoes Shopping,NS
2026-05-18 00:00:00,0,0.0,0,0,0,0.0,0,0,0,0.0,0.0,0,0,0.0,0,0,0,0,0.0,0,0,0,0.0,0,0.0,0,0.0,Nacoes Shopping,NS
2026-05-13 00:00:00,0,0.0,0,0,0,0.0,0,0,0,0.0,0.0,0,0,0.0,0,0,0,0,0.0,0,0,0,0.0,0,0.0,0,0.0,Nacoes Shopping,NS
2026-05-08 00:00:00,18,0.0,0,2452,3918,2.95,39762,638,0,0.0,0.0,3440,0,0.05,1652,915,6494,6909,3.33,0,1,4701,4.87,31,6.17,35558,117.16,Nacoes Shopping,NS
2026-05-26 00:00:00,0,0.0,0,0,0,0.0,0,0,0,0.0,0.0,0,0,0.0,0,0,0,0,0.0,0,0,0,0.0,0,0.0,0,0.0,Nacoes Shopping,NS
2026-06-10 00:00:00,7,0.0,0,1283,1643,2.64,24790,225,0,0.0,0.0,2101,0,0.05,674,335,3354,3641,2.4,0,2,2373,3.6,32,5.18,23773,65.36,Nacoes Shopping,NS
2026-06-05 00:00:00,11,0.0,0,1727,2512,2.42,29534,418,1,0.0,0.0,2980,0,0.04,1127,588,4599,4816,2.54,0,2,3209,4.05,31,5.85,29025,71.38,Nacoes Shopping,NS
2026-05-31 00:00:00,7,0.0,0,1803,2466,2.64,31989,393,1,0.0,0.0,3320,0,0.05,1131,579,4950,5007,2.89,0,2,3590,4.11,29,5.64,31054,84.35,Nacoes Shopping,NS
2026-06-20 00:00:00,3,0.0,0,0,23,1.79,5640,18,0,0.0,0.0,105,0,0.0,38,24,57,293,1.0,0,0,55,1.02,7,0.0,5623,10.09,Nacoes Shopping,NS
2026-06-15 00:00:00,2,0.0,0,0,21,1.48,7367,18,0,0.0,0.0,146,0,0.0,46,23,70,473,1.05,0,1,68,1.06,7,0.0,7343,10.92,Nacoes Shopping,NS
2026-05-24 00:00:00,0,0.0,0,0,0,0.0,0,0,0,0.0,0.0,0,0,0.0,0,0,0,0,0.0,0,0,0,0.0,0,0.0,0,0.0,Nacoes Shopping,NS
2026-06-18 00:00:00,5,0.0,0,0,10,1.9,5976,8,0,0.0,0.0,120,0,0.0,36,11,61,333,1.02,0,0,61,1.02,5,0.0,5937,11.38,Nacoes Shopping,NS
2026-06-13 00:00:00,14,0.0,0,861,1193,2.36,20638,173,0,0.0,0.0,1435,0,0.06,517,255,2311,2671,2.02,0,0,1625,3.2,25,4.17,20272,48.65,Nacoes Shopping,NS
2026-06-08 00:00:00,14,0.0,0,1550,1969,2.4,28239,251,0,0.0,0.0,2412,0,0.04,755,369,4027,4504,2.31,0,1,2835,3.59,28,5.49,27581,67.69,Nacoes Shopping,NS
2026-06-03 00:00:00,8,0.0,0,1903,2273,2.82,28207,305,0,0.0,0.0,2520,1,0.04,891,451,4100,4141,2.25,0,1,2702,3.07,28,6.75,27422,79.56,Nacoes Shopping,NS
2026-05-29 00:00:00,13,0.0,0,1382,2067,2.94,28538,338,0,0.0,0.0,2902,0,0.06,985,482,4220,4472,2.5,0,0,3098,3.71,22,4.84,27923,83.82,Nacoes Shopping,NS
2026-06-21 00:00:00,1,0.0,0,0,11,1.64,5663,10,0,0.0,0.0,105,0,0.0,32,18,47,302,0.97,0,1,46,0.98,4,0.0,5649,9.31,Nacoes Shopping,NS
2026-06-16 00:00:00,2,0.0,0,0,22,1.72,6457,19,0,0.0,0.0,150,0,0.0,63,29,83,409,1.12,0,1,83,1.14,6,0.0,6432,11.11,Nacoes Shopping,NS
2026-06-11 00:00:00,7,0.0,0,1263,1660,2.5,24796,235,0,0.0,0.0,1885,0,0.05,672,327,3081,3322,2.1,0,2,2069,3.26,18,5.09,24128,61.92,Nacoes Shopping,NS
2026-06-06 00:00:00,8,0.0,0,1676,2352,2.53,27944,387,0,0.0,0.0,2422,0,0.04,974,535,4068,4444,2.49,0,2,2715,3.87,24,6.0,27481,70.62,Nacoes Shopping,NS
2026-06-01 00:00:00,14,0.0,0,1859,2405,2.48,32470,391,1,0.0,0.0,2989,0,0.04,1045,546,4545,4879,2.33,0,4,3166,3.2,34,5.73,31644,80.6,Nacoes Shopping,NS
2026-05-27 00:00:00,0,0.0,0,0,0,0.0,0,0,0,0.0,0.0,0,0,0.0,0,0,0,0,0.0,0,0,0,0.0,0,0.0,0,0.0,Nacoes Shopping,NS
2026-06-19 00:00:00,3,0.0,0,0,16,2.11,5043,12,0,0.0,0.0,118,0,0.0,47,26,62,312,1.0,0,0,62,1.01,2,0.0,5038,10.64,Nacoes Shopping,NS
2026-06-14 00:00:00,6,0.0,0,186,230,1.79,9742,42,1,0.0,0.0,381,0,0.09,121,63,483,838,1.32,0,1,335,1.48,7,1.91,9669,17.44,Nacoes Shopping,NS
2026-06-09 00:00:00,11,0.0,0,1418,1844,2.47,26862,262,0,0.0,0.0,2161,0,0.05,743,378,3521,3932,2.25,0,2,2445,3.44,31,5.28,26068,66.23,Nacoes Shopping,NS
2026-05-25 00:00:00,0,0.0,0,0,0,0.0,0,0,0,0.0,0.0,0,0,0.0,0,0,0,0,0.0,0,0,0,0.0,0,0.0,0,0.0,Nacoes Shopping,NS
2026-06-04 00:00:00,11,0.0,0,2159,2738,2.67,29945,416,0,0.0,0.0,2993,0,0.04,1138,615,4823,4545,2.47,0,1,3219,3.66,24,7.21,29305,79.87,Nacoes Shopping,NS
2026-05-30 00:00:00,18,0.0,0,1483,2215,2.84,28926,328,2,0.0,0.0,2847,0,0.06,1040,512,4205,4416,2.42,0,0,2996,3.45,35,5.13,28349,82.22,Nacoes Shopping,NS
2026-06-17 00:00:00,4,0.0,0,0,16,1.92,5421,13,0,0.0,0.0,118,0,0.0,45,20,63,339,1.06,0,0,61,1.07,6,0.0,5388,10.42,Nacoes Shopping,NS
2026-06-12 00:00:00,11,0.0,0,1201,1662,2.43,23788,265,0,0.0,0.0,2038,0,0.05,717,375,3275,3451,2.31,0,2,2322,3.82,21,5.05,23052,57.84,Nacoes Shopping,NS
2026-05-23 00:00:00,0,0.0,0,0,0,0.0,0,0,0,0.0,0.0,0,0,0.0,0,0,0,0,0.0,0,0,0,0.0,0,0.0,0,0.0,Nacoes Shopping,NS
2026-06-07 00:00:00,22,0.0,0,1904,2535,2.31,30560,389,1,0.0,0.0,2890,0,0.04,1018,551,4794,5094,2.53,0,2,3307,3.99,35,6.23,29954,70.6,Nacoes Shopping,NS
2026-06-02 00:00:00,17,0.0,0,1742,2401,2.77,28351,387,2,0.0,0.0,2849,0,0.05,1033,559,4471,4442,2.52,0,1,3094,3.44,26,6.14,27770,78.56,Nacoes Shopping,NS
2026-05-28 00:00:00,15,0.0,0,929,1264,2.65,19598,213,0,0.0,0.0,1584,0,0.06,567,302,2399,2561,2.14,0,1,1677,3.24,20,4.74,18795,51.84,Nacoes Shopping,NS
2026-07-12 00:00:00,0,0.0,0,0,0,0.0,0,0,0,0.0,0.0,0,0,0.0,0,0,0,0,0.0,0,0,0,0.0,0,0.0,0,0.0,Nacoes Shopping,NS
2026-07-07 00:00:00,14,0.0,0,0,59,11.98,1361,11,0,0.0,0.0,123,0,0.0,43,28,188,537,3.48,0,3,187,3.97,4,0.0,1344,16.31,Nacoes Shopping,NS
2026-07-11 00:00:00,0,0.0,0,0,0,0.0,0,0,0,0.0,0.0,0,0,0.0,0,0,0,0,0.0,0,0,0,0.0,0,0.0,0,0.0,Nacoes Shopping,NS
2026-07-06 00:00:00,65,0.0,0,0,208,9.34,3467,37,0,0.0,0.0,385,0,0.0,134,70,645,1599,3.93,0,36,622,4.45,19,0.0,3425,32.38,Nacoes Shopping,NS
2026-07-01 00:00:00,81,0.0,0,0,240,1.83,43533,79,1,0.0,0.0,703,0,0.0,285,159,703,3026,1.12,0,16,684,1.84,56,0.0,43202,79.46,Nacoes Shopping,NS
2026-06-26 00:00:00,4,0.0,0,0,13,2.11,3524,10,0,0.0,0.0,63,0,0.0,29,15,33,171,2.92,0,0,33,2.96,4,0.0,3509,7.44,Nacoes Shopping,NS
2026-07-05 00:00:00,104,0.0,0,0,336,4.2,19568,77,0,0.0,0.0,783,2,0.0,274,153,1093,3370,2.82,0,36,1071,3.37,40,0.0,19329,82.18,Nacoes Shopping,NS
2026-06-30 00:00:00,0,0.0,0,0,0,2.53,87,0,0,0.0,0.0,2,0,0.0,1,0,1,4,0.93,0,0,1,0.94,0,0.0,88,0.22,Nacoes Shopping,NS
2026-07-10 00:00:00,0,0.0,0,0,0,0.0,0,0,0,0.0,0.0,0,0,0.0,0,0,0,0,0.0,0,0,0,0.0,0,0.0,0,0.0,Nacoes Shopping,NS
2026-06-25 00:00:00,1,0.0,0,0,12,2.04,4231,10,0,0.0,0.0,64,0,0.0,24,15,31,226,0.97,0,0,31,0.98,3,0.0,4209,8.64,Nacoes Shopping,NS
2026-07-19 00:00:00,0,0.0,0,0,0,0.0,0,0,0,0.0,0.0,0,0,0.0,0,0,0,0,0.0,0,0,0,0.0,0,0.0,0,0.0,Nacoes Shopping,NS
2026-07-09 00:00:00,0,0.0,0,0,0,0.0,0,0,0,0.0,0.0,0,0,0.0,0,0,0,0,0.0,0,0,0,0.0,0,0.0,0,0.0,Nacoes Shopping,NS
2026-07-04 00:00:00,135,0.0,0,0,497,3.36,48600,152,1,0.0,0.0,1195,0,0.0,501,293,1390,5353,1.44,0,50,1377,1.89,87,0.0,48003,163.53,Nacoes Shopping,NS
2026-06-29 00:00:00,0,0.0,0,0,7,2.04,1776,7,0,0.0,0.0,28,0,0.0,13,8,17,92,0.97,0,0,17,0.98,1,0.0,1780,3.62,Nacoes Shopping,NS
2026-06-24 00:00:00,3,0.0,0,0,15,2.18,3989,14,0,0.0,0.0,72,0,0.0,26,15,34,212,1.0,0,0,34,1.0,2,0.0,3969,8.7,Nacoes Shopping,NS
2026-06-23 00:00:00,3,0.0,0,0,13,1.89,4799,12,0,0.0,0.0,82,0,0.0,33,18,38,233,1.99,0,1,37,1.98,5,0.0,4775,9.06,Nacoes Shopping,NS
2026-07-13 00:00:00,0,0.0,0,0,0,0.0,0,0,0,0.0,0.0,0,0,0.0,0,0,0,0,0.0,0,0,0,0.0,0,0.0,0,0.0,Nacoes Shopping,NS
2026-07-08 00:00:00,0,0.0,0,0,0,0.0,0,0,0,0.0,0.0,0,0,0.0,0,0,0,0,0.0,0,0,0,0.0,0,0.0,0,0.0,Nacoes Shopping,NS
2026-07-03 00:00:00,143,0.0,0,0,462,3.03,54345,141,2,0.0,0.0,1185,1,0.0,477,276,1372,5414,1.32,0,49,1341,1.76,89,0.0,53737,164.89,Nacoes Shopping,NS
2026-06-28 00:00:00,4,0.0,0,0,12,1.61,2967,8,0,0.0,0.0,44,0,0.0,18,13,22,127,0.95,0,0,21,0.95,2,0.0,2950,4.78,Nacoes Shopping,NS
2026-06-22 00:00:00,4,0.0,0,0,18,1.73,5118,13,0,0.0,0.0,91,0,0.0,30,19,46,262,1.03,0,0,41,1.03,2,0.0,5107,8.85,Nacoes Shopping,NS
2026-07-02 00:00:00,131,0.0,0,0,433,2.78,62512,144,0,0.0,0.0,1195,3,0.0,489,277,1247,5244,1.29,0,37,1205,1.89,129,0.0,61800,174.08,Nacoes Shopping,NS
2026-06-27 00:00:00,2,0.0,0,0,7,1.96,3183,5,0,0.0,0.0,63,0,0.0,25,8,37,173,0.96,0,0,36,0.96,2,0.0,3167,6.25,Nacoes Shopping,NS
2026-08-16 00:00:00,12,0.0,0,25,62,4.14,10920,13,2,0.0,0.0,133,0,1.81,50,19,171,709,1.6,0,4,156,1.63,13,0.23,10732,45.26,Nacoes Shopping,NS
2026-08-11 00:00:00,14,0.0,0,52,94,2.26,21040,32,0,0.0,0.0,244,0,0.91,87,49,316,1508,1.15,0,2,299,1.16,38,0.25,20727,47.55,Nacoes Shopping,NS
2026-08-06 00:00:00,13,0.0,0,38,91,1.87,24782,29,0,0.0,0.0,231,0,1.22,81,47,296,1542,1.24,0,2,279,1.25,34,0.15,24607,46.26,Nacoes Shopping,NS
2026-08-10 00:00:00,15,0.0,0,56,127,2.99,21708,43,1,0.0,0.0,255,0,1.16,99,63,328,1593,1.16,0,2,306,1.18,37,0.26,21420,64.98,Nacoes Shopping,NS
2026-08-05 00:00:00,20,0.0,0,48,116,2.57,27228,33,0,0.0,0.0,287,0,1.46,98,55,365,1777,1.07,0,4,347,1.09,39,0.18,27016,70.11,Nacoes Shopping,NS
2026-08-20 00:00:00,0,0.0,0,0,0,0.0,0,0,0,0.0,0.0,0,0,0.0,0,0,0,0,0.0,0,0,0,0.0,0,0.0,0,0.0,Nacoes Shopping,NS
2026-08-15 00:00:00,10,0.0,0,48,92,3.97,21661,30,0,0.0,0.0,217,0,1.79,63,44,288,1379,1.13,0,2,269,1.16,24,0.22,21421,85.95,Nacoes Shopping,NS
2026-08-14 00:00:00,16,0.0,0,52,95,2.6,19252,25,2,0.0,0.0,196,0,0.96,76,40,258,1174,1.1,0,0,236,1.12,35,0.27,19035,50.11,Nacoes Shopping,NS
2026-08-09 00:00:00,11,0.0,0,63,122,2.71,23277,33,0,0.0,0.0,265,0,1.0,90,52,355,1592,1.15,0,4,318,1.17,38,0.27,23091,63.04,Nacoes Shopping,NS
2026-08-04 00:00:00,0,0.0,0,0,0,0.91,264,0,0,0.0,0.0,0,0,0.0,0,0,0,5,0.77,0,0,0,0.77,0,0.0,263,0.24,Nacoes Shopping,NS
2026-08-19 00:00:00,0,0.0,0,0,0,0.0,0,0,0,0.0,0.0,0,0,0.0,0,0,0,0,0.0,0,0,0,0.0,0,0.0,0,0.0,Nacoes Shopping,NS
2026-07-25 00:00:00,0,0.0,0,0,0,0.0,0,0,0,0.0,0.0,0,0,0.0,0,0,0,0,0.0,0,0,0,0.0,0,0.0,0,0.0,Nacoes Shopping,NS
2026-08-18 00:00:00,1,0.0,0,6,7,95.42,251,0,0,0.0,0.0,0,0,3.99,0,0,7,7,0.96,0,0,0,1.04,0,2.39,206,23.95,Nacoes Shopping,NS
2026-08-13 00:00:00,14,0.0,0,44,115,3.27,20252,38,1,0.0,0.0,241,0,1.5,95,60,308,1317,1.26,0,3,284,1.29,28,0.22,20012,66.18,Nacoes Shopping,NS
2026-08-08 00:00:00,18,0.0,0,57,109,2.85,22769,30,0,0.0,0.0,285,0,1.14,95,44,353,1553,1.45,0,3,341,1.48,44,0.25,22594,64.87,Nacoes Shopping,NS
2026-08-07 00:00:00,19,0.0,0,41,101,2.2,23446,27,2,0.0,0.0,236,0,1.26,93,43,296,1511,1.09,0,0,282,1.1,36,0.17,23262,51.69,Nacoes Shopping,NS
2026-08-12 00:00:00,14,0.0,0,64,107,2.5,20507,29,0,0.0,0.0,236,0,0.8,87,40,299,1338,1.13,0,0,271,1.16,36,0.31,20280,51.31,Nacoes Shopping,NS
2026-08-17 00:00:00,1,0.0,0,5,5,119.33,554,1,0,0.0,0.0,3,0,13.22,1,1,8,20,1.02,0,0,3,1.22,1,0.9,479,66.11,Nacoes Shopping,NS
2026-08-21 00:00:00,0,0.0,0,0,0,0.0,0,0,0,0.0,0.0,0,0,0.0,0,0,0,0,0.0,0,0,0,0.0,0,0.0,0,0.0,Nacoes Shopping,NS
2026-08-22 00:00:00,0,0.0,0,0,0,0.0,0,0,0,0.0,0.0,0,0,0.0,0,0,0,0,0.0,0,0,0,0.0,0,0.0,0,0.0,Nacoes Shopping,NS
2026-08-23 00:00:00,0,0.0,0,0,0,0.0,0,0,0,0.0,0.0,0,0,0.0,0,0,0,0,0.0,0,0,0,0.0,0,0.0,0,0.0,Nacoes Shopping,NS
2026-08-24 00:00:00,0,0.0,0,0,0,0.0,0,0,0,0.0,0.0,0,0,0.0,0,0,0,0,0.0,0,0,0,0.0,0,0.0,0,0.0,Nacoes Shopping,NS
