stat_time_day,video_views_p50,video_watched_6s,profile_visits,clicks,total_complete_payment_rate,average_video_play,engaged_view,impressions,shares,follows,clicks_on_music_disc,spend,cost_per_conversion,likes,average_video_play_per_user,video_views_p100,conversion,video_play_actions,ctr,engaged_view_15s,video_watched_2s,comments,cpc,cpm,conversion_rate,video_views_p75,video_views_p25,shopping,shopping_sigla
2025-03-30 00:00:00,445,1702,68,3,0.0,3.18,1561,25299,1,20,0,108.52,0.0,114,3.98,128,0,25110,0.01,609,7138,2,36.17,4.29,0.0,261,957,Nacoes Shopping,NS
2025-03-25 00:00:00,502,1706,64,0,0.0,3.08,1520,20392,4,12,0,82.6,0.0,114,3.71,126,0,20251,0.0,701,5782,6,0.0,4.05,0.0,301,1030,Nacoes Shopping,NS
2025-03-20 00:00:00,735,2747,55,2,0.0,4.61,2374,16291,4,20,0,60.33,0.0,101,5.39,177,0,16187,0.01,770,8716,3,30.17,3.7,0.0,382,1778,Nacoes Shopping,NS
2025-03-15 00:00:00,290,471,50,0,0.0,1.14,471,23388,3,5,0,50.76,0.0,25,1.54,113,0,23222,0.0,210,1420,0,0.0,2.17,0.0,175,641,Nacoes Shopping,NS
2025-04-04 00:00:00,190,376,16,0,0.0,1.52,375,13226,7,2,0,19.16,0.0,23,2.48,56,0,13152,0.0,143,1812,0,0.0,1.45,0.0,104,396,Nacoes Shopping,NS
2025-04-09 00:00:00,135,289,16,0,0.0,1.47,292,11029,1,3,0,18.44,0.0,20,2.04,46,0,10957,0.0,108,1539,0,0.0,1.67,0.0,75,316,Nacoes Shopping,NS
2025-03-16 00:00:00,263,338,45,0,0.0,1.25,329,15841,1,6,0,31.71,0.0,18,1.71,115,0,15740,0.0,158,1029,0,0.0,2.0,0.0,169,543,Nacoes Shopping,NS
2025-03-13 00:00:00,335,543,62,0,0.0,1.13,536,27797,1,7,0,54.82,0.0,31,1.47,120,0,27594,0.0,250,1598,0,0.0,1.97,0.0,222,696,Nacoes Shopping,NS
2025-04-07 00:00:00,164,311,27,0,0.0,1.51,318,12136,0,3,0,18.44,0.0,21,2.26,59,0,12084,0.0,135,1666,2,0.0,1.52,0.0,93,350,Nacoes Shopping,NS
2025-04-02 00:00:00,44,120,7,0,0.0,1.59,119,4052,0,1,0,4.39,0.0,12,2.55,10,0,4030,0.0,50,671,0,0.0,1.08,0.0,21,74,Nacoes Shopping,NS
2025-03-28 00:00:00,433,1482,52,0,0.0,2.34,1349,21361,7,11,0,83.76,0.0,101,2.8,118,0,21220,0.0,484,5266,0,0.0,3.92,0.0,237,1057,Nacoes Shopping,NS
2025-03-23 00:00:00,509,1906,61,3,0.0,5.1,1684,15600,0,7,0,60.7,0.0,78,6.27,122,0,15510,0.02,779,6136,0,20.23,3.89,0.0,318,1004,Nacoes Shopping,NS
2025-03-18 00:00:00,156,155,20,0,0.0,1.15,151,8882,1,3,0,18.45,0.0,9,1.49,66,0,8818,0.0,73,641,0,0.0,2.08,0.0,103,385,Nacoes Shopping,NS
2025-03-19 00:00:00,432,1537,50,5,0.0,3.39,1349,14343,1,12,0,38.09,0.0,59,3.99,127,0,14281,0.03,401,5348,0,7.62,2.66,0.0,238,1156,Nacoes Shopping,NS
2025-03-14 00:00:00,326,511,63,0,0.0,1.15,506,25077,3,13,0,54.48,0.0,35,1.48,122,0,24873,0.0,241,1476,1,0.0,2.17,0.0,210,683,Nacoes Shopping,NS
2025-04-03 00:00:00,119,252,15,0,0.0,1.54,257,9903,1,2,0,12.81,0.0,22,2.7,34,0,9846,0.0,122,1395,0,0.0,1.29,0.0,64,238,Nacoes Shopping,NS
2025-03-29 00:00:00,538,1870,72,1,0.0,2.77,1698,27217,0,19,0,122.4,0.0,125,3.51,161,0,27034,0.0,701,6956,4,122.4,4.5,0.0,334,1126,Nacoes Shopping,NS
2025-03-24 00:00:00,439,1612,42,3,0.0,4.29,1419,13957,2,6,0,57.16,0.0,73,5.27,98,0,13868,0.02,674,5243,2,19.05,4.1,0.0,275,850,Nacoes Shopping,NS
2025-04-08 00:00:00,135,291,14,0,0.0,1.58,294,11096,2,3,0,18.29,0.0,19,2.33,46,0,11033,0.0,111,1729,1,0.0,1.65,0.0,78,345,Nacoes Shopping,NS
2025-04-10 00:00:00,139,256,15,0,0.0,1.44,258,11457,1,1,0,17.12,0.0,20,2.22,55,0,11396,0.0,98,1337,1,0.0,1.49,0.0,88,314,Nacoes Shopping,NS
2025-04-05 00:00:00,200,380,21,0,0.0,1.57,382,13725,3,2,0,19.34,0.0,27,2.51,78,0,13642,0.0,169,1934,1,0.0,1.41,0.0,126,397,Nacoes Shopping,NS
2025-03-31 00:00:00,198,672,23,0,0.0,2.93,623,9305,0,9,0,39.86,0.0,35,3.23,61,0,9231,0.0,218,2485,3,0.0,4.28,0.0,122,453,Nacoes Shopping,NS
2025-03-26 00:00:00,597,1979,61,2,0.0,2.75,1777,24067,1,42,0,130.89,0.0,128,3.39,163,0,23871,0.01,684,6406,7,65.45,5.44,0.0,341,1393,Nacoes Shopping,NS
2025-03-21 00:00:00,630,2235,60,1,0.0,4.76,1912,16277,4,15,0,59.33,0.0,124,5.93,138,0,16178,0.01,856,7067,1,59.33,3.65,0.0,338,1376,Nacoes Shopping,NS
2025-04-06 00:00:00,199,432,26,0,0.0,1.56,431,14151,1,3,0,19.48,0.0,26,2.47,58,0,14071,0.0,161,2006,0,0.0,1.38,0.0,106,428,Nacoes Shopping,NS
2025-03-27 00:00:00,598,1797,69,1,0.0,2.66,1627,23185,4,18,0,118.34,0.0,128,3.16,185,0,22994,0.0,618,6267,3,118.34,5.1,0.0,356,1314,Nacoes Shopping,NS
2025-03-22 00:00:00,546,2121,64,3,0.0,4.34,1812,15477,2,10,0,61.04,0.0,86,5.64,130,0,15399,0.02,808,6957,0,20.35,3.94,0.0,330,1064,Nacoes Shopping,NS
2025-03-17 00:00:00,191,178,24,0,0.0,1.21,171,9758,0,2,0,18.86,0.0,10,1.58,73,0,9677,0.0,77,679,0,0.0,1.93,0.0,114,426,Nacoes Shopping,NS
2025-03-12 00:00:00,338,533,54,0,0.0,1.12,522,28180,2,6,0,50.63,0.0,31,1.52,120,0,27978,0.0,256,1583,0,0.0,1.8,0.0,215,676,Nacoes Shopping,NS
2025-04-01 00:00:00,0,0,0,0,0.0,0.0,0,0,0,0,0,0.0,0.0,0,0.0,0,0,0,0.0,0,0,0,0.0,0.0,0.0,0,0,Nacoes Shopping,NS
2025-05-09 00:00:00,90,489,12,58,0.0,1.24,503,34746,0,3,0,72.64,0.0,14,1.87,27,0,34495,0.17,193,2298,0,1.25,2.09,0.0,44,219,Nacoes Shopping,NS
2025-05-04 00:00:00,342,924,11,35,0.0,2.57,930,8974,7,17,0,23.39,0.0,65,2.7,87,0,8917,0.39,415,2443,2,0.67,2.61,0.0,193,671,Nacoes Shopping,NS
2025-04-29 00:00:00,289,710,15,26,0.0,2.11,723,8322,0,29,0,19.79,0.0,61,2.4,53,0,8280,0.31,364,1790,3,0.76,2.38,0.0,133,541,Nacoes Shopping,NS
2025-04-24 00:00:00,67,140,9,0,0.0,1.27,134,8620,0,1,0,13.4,0.0,9,1.83,23,0,8564,0.0,44,832,1,0.0,1.55,0.0,30,184,Nacoes Shopping,NS
2025-04-19 00:00:00,101,217,23,0,0.0,1.38,218,11036,0,3,0,16.05,0.0,9,2.4,35,0,10976,0.0,84,1237,1,0.0,1.45,0.0,61,246,Nacoes Shopping,NS
2025-04-14 00:00:00,108,235,13,0,0.0,1.42,238,10550,0,3,0,16.14,0.0,15,2.04,33,0,10497,0.0,97,1270,0,0.0,1.53,0.0,62,258,Nacoes Shopping,NS
2025-05-07 00:00:00,125,324,37,0,0.0,1.24,320,21443,0,1,0,53.41,0.0,15,1.29,55,0,21143,0.0,128,1350,1,0.0,2.49,0.0,86,266,Nacoes Shopping,NS
2025-05-02 00:00:00,391,1008,7,27,0.0,2.41,1009,10773,7,20,0,21.78,0.0,58,2.67,81,0,10722,0.25,495,2502,4,0.81,2.02,0.0,194,739,Nacoes Shopping,NS
2025-04-27 00:00:00,70,132,8,0,0.0,1.28,133,8388,0,0,0,11.92,0.0,7,2.16,29,0,8350,0.0,49,780,0,0.0,1.42,0.0,41,177,Nacoes Shopping,NS
2025-04-22 00:00:00,96,203,13,0,0.0,1.38,203,9686,1,3,0,14.74,0.0,12,2.26,36,0,9633,0.0,71,1118,1,0.0,1.52,0.0,53,241,Nacoes Shopping,NS
2025-04-17 00:00:00,93,198,17,0,0.0,1.31,198,11078,2,1,0,17.13,0.0,13,2.02,39,0,11020,0.0,73,1064,0,0.0,1.55,0.0,59,227,Nacoes Shopping,NS
2025-04-12 00:00:00,138,289,31,0,0.0,1.45,289,11844,1,1,0,17.02,0.0,21,2.42,41,0,11792,0.0,107,1399,0,0.0,1.44,0.0,73,326,Nacoes Shopping,NS
2025-05-08 00:00:00,148,619,18,77,0.0,1.16,633,45129,0,2,0,94.98,0.0,27,1.94,54,0,44780,0.17,234,2674,0,1.23,2.1,0.0,83,339,Nacoes Shopping,NS
2025-05-03 00:00:00,337,908,8,23,0.0,2.32,920,10604,6,17,0,23.38,0.0,70,2.49,92,0,10534,0.22,432,2371,2,1.02,2.2,0.0,191,653,Nacoes Shopping,NS
2025-04-28 00:00:00,68,106,9,0,0.0,1.26,109,6677,1,0,0,10.51,0.0,7,1.83,27,0,6641,0.0,44,570,0,0.0,1.57,0.0,38,161,Nacoes Shopping,NS
2025-04-23 00:00:00,86,180,11,0,0.0,3.87,179,9465,2,0,0,14.9,0.0,7,5.53,34,0,9412,0.0,54,991,0,0.0,1.57,0.0,53,232,Nacoes Shopping,NS
2025-04-18 00:00:00,94,207,23,0,0.0,1.34,211,11584,0,1,0,16.87,0.0,21,2.3,32,0,11535,0.0,71,1217,1,0.0,1.46,0.0,55,236,Nacoes Shopping,NS
2025-04-13 00:00:00,141,283,18,0,0.0,1.49,297,11776,0,2,0,16.74,0.0,27,2.3,45,0,11725,0.0,122,1444,2,0.0,1.42,0.0,86,309,Nacoes Shopping,NS
2025-05-10 00:00:00,97,517,24,54,0.0,1.29,534,32278,1,2,0,71.89,0.0,34,1.9,38,0,31990,0.17,201,2391,1,1.33,2.23,0.0,55,243,Nacoes Shopping,NS
2025-05-05 00:00:00,338,875,11,19,0.0,2.37,891,9431,5,15,0,21.57,0.0,67,2.54,79,0,9371,0.2,418,2295,2,1.14,2.29,0.0,181,627,Nacoes Shopping,NS
2025-04-30 00:00:00,271,791,15,22,0.0,2.71,808,7143,6,39,0,23.39,0.0,72,2.87,61,0,7079,0.31,367,1994,1,1.06,3.27,0.0,140,548,Nacoes Shopping,NS
2025-04-25 00:00:00,60,140,11,0,0.0,1.29,140,7943,0,1,0,13.43,0.0,10,2.09,23,0,7915,0.0,48,750,0,0.0,1.69,0.0,31,154,Nacoes Shopping,NS
2025-04-20 00:00:00,109,245,20,0,0.0,1.39,240,11289,0,1,0,15.52,0.0,16,2.38,36,0,11231,0.0,87,1307,3,0.0,1.37,0.0,65,264,Nacoes Shopping,NS
2025-04-15 00:00:00,120,239,18,0,0.0,1.45,236,9880,0,0,0,16.3,0.0,15,2.12,44,0,9828,0.0,102,1222,0,0.0,1.65,0.0,73,276,Nacoes Shopping,NS
2025-05-06 00:00:00,231,636,33,10,0.0,1.6,636,17260,3,10,0,41.12,0.0,41,1.75,73,0,17071,0.06,272,2054,2,4.11,2.38,0.0,127,459,Nacoes Shopping,NS
2025-05-01 00:00:00,339,906,15,27,0.0,2.9,918,8204,9,26,0,21.72,0.0,55,3.09,96,0,8156,0.33,437,2347,1,0.8,2.65,0.0,191,662,Nacoes Shopping,NS
2025-04-26 00:00:00,73,147,13,0,0.0,1.25,149,8506,0,2,0,13.35,0.0,15,2.11,23,0,8476,0.0,53,745,0,0.0,1.57,0.0,36,185,Nacoes Shopping,NS
2025-04-21 00:00:00,121,252,17,0,0.0,1.39,251,11347,1,0,0,15.07,0.0,6,2.37,49,0,11285,0.0,88,1257,1,0.0,1.33,0.0,66,270,Nacoes Shopping,NS
2025-04-16 00:00:00,108,234,15,0,0.0,1.39,228,10125,0,5,0,16.67,0.0,10,1.9,40,0,10071,0.0,76,1145,0,0.0,1.65,0.0,67,254,Nacoes Shopping,NS
2025-04-11 00:00:00,128,269,22,0,0.0,1.44,274,11439,0,1,0,16.84,0.0,20,2.29,54,0,11373,0.0,109,1314,0,0.0,1.47,0.0,84,291,Nacoes Shopping,NS
2025-05-24 00:00:00,432,1089,31,76,0.0,1.51,1118,40022,0,11,0,85.49,0.0,53,2.2,155,0,39731,0.19,464,4674,6,1.12,2.14,0.0,313,905,Nacoes Shopping,NS
2025-06-03 00:00:00,0,0,0,0,0.0,0.0,0,0,0,0,0,0.0,0.0,0,0.0,0,0,0,0.0,0,0,0,0.0,0.0,0.0,0,0,Nacoes Shopping,NS
2025-06-08 00:00:00,122,421,49,32,0.0,1.21,433,30089,0,13,0,79.45,0.0,35,1.42,48,0,29881,0.11,154,2166,0,2.48,2.64,0.0,68,307,Nacoes Shopping,NS
2025-05-29 00:00:00,271,768,40,39,0.0,1.84,786,35378,0,4,0,82.86,0.0,42,2.51,98,0,35085,0.11,304,3656,0,2.12,2.34,0.0,183,618,Nacoes Shopping,NS
2025-05-19 00:00:00,512,1288,22,78,0.0,1.59,1332,41091,1,11,0,87.02,0.0,91,2.25,166,0,40704,0.19,571,5458,3,1.12,2.12,0.0,354,1108,Nacoes Shopping,NS
2025-05-14 00:00:00,301,896,23,61,0.0,1.9,918,29653,1,6,0,72.76,0.0,43,2.43,109,0,29265,0.21,379,3973,3,1.19,2.45,0.0,206,656,Nacoes Shopping,NS
2025-06-01 00:00:00,0,0,0,0,0.0,0.0,0,0,0,0,0,0.0,0.0,0,0.0,0,0,0,0.0,0,0,0,0.0,0.0,0.0,0,0,Nacoes Shopping,NS
2025-06-06 00:00:00,85,309,43,38,0.0,1.16,322,27096,2,10,0,79.51,0.0,34,1.32,34,0,26886,0.14,110,1650,1,2.09,2.93,0.0,47,222,Nacoes Shopping,NS
2025-05-27 00:00:00,350,937,66,51,0.0,1.5,947,35638,0,9,0,85.12,0.0,38,2.08,120,0,35276,0.14,359,4363,2,1.67,2.39,0.0,213,765,Nacoes Shopping,NS
2025-05-22 00:00:00,488,1233,24,48,0.0,1.61,1249,40902,1,16,0,87.02,0.0,54,2.22,170,0,40498,0.12,497,5069,1,1.81,2.13,0.0,320,1048,Nacoes Shopping,NS
2025-05-17 00:00:00,746,2041,66,57,0.0,1.71,2058,55747,4,11,0,115.85,0.0,92,2.72,240,0,55338,0.1,832,7787,5,2.03,2.08,0.0,450,1573,Nacoes Shopping,NS
2025-05-12 00:00:00,82,617,26,49,0.0,1.43,638,31023,0,1,0,72.85,0.0,31,1.93,29,0,30698,0.16,248,2996,0,1.49,2.35,0.0,45,249,Nacoes Shopping,NS
2025-05-23 00:00:00,429,1000,30,50,0.0,1.45,1007,39568,0,11,0,86.1,0.0,62,2.09,137,0,39223,0.13,440,4446,0,1.72,2.18,0.0,271,847,Nacoes Shopping,NS
2025-05-18 00:00:00,551,1334,60,74,0.0,1.52,1370,44406,2,12,0,88.82,0.0,74,2.28,160,0,44045,0.17,535,5620,4,1.2,2.0,0.0,320,1142,Nacoes Shopping,NS
2025-05-13 00:00:00,276,887,13,55,0.0,1.58,903,30681,1,6,0,72.87,0.0,43,2.12,100,0,30336,0.18,366,4024,3,1.32,2.38,0.0,198,619,Nacoes Shopping,NS
2025-06-02 00:00:00,0,0,0,0,0.0,0.0,0,0,0,0,0,0.0,0.0,0,0.0,0,0,0,0.0,0,0,0,0.0,0.0,0.0,0,0,Nacoes Shopping,NS
2025-05-28 00:00:00,323,915,54,49,0.0,1.51,910,34828,5,9,0,83.96,0.0,40,2.13,112,0,34490,0.14,345,4211,0,1.71,2.41,0.0,214,730,Nacoes Shopping,NS
2025-05-30 00:00:00,219,678,46,40,0.0,1.4,699,31799,0,15,0,78.7,0.0,33,1.92,76,0,31559,0.13,245,3052,3,1.97,2.47,0.0,151,512,Nacoes Shopping,NS
2025-05-25 00:00:00,282,863,31,49,0.0,1.36,894,40027,0,7,0,86.41,0.0,43,1.9,92,0,39709,0.12,306,3800,4,1.76,2.16,0.0,160,631,Nacoes Shopping,NS
2025-06-09 00:00:00,118,368,50,35,0.0,1.2,387,26882,2,18,0,75.13,0.0,30,1.41,43,0,26668,0.13,160,1791,1,2.15,2.79,0.0,60,278,Nacoes Shopping,NS
2025-06-04 00:00:00,53,156,19,18,0.0,1.11,168,14505,0,7,0,35.02,0.0,18,1.14,22,0,14417,0.12,73,760,0,1.95,2.41,0.0,38,115,Nacoes Shopping,NS
2025-05-20 00:00:00,367,1019,52,51,0.0,1.5,1040,39354,3,6,0,87.96,0.0,58,2.02,123,0,38973,0.13,399,4316,3,1.72,2.24,0.0,215,791,Nacoes Shopping,NS
2025-05-15 00:00:00,1241,3541,136,67,0.0,2.0,3557,69820,17,21,0,145.76,0.0,216,3.31,400,0,69258,0.1,1608,11853,10,2.18,2.09,0.0,738,2574,Nacoes Shopping,NS
2025-05-16 00:00:00,1303,3909,146,69,0.0,1.94,3925,88312,22,26,0,185.99,0.0,206,3.42,410,0,87655,0.08,1655,13890,2,2.7,2.11,0.0,768,2850,Nacoes Shopping,NS
2025-05-11 00:00:00,74,557,27,39,0.0,1.32,567,32374,1,5,0,72.85,0.0,34,1.88,28,0,32085,0.12,211,2677,0,1.87,2.25,0.0,46,255,Nacoes Shopping,NS
2025-06-05 00:00:00,98,344,38,37,0.0,1.33,362,27327,1,14,0,69.65,0.0,34,1.49,42,0,27126,0.14,137,1613,0,1.88,2.55,0.0,56,251,Nacoes Shopping,NS
2025-05-31 00:00:00,238,651,36,51,0.0,2.27,667,22314,1,10,0,69.46,0.0,20,3.06,84,0,22140,0.23,284,2847,0,1.36,3.11,0.0,170,511,Nacoes Shopping,NS
2025-05-26 00:00:00,360,966,68,36,0.0,1.46,968,36802,1,13,0,85.01,0.0,49,2.09,121,0,36445,0.1,394,4206,1,2.36,2.31,0.0,225,774,Nacoes Shopping,NS
2025-05-21 00:00:00,591,1349,33,70,0.0,1.67,1381,38855,3,9,0,86.97,0.0,68,2.28,192,0,38484,0.18,561,5670,2,1.24,2.24,0.0,391,1242,Nacoes Shopping,NS
2025-06-07 00:00:00,112,432,56,42,0.0,1.25,449,30685,2,13,0,81.05,0.0,34,1.5,43,0,30448,0.14,152,2170,0,1.93,2.64,0.0,66,295,Nacoes Shopping,NS
2025-07-08 00:00:00,220,777,47,0,0.0,1.86,774,24874,1,8,0,48.17,0.0,36,3.25,69,0,24725,0.0,298,3334,0,0.0,1.94,0.0,137,473,Nacoes Shopping,NS
2025-07-03 00:00:00,258,877,56,0,0.0,1.64,865,22404,2,4,0,45.12,0.0,41,2.99,102,0,22275,0.0,335,3120,4,0.0,2.01,0.0,157,561,Nacoes Shopping,NS
2025-06-28 00:00:00,5,51,10,0,0.0,1.02,51,4810,0,0,0,13.35,0.0,0,1.13,1,0,4784,0.0,8,231,0,0.0,2.78,0.0,3,8,Nacoes Shopping,NS
2025-06-23 00:00:00,9,37,5,0,0.0,1.09,36,3387,0,0,0,7.51,0.0,1,1.13,4,0,3367,0.0,10,224,0,0.0,2.22,0.0,5,28,Nacoes Shopping,NS
2025-06-18 00:00:00,9,38,5,0,0.0,1.17,38,4195,0,0,0,9.44,0.0,2,1.2,4,0,4165,0.0,9,318,0,0.0,2.25,0.0,5,33,Nacoes Shopping,NS
2025-06-13 00:00:00,82,267,18,35,0.0,1.15,286,24045,0,13,0,64.81,0.0,25,1.35,31,0,23871,0.15,107,1433,0,1.85,2.7,0.0,54,201,Nacoes Shopping,NS
2025-06-16 00:00:00,18,62,8,0,0.0,1.13,59,4880,1,0,0,9.82,0.0,2,1.16,3,0,4845,0.0,16,358,0,0.0,2.01,0.0,7,48,Nacoes Shopping,NS
2025-06-11 00:00:00,106,359,51,39,0.0,1.27,391,25712,1,10,0,74.76,0.0,42,1.47,40,0,25512,0.15,149,1717,0,1.92,2.91,0.0,54,270,Nacoes Shopping,NS
2025-07-06 00:00:00,266,1054,46,0,0.0,1.75,1055,26683,0,4,0,50.52,0.0,37,2.84,99,0,26534,0.0,369,3764,1,0.0,1.89,0.0,157,648,Nacoes Shopping,NS
2025-07-01 00:00:00,135,508,19,0,0.0,1.47,511,17020,1,4,0,28.21,0.0,23,2.44,52,0,16918,0.0,189,1962,2,0.0,1.66,0.0,80,321,Nacoes Shopping,NS
2025-06-26 00:00:00,6,19,1,0,0.0,1.08,19,2201,0,0,0,5.74,0.0,1,1.1,3,0,2186,0.0,5,118,0,0.0,2.61,0.0,5,12,Nacoes Shopping,NS
2025-06-21 00:00:00,9,45,7,0,0.0,1.08,44,3819,0,2,0,8.32,0.0,4,1.13,3,0,3799,0.0,10,229,0,0.0,2.18,0.0,6,33,Nacoes Shopping,NS
2025-06-24 00:00:00,9,33,4,0,0.0,1.13,33,2885,0,0,0,6.99,0.0,2,1.16,4,0,2865,0.0,9,201,0,0.0,2.42,0.0,7,25,Nacoes Shopping,NS
2025-06-19 00:00:00,19,51,7,0,0.0,1.34,51,4592,0,0,0,10.13,0.0,5,1.39,11,0,4562,0.0,20,361,0,0.0,2.21,0.0,12,40,Nacoes Shopping,NS
2025-06-14 00:00:00,72,249,11,43,0.0,1.13,268,22802,1,6,0,57.81,0.0,19,1.3,27,0,22647,0.19,100,1372,0,1.34,2.54,0.0,44,175,Nacoes Shopping,NS
2025-07-09 00:00:00,228,831,39,0,0.0,1.66,823,23185,1,4,0,47.55,0.0,43,2.75,76,0,23036,0.0,307,3169,2,0.0,2.05,0.0,127,517,Nacoes Shopping,NS
2025-07-04 00:00:00,273,936,54,0,0.0,1.62,925,25075,3,3,0,50.63,0.0,31,2.83,98,0,24915,0.0,364,3485,1,0.0,2.02,0.0,166,607,Nacoes Shopping,NS
2025-06-29 00:00:00,5,62,4,0,0.0,1.07,61,5137,0,0,0,13.13,0.0,5,1.14,1,0,5107,0.0,18,278,0,0.0,2.56,0.0,2,19,Nacoes Shopping,NS
2025-07-05 00:00:00,258,934,57,0,0.0,1.6,929,26491,2,6,0,50.28,0.0,47,2.69,90,0,26346,0.0,322,3615,1,0.0,1.9,0.0,158,572,Nacoes Shopping,NS
2025-06-30 00:00:00,64,266,16,0,0.0,1.39,268,9925,0,1,0,23.3,0.0,12,2.09,27,0,9878,0.0,98,1003,1,0.0,2.35,0.0,40,144,Nacoes Shopping,NS
2025-06-25 00:00:00,8,27,4,0,0.0,1.07,27,2578,0,0,0,6.51,0.0,0,1.1,2,0,2564,0.0,8,137,0,0.0,2.53,0.0,4,22,Nacoes Shopping,NS
2025-06-20 00:00:00,17,38,6,0,0.0,1.14,38,4016,0,0,0,8.74,0.0,2,1.17,10,0,3998,0.0,17,265,0,0.0,2.18,0.0,12,27,Nacoes Shopping,NS
2025-06-15 00:00:00,56,182,9,11,0.0,1.15,194,12554,0,10,0,32.8,0.0,16,1.27,15,0,12487,0.09,73,823,0,2.98,2.61,0.0,31,134,Nacoes Shopping,NS
2025-06-10 00:00:00,115,362,30,33,0.0,1.31,372,24673,2,12,0,74.24,0.0,33,1.5,42,0,24454,0.13,143,1749,0,2.25,3.01,0.0,65,264,Nacoes Shopping,NS
2025-06-27 00:00:00,7,25,0,0,0.0,1.03,25,2976,0,1,0,7.88,0.0,1,1.15,2,0,2963,0.0,8,164,0,0.0,2.65,0.0,3,11,Nacoes Shopping,NS
2025-06-22 00:00:00,12,51,4,0,0.0,1.14,49,3925,0,0,0,8.13,0.0,3,1.19,6,0,3908,0.0,12,266,0,0.0,2.07,0.0,7,46,Nacoes Shopping,NS
2025-06-17 00:00:00,19,62,8,0,0.0,1.27,62,4498,0,1,0,9.45,0.0,3,1.31,10,0,4470,0.0,19,366,0,0.0,2.1,0.0,14,54,Nacoes Shopping,NS
2025-06-12 00:00:00,80,304,37,39,0.0,1.15,313,24008,0,5,0,67.84,0.0,28,1.38,34,0,23844,0.16,103,1542,0,1.74,2.83,0.0,50,215,Nacoes Shopping,NS
2025-07-07 00:00:00,233,836,41,0,0.0,1.55,836,26090,3,4,0,49.92,0.0,35,2.69,77,0,25954,0.0,321,3361,1,0.0,1.91,0.0,135,512,Nacoes Shopping,NS
2025-07-02 00:00:00,118,469,32,0,0.0,1.46,471,15002,2,3,0,26.8,0.0,27,2.27,30,0,14928,0.0,178,1760,0,0.0,1.79,0.0,75,280,Nacoes Shopping,NS
2025-08-02 00:00:00,242,832,44,0,0.0,1.59,824,21205,0,1,0,40.26,0.0,34,2.7,70,0,21124,0.0,277,2795,5,0.0,1.9,0.0,145,598,Nacoes Shopping,NS
2025-07-28 00:00:00,161,677,47,0,0.0,1.47,682,27894,1,6,0,59.58,0.0,45,2.7,64,0,27756,0.0,255,2855,1,0.0,2.14,0.0,102,327,Nacoes Shopping,NS
2025-07-23 00:00:00,226,1037,69,0,0.0,1.46,1042,39206,1,15,0,88.03,0.0,74,3.12,81,0,38993,0.0,380,4306,3,0.0,2.25,0.0,142,510,Nacoes Shopping,NS
2025-07-18 00:00:00,574,1818,123,0,0.0,1.51,1821,65910,5,22,0,155.6,0.0,140,3.51,207,0,65547,0.0,700,7517,4,0.0,2.36,0.0,346,1266,Nacoes Shopping,NS
2025-07-13 00:00:00,226,864,56,0,0.0,1.56,866,24549,1,7,0,46.25,0.0,40,2.28,80,0,24421,0.0,318,3321,1,0.0,1.88,0.0,135,509,Nacoes Shopping,NS
2025-08-07 00:00:00,126,439,35,0,0.0,1.36,445,18197,0,6,0,37.44,0.0,20,2.13,46,0,18097,0.0,153,1872,1,0.0,2.06,0.0,82,293,Nacoes Shopping,NS
2025-08-05 00:00:00,207,740,34,0,0.0,1.64,732,17605,1,3,0,35.98,0.0,23,2.61,77,0,17504,0.0,233,2549,6,0.0,2.04,0.0,134,531,Nacoes Shopping,NS
2025-07-31 00:00:00,143,545,38,0,0.0,1.51,542,15120,1,3,0,33.19,0.0,31,3.21,40,0,15049,0.0,175,1830,2,0.0,2.2,0.0,86,356,Nacoes Shopping,NS
2025-07-26 00:00:00,185,844,59,0,0.0,1.61,849,32185,1,7,0,77.43,0.0,50,3.45,65,0,32030,0.0,310,3655,2,0.0,2.41,0.0,102,419,Nacoes Shopping,NS
2025-07-21 00:00:00,300,1188,76,0,0.0,1.85,1191,40398,4,12,0,91.42,0.0,86,3.63,100,0,40222,0.0,445,4890,2,0.0,2.26,0.0,173,628,Nacoes Shopping,NS
2025-07-16 00:00:00,200,903,56,0,0.0,1.47,912,32724,2,15,0,72.87,0.0,64,3.19,65,0,32556,0.0,320,3781,0,0.0,2.23,0.0,125,487,Nacoes Shopping,NS
2025-07-11 00:00:00,187,723,38,0,0.0,1.55,721,24119,0,8,0,48.75,0.0,48,2.38,60,0,23955,0.0,260,3048,1,0.0,2.02,0.0,101,452,Nacoes Shopping,NS
2025-08-08 00:00:00,102,411,21,0,0.0,1.32,417,17109,0,3,0,37.27,0.0,19,2.01,32,0,16998,0.0,126,1758,1,0.0,2.18,0.0,66,265,Nacoes Shopping,NS
2025-08-03 00:00:00,236,856,50,0,0.0,1.7,859,21071,1,8,0,38.95,0.0,42,2.76,74,0,20967,0.0,288,2953,4,0.0,1.85,0.0,148,598,Nacoes Shopping,NS
2025-07-29 00:00:00,118,591,45,0,0.0,1.38,585,25839,1,5,0,54.23,0.0,37,2.46,39,0,25711,0.0,182,2710,1,0.0,2.1,0.0,66,265,Nacoes Shopping,NS
2025-07-24 00:00:00,203,930,58,0,0.0,1.65,922,36813,2,9,0,80.26,0.0,44,3.57,63,0,36588,0.0,307,4046,0,0.0,2.18,0.0,116,462,Nacoes Shopping,NS
2025-07-19 00:00:00,652,1994,137,0,0.0,1.64,2003,73411,10,27,0,178.23,0.0,124,3.46,239,0,72983,0.0,772,8349,2,0.0,2.43,0.0,418,1436,Nacoes Shopping,NS
2025-07-14 00:00:00,170,668,38,0,0.0,1.49,658,25784,1,6,0,48.1,0.0,26,2.61,53,0,25650,0.0,220,2916,0,0.0,1.87,0.0,98,392,Nacoes Shopping,NS
2025-07-10 00:00:00,223,813,38,0,0.0,1.59,804,23108,0,7,0,48.0,0.0,32,2.6,80,0,22940,0.0,297,3147,0,0.0,2.08,0.0,141,505,Nacoes Shopping,NS
2025-08-04 00:00:00,223,780,52,0,0.0,1.75,772,19472,0,6,0,37.41,0.0,33,2.82,78,0,19369,0.0,251,2846,6,0.0,1.92,0.0,131,538,Nacoes Shopping,NS
2025-07-30 00:00:00,79,416,35,0,0.0,1.42,412,17610,1,3,0,38.62,0.0,21,2.47,21,0,17509,0.0,141,1885,2,0.0,2.19,0.0,46,196,Nacoes Shopping,NS
2025-07-25 00:00:00,208,889,60,0,0.0,1.54,897,34404,2,11,0,79.91,0.0,53,3.17,65,0,34221,0.0,322,3744,1,0.0,2.32,0.0,128,434,Nacoes Shopping,NS
2025-07-20 00:00:00,391,1548,91,0,0.0,1.7,1554,47937,3,17,0,111.34,0.0,99,3.61,153,0,47667,0.0,582,6212,0,0.0,2.32,0.0,240,894,Nacoes Shopping,NS
2025-07-15 00:00:00,119,529,30,0,0.0,1.38,534,23089,1,4,0,46.36,0.0,31,2.37,48,0,22957,0.0,164,2537,0,0.0,2.01,0.0,64,304,Nacoes Shopping,NS
2025-07-22 00:00:00,189,958,63,0,0.0,1.47,966,38106,0,11,0,85.97,0.0,73,2.73,62,0,37892,0.0,316,4280,0,0.0,2.26,0.0,118,441,Nacoes Shopping,NS
2025-07-17 00:00:00,305,1291,68,0,0.0,1.57,1292,41912,2,15,0,95.21,0.0,93,3.74,105,0,41645,0.0,498,5107,2,0.0,2.27,0.0,188,708,Nacoes Shopping,NS
2025-08-06 00:00:00,203,715,40,0,0.0,1.63,702,16804,2,5,0,37.26,0.0,29,2.46,63,0,16690,0.0,229,2436,8,0.0,2.22,0.0,137,503,Nacoes Shopping,NS
2025-08-01 00:00:00,227,797,48,0,0.0,1.51,792,20947,0,7,0,40.27,0.0,36,2.64,71,0,20821,0.0,272,2758,7,0.0,1.92,0.0,135,569,Nacoes Shopping,NS
2025-07-27 00:00:00,175,841,50,0,0.0,1.5,847,30954,1,10,0,70.8,0.0,49,3.06,55,0,30793,0.0,283,3562,1,0.0,2.29,0.0,106,401,Nacoes Shopping,NS
2025-07-12 00:00:00,219,859,34,0,0.0,1.69,848,24686,0,1,0,47.25,0.0,33,2.56,74,0,24572,0.0,310,3299,4,0.0,1.91,0.0,127,530,Nacoes Shopping,NS
2025-09-06 00:00:00,122,608,46,0,0.0,1.61,610,19322,2,10,0,41.96,0.0,43,2.08,28,0,19198,0.0,233,2332,5,0.0,2.17,0.0,59,324,Nacoes Shopping,NS
2025-09-01 00:00:00,167,834,52,0,0.0,1.73,841,21227,7,19,0,42.03,0.0,85,2.47,47,0,21061,0.0,340,3089,4,0.0,1.98,0.0,88,437,Nacoes Shopping,NS
2025-08-27 00:00:00,60,277,13,0,0.0,1.42,276,10539,1,0,0,25.59,0.0,9,2.11,27,0,10484,0.0,76,1162,0,0.0,2.43,0.0,47,170,Nacoes Shopping,NS
2025-08-22 00:00:00,70,258,27,0,0.0,1.3,262,12505,0,1,0,28.96,0.0,10,2.03,28,0,12447,0.0,92,1117,0,0.0,2.32,0.0,44,173,Nacoes Shopping,NS
2025-08-17 00:00:00,120,422,42,0,0.0,1.4,422,16561,2,4,0,33.37,0.0,22,2.12,43,0,16474,0.0,154,1692,0,0.0,2.01,0.0,77,300,Nacoes Shopping,NS
2025-08-12 00:00:00,137,526,36,0,0.0,1.47,527,16686,0,1,0,35.32,0.0,26,2.16,54,0,16580,0.0,169,1991,5,0.0,2.12,0.0,94,357,Nacoes Shopping,NS
2025-09-03 00:00:00,165,775,58,0,0.0,1.74,786,18475,4,15,0,42.37,0.0,61,2.29,36,0,18283,0.0,327,2906,1,0.0,2.29,0.0,81,435,Nacoes Shopping,NS
2025-08-29 00:00:00,93,436,50,0,0.0,1.3,430,20818,1,5,0,46.12,0.0,32,2.79,34,0,20699,0.0,158,1983,2,0.0,2.22,0.0,57,244,Nacoes Shopping,NS
2025-08-24 00:00:00,66,225,26,0,0.0,1.29,223,13012,0,3,0,27.39,0.0,13,1.99,21,0,12943,0.0,78,1177,3,0.0,2.1,0.0,41,151,Nacoes Shopping,NS
2025-08-30 00:00:00,137,714,56,0,0.0,1.71,720,23691,1,15,0,53.24,0.0,64,2.86,38,0,23578,0.0,275,2783,4,0.0,2.25,0.0,75,383,Nacoes Shopping,NS
2025-08-25 00:00:00,53,216,10,0,0.0,1.36,216,9838,0,1,0,22.79,0.0,7,1.96,18,0,9777,0.0,66,1014,0,0.0,2.32,0.0,34,125,Nacoes Shopping,NS
2025-08-20 00:00:00,92,398,25,0,0.0,1.45,394,13772,0,5,0,32.31,0.0,11,2.15,34,0,13694,0.0,108,1647,1,0.0,2.35,0.0,56,258,Nacoes Shopping,NS
2025-08-15 00:00:00,90,350,23,0,0.0,1.32,346,16791,1,0,0,34.75,0.0,13,2.03,34,0,16682,0.0,112,1548,8,0.0,2.07,0.0,57,225,Nacoes Shopping,NS
2025-08-10 00:00:00,118,470,38,0,0.0,1.35,460,18072,0,7,0,37.09,0.0,20,2.04,44,0,17968,0.0,145,1886,1,0.0,2.05,0.0,80,300,Nacoes Shopping,NS
2025-09-04 00:00:00,156,654,35,0,0.0,1.69,662,17421,5,21,0,43.13,0.0,58,2.22,36,0,17251,0.0,270,2545,1,0.0,2.48,0.0,68,353,Nacoes Shopping,NS
2025-09-02 00:00:00,159,823,47,0,0.0,1.73,839,20001,2,17,0,41.98,0.0,58,2.27,45,0,19819,0.0,348,3041,2,0.0,2.1,0.0,84,396,Nacoes Shopping,NS
2025-09-07 00:00:00,133,517,46,0,0.0,1.79,526,18881,2,10,0,42.0,0.0,37,2.37,39,0,18768,0.0,210,2205,1,0.0,2.22,0.0,64,293,Nacoes Shopping,NS
2025-08-28 00:00:00,46,200,18,0,0.0,1.24,198,11318,0,3,0,25.42,0.0,6,1.95,20,0,11249,0.0,60,979,0,0.0,2.25,0.0,30,136,Nacoes Shopping,NS
2025-08-23 00:00:00,78,294,29,0,0.0,1.46,296,12960,0,2,0,29.35,0.0,12,2.24,23,0,12888,0.0,101,1219,7,0.0,2.26,0.0,48,190,Nacoes Shopping,NS
2025-08-18 00:00:00,104,362,31,0,0.0,1.38,364,14995,2,3,0,32.09,0.0,12,2.0,36,0,14890,0.0,128,1561,5,0.0,2.14,0.0,67,243,Nacoes Shopping,NS
2025-08-13 00:00:00,146,540,47,0,0.0,1.47,546,16950,0,8,0,35.27,0.0,35,2.14,52,0,16820,0.0,184,2100,5,0.0,2.08,0.0,91,371,Nacoes Shopping,NS
2025-08-19 00:00:00,116,411,25,0,0.0,1.45,415,14522,1,3,0,32.88,0.0,17,2.13,39,0,14436,0.0,134,1691,1,0.0,2.26,0.0,70,266,Nacoes Shopping,NS
2025-08-14 00:00:00,89,375,37,0,0.0,1.31,379,18134,1,4,0,34.89,0.0,13,2.1,30,0,18031,0.0,109,1726,0,0.0,1.92,0.0,48,238,Nacoes Shopping,NS
2025-08-09 00:00:00,124,489,38,0,0.0,1.35,489,17390,1,5,0,37.57,0.0,17,2.02,38,0,17298,0.0,145,1837,3,0.0,2.16,0.0,69,328,Nacoes Shopping,NS
2025-08-31 00:00:00,142,620,53,0,0.0,1.5,621,20752,1,11,0,45.57,0.0,50,2.23,44,0,20646,0.0,254,2588,3,0.0,2.2,0.0,68,326,Nacoes Shopping,NS
2025-08-26 00:00:00,40,194,14,0,0.0,1.35,197,9640,0,1,0,22.59,0.0,8,1.97,15,0,9587,0.0,50,958,0,0.0,2.34,0.0,23,121,Nacoes Shopping,NS
2025-08-21 00:00:00,56,271,22,0,0.0,1.32,269,13859,1,2,0,30.41,0.0,8,2.11,20,0,13772,0.0,74,1221,0,0.0,2.19,0.0,37,180,Nacoes Shopping,NS
2025-09-05 00:00:00,131,578,36,0,0.0,1.46,582,20232,1,25,0,44.79,0.0,44,1.84,32,0,20082,0.0,225,2486,0,0.0,2.21,0.0,65,330,Nacoes Shopping,NS
2025-08-16 00:00:00,118,417,38,0,0.0,1.5,410,17279,0,1,0,35.97,0.0,19,2.33,33,0,17172,0.0,137,1642,2,0.0,2.08,0.0,64,295,Nacoes Shopping,NS
2025-08-11 00:00:00,127,507,34,0,0.0,1.42,499,16940,0,5,0,34.59,0.0,15,2.12,36,0,16847,0.0,155,1943,1,0.0,2.04,0.0,72,344,Nacoes Shopping,NS
2025-10-07 00:00:00,56,224,23,0,0.0,1.26,222,17068,0,2,0,38.01,0.0,6,2.19,15,0,16926,0.0,69,1399,0,0.0,2.23,0.0,28,142,Nacoes Shopping,NS
2025-10-02 00:00:00,87,284,21,0,0.0,1.33,284,18686,0,0,0,40.75,0.0,13,2.46,29,0,18515,0.0,96,1612,1,0.0,2.18,0.0,47,199,Nacoes Shopping,NS
2025-09-16 00:00:00,0,0,0,0,0.0,0.0,0,0,0,0,0,0.0,0.0,0,0.0,0,0,0,0.0,0,0,0,0.0,0.0,0.0,0,0,Nacoes Shopping,NS
2025-09-11 00:00:00,204,369,51,0,0.0,1.38,365,28863,0,1,0,77.44,0.0,16,1.43,77,0,28628,0.0,126,1814,0,0.0,2.68,0.0,127,519,Nacoes Shopping,NS
2025-10-06 00:00:00,60,239,17,0,0.0,1.56,231,17926,0,1,0,37.39,0.0,12,2.82,23,0,17806,0.0,71,1384,0,0.0,2.09,0.0,32,143,Nacoes Shopping,NS
2025-10-01 00:00:00,78,298,31,0,0.0,1.29,289,19121,0,2,0,40.19,0.0,17,2.5,22,0,18930,0.0,112,1646,1,0.0,2.1,0.0,37,192,Nacoes Shopping,NS
2025-09-26 00:00:00,23,91,3,0,0.0,1.1,91,8799,0,0,0,20.15,0.0,6,3.31,8,0,8756,0.0,25,505,0,0.0,2.29,0.0,15,51,Nacoes Shopping,NS
2025-09-13 00:00:00,77,140,21,0,0.0,1.23,133,10275,0,1,0,30.17,0.0,10,1.23,37,0,10184,0.0,55,704,1,0.0,2.94,0.0,57,193,Nacoes Shopping,NS
2025-09-08 00:00:00,116,541,40,0,0.0,1.49,538,18198,1,13,0,40.89,0.0,33,1.93,31,0,18061,0.0,201,2218,2,0.0,2.25,0.0,61,301,Nacoes Shopping,NS
2025-09-18 00:00:00,0,0,0,0,0.0,0.0,0,0,0,0,0,0.0,0.0,0,0.0,0,0,0,0.0,0,0,0,0.0,0.0,0.0,0,0,Nacoes Shopping,NS
2025-10-03 00:00:00,60,264,20,0,0.0,1.22,260,19340,0,1,0,40.83,0.0,15,2.13,16,0,19177,0.0,79,1527,0,0.0,2.11,0.0,33,165,Nacoes Shopping,NS
2025-09-28 00:00:00,42,191,14,0,0.0,1.17,190,18281,1,0,0,42.78,0.0,9,2.8,17,0,18174,0.0,65,1159,1,0.0,2.34,0.0,29,120,Nacoes Shopping,NS
2025-09-17 00:00:00,0,0,0,0,0.0,0.0,0,0,0,0,0,0.0,0.0,0,0.0,0,0,0,0.0,0,0,0,0.0,0.0,0.0,0,0,Nacoes Shopping,NS
2025-09-27 00:00:00,51,196,23,0,0.0,1.13,191,17467,0,0,0,42.29,0.0,2,3.06,13,0,17373,0.0,52,1073,0,0.0,2.42,0.0,26,125,Nacoes Shopping,NS
2025-09-12 00:00:00,200,381,48,0,0.0,1.19,380,27360,2,5,0,76.17,0.0,20,1.22,70,0,27105,0.0,119,1901,0,0.0,2.78,0.0,116,521,Nacoes Shopping,NS
2025-09-14 00:00:00,0,0,0,0,0.0,0.0,0,0,0,0,0,0.0,0.0,0,0.0,0,0,0,0.0,0,0,0,0.0,0.0,0.0,0,0,Nacoes Shopping,NS
2025-09-09 00:00:00,159,403,50,0,0.0,1.26,397,24327,0,5,0,56.68,0.0,18,1.43,42,0,24144,0.0,141,1870,0,0.0,2.33,0.0,80,379,Nacoes Shopping,NS
2025-10-04 00:00:00,63,252,36,0,0.0,1.18,251,19342,0,0,0,38.47,0.0,6,2.32,19,0,19208,0.0,78,1389,0,0.0,1.99,0.0,33,149,Nacoes Shopping,NS
2025-09-29 00:00:00,59,199,15,0,0.0,1.2,195,17102,0,1,0,42.54,0.0,9,2.51,15,0,16986,0.0,71,1203,0,0.0,2.49,0.0,30,130,Nacoes Shopping,NS
2025-09-10 00:00:00,239,435,49,0,0.0,1.18,434,30245,0,4,0,76.72,0.0,13,1.25,86,0,29982,0.0,133,1987,1,0.0,2.54,0.0,128,565,Nacoes Shopping,NS
2025-09-15 00:00:00,0,0,0,0,0.0,0.0,0,0,0,0,0,0.0,0.0,0,0.0,0,0,0,0.0,0,0,0,0.0,0.0,0.0,0,0,Nacoes Shopping,NS
2025-10-05 00:00:00,61,234,34,0,0.0,1.19,227,19237,0,0,0,37.51,0.0,6,2.28,21,0,19115,0.0,67,1365,0,0.0,1.95,0.0,34,159,Nacoes Shopping,NS
2025-09-30 00:00:00,60,229,8,0,0.0,1.21,222,16584,0,0,0,41.56,0.0,9,2.39,13,0,16456,0.0,59,1240,0,0.0,2.51,0.0,25,139,Nacoes Shopping,NS
2025-11-02 00:00:00,1274,2979,58,21,0.0,2.48,2733,27761,2,13,0,68.81,0.0,97,3.77,404,0,27603,0.08,851,7458,1,3.28,2.48,0.0,794,3016,Nacoes Shopping,NS
2025-10-23 00:00:00,24,106,13,0,0.0,1.14,109,8995,0,0,0,22.95,0.0,10,1.8,8,0,8926,0.0,37,571,0,0.0,2.55,0.0,13,86,Nacoes Shopping,NS
2025-10-11 00:00:00,56,201,31,0,0.0,1.14,202,17101,0,2,0,34.72,0.0,6,2.29,17,0,16977,0.0,63,1118,0,0.0,2.03,0.0,27,133,Nacoes Shopping,NS
2025-10-16 00:00:00,41,189,23,0,0.0,1.21,187,13915,1,0,0,33.14,0.0,8,2.07,15,0,13816,0.0,63,1024,0,0.0,2.38,0.0,24,123,Nacoes Shopping,NS
2025-11-05 00:00:00,994,2502,56,16,0.0,2.4,2287,25235,2,12,0,67.83,0.0,125,3.39,296,0,24994,0.06,716,6410,4,4.24,2.69,0.0,625,2468,Nacoes Shopping,NS
2025-10-31 00:00:00,1079,2748,87,9,0.0,2.46,2521,25618,2,20,0,77.64,0.0,132,4.13,330,0,25445,0.04,774,6432,4,8.63,3.03,0.0,690,2598,Nacoes Shopping,NS
2025-10-26 00:00:00,3,6,2,0,0.0,0.98,6,825,0,0,0,1.63,0.0,0,1.1,1,0,824,0.0,1,45,0,0.0,1.98,0.0,1,6,Nacoes Shopping,NS
2025-10-21 00:00:00,27,110,12,0,0.0,1.09,111,11039,0,1,0,27.18,0.0,7,1.82,10,0,10966,0.0,31,766,0,0.0,2.46,0.0,14,85,Nacoes Shopping,NS
2025-10-08 00:00:00,56,215,25,0,0.0,1.22,215,15995,0,3,0,37.29,0.0,8,2.11,19,0,15824,0.0,69,1281,1,0.0,2.33,0.0,31,137,Nacoes Shopping,NS
2025-10-18 00:00:00,41,159,17,0,0.0,1.66,154,14516,0,3,0,30.94,0.0,9,3.28,15,0,14430,0.0,49,799,0,0.0,2.13,0.0,21,105,Nacoes Shopping,NS
2025-10-13 00:00:00,49,221,20,0,0.0,1.19,214,16174,0,0,0,33.98,0.0,13,2.18,21,0,16070,0.0,77,1129,1,0.0,2.1,0.0,32,139,Nacoes Shopping,NS
2025-10-19 00:00:00,46,169,16,0,0.0,1.14,170,13797,0,2,0,29.35,0.0,10,2.14,14,0,13707,0.0,62,875,0,0.0,2.13,0.0,26,119,Nacoes Shopping,NS
2025-10-14 00:00:00,53,214,26,0,0.0,1.21,212,15236,0,1,0,33.94,0.0,10,2.17,23,0,15119,0.0,76,1107,0,0.0,2.23,0.0,35,129,Nacoes Shopping,NS
2025-10-09 00:00:00,70,253,31,0,0.0,1.36,250,15966,0,2,0,36.76,0.0,3,2.36,20,0,15832,0.0,86,1254,0,0.0,2.3,0.0,41,167,Nacoes Shopping,NS
2025-11-03 00:00:00,1184,2804,55,7,0.0,2.71,2583,25771,0,15,0,67.53,0.0,101,3.89,363,0,25540,0.03,831,7031,1,9.65,2.62,0.0,744,2824,Nacoes Shopping,NS
2025-10-24 00:00:00,28,64,3,0,0.0,1.11,68,5910,0,0,0,13.93,0.0,5,1.47,9,0,5868,0.0,21,402,0,0.0,2.36,0.0,14,68,Nacoes Shopping,NS
2025-10-17 00:00:00,48,178,12,0,0.0,1.18,179,14644,0,0,0,33.59,0.0,6,2.06,15,0,14542,0.0,60,964,0,0.0,2.29,0.0,22,126,Nacoes Shopping,NS
2025-10-12 00:00:00,47,204,26,0,0.0,1.14,201,17636,0,1,0,34.86,0.0,6,2.21,16,0,17533,0.0,54,1172,0,0.0,1.98,0.0,32,128,Nacoes Shopping,NS
2025-10-27 00:00:00,0,0,0,0,0.0,0.0,0,0,0,0,0,0.0,0.0,0,0.0,0,0,0,0.0,0,0,0,0.0,0.0,0.0,0,0,Nacoes Shopping,NS
2025-11-06 00:00:00,854,2074,44,11,0.0,2.34,1883,22915,0,11,0,65.24,0.0,73,3.43,275,0,22720,0.05,598,5376,4,5.93,2.85,0.0,553,2065,Nacoes Shopping,NS
2025-11-01 00:00:00,1227,3176,72,15,0.0,2.46,2936,28983,1,6,0,74.28,0.0,130,3.96,379,0,28781,0.05,856,7341,2,4.95,2.56,0.0,758,3007,Nacoes Shopping,NS
2025-10-22 00:00:00,36,105,17,0,0.0,1.14,102,9722,1,0,0,25.24,0.0,3,1.83,12,0,9635,0.0,38,617,0,0.0,2.6,0.0,18,81,Nacoes Shopping,NS
2025-11-04 00:00:00,1159,3040,85,10,0.0,2.79,2749,26857,1,10,0,69.31,0.0,142,4.0,350,0,26545,0.04,839,7642,2,6.93,2.58,0.0,739,2933,Nacoes Shopping,NS
2025-10-30 00:00:00,689,1494,25,5,0.0,2.6,1371,13255,0,8,0,38.98,0.0,40,4.42,221,0,13183,0.04,437,3585,0,7.8,2.94,0.0,444,1545,Nacoes Shopping,NS
2025-10-25 00:00:00,14,32,8,0,0.0,1.01,31,4005,0,0,0,8.84,0.0,0,1.25,2,0,3989,0.0,5,250,0,0.0,2.21,0.0,3,38,Nacoes Shopping,NS
2025-10-20 00:00:00,39,145,18,0,0.0,1.11,143,12737,0,1,0,28.54,0.0,7,2.0,11,0,12647,0.0,48,816,0,0.0,2.24,0.0,20,95,Nacoes Shopping,NS
2025-10-15 00:00:00,60,201,19,0,0.0,1.23,194,13922,0,0,0,32.7,0.0,7,2.17,13,0,13811,0.0,60,1043,0,0.0,2.35,0.0,31,116,Nacoes Shopping,NS
2025-10-10 00:00:00,57,232,29,0,0.0,1.19,233,17566,0,3,0,37.58,0.0,16,2.11,19,0,17441,0.0,73,1201,0,0.0,2.14,0.0,34,155,Nacoes Shopping,NS
2025-12-02 00:00:00,889,1746,21,1040,0.0,2.3,2368,19715,1,0,0,72.75,0.0,6,3.09,437,0,17328,5.28,1342,2391,0,0.07,3.69,0.0,582,1848,Nacoes Shopping,NS
2025-11-27 00:00:00,810,1755,28,696,0.0,1.64,2196,34901,0,4,0,131.9,0.0,18,2.79,463,0,33414,1.99,1168,3365,0,0.19,3.78,0.0,573,1694,Nacoes Shopping,NS
2025-11-22 00:00:00,1786,1705,9,843,0.0,2.76,2227,14718,0,1,0,64.4,0.0,4,3.46,1146,0,12261,5.73,1638,2524,0,0.08,4.38,0.0,1435,2376,Nacoes Shopping,NS
2025-11-17 00:00:00,2401,2408,14,1037,0.0,3.5,3126,16071,0,0,0,77.23,0.0,5,4.51,1874,0,14098,6.45,2518,3184,0,0.07,4.81,0.0,2205,3067,Nacoes Shopping,NS
2025-11-12 00:00:00,2210,2250,24,937,0.0,2.76,2905,18801,1,2,0,80.31,0.0,3,3.72,1766,0,16281,4.98,2359,3102,0,0.09,4.27,0.0,2023,2979,Nacoes Shopping,NS
2025-11-07 00:00:00,656,1657,45,8,0.0,2.27,1496,20477,0,13,0,59.9,0.0,68,3.5,202,0,20307,0.04,481,4570,3,7.49,2.93,0.0,420,1581,Nacoes Shopping,NS
2025-12-05 00:00:00,792,2301,170,905,0.0,3.7,2856,27808,2,6,0,91.44,0.0,30,2.67,374,0,11976,3.25,1385,3328,0,0.1,3.29,0.0,516,1901,Nacoes Shopping,NS
2025-11-30 00:00:00,402,971,12,1015,0.0,1.47,1591,19422,0,1,0,79.69,0.0,6,2.67,209,0,18575,5.23,960,1658,0,0.08,4.1,0.0,263,990,Nacoes Shopping,NS
2025-11-25 00:00:00,2146,2130,19,790,0.0,2.0,2737,29275,0,3,0,105.0,0.0,18,3.09,1473,0,27706,2.7,1963,3299,0,0.13,3.59,0.0,1672,2814,Nacoes Shopping,NS
2025-11-20 00:00:00,2143,2137,24,870,0.0,3.08,2780,15321,0,0,0,74.49,0.0,4,3.95,1561,0,14145,5.68,2117,2908,0,0.09,4.86,0.0,1785,2816,Nacoes Shopping,NS
2025-11-15 00:00:00,1880,1801,29,756,0.0,2.64,2336,16921,0,1,0,77.07,0.0,4,3.27,1340,0,14899,4.47,1799,2646,0,0.1,4.55,0.0,1699,2509,Nacoes Shopping,NS
2025-11-10 00:00:00,194,472,27,9,0.0,1.73,463,14680,0,6,0,41.48,0.0,33,2.39,80,0,14523,0.06,195,2082,1,4.61,2.83,0.0,121,358,Nacoes Shopping,NS
2025-12-03 00:00:00,787,1782,21,1024,0.0,1.99,2381,23820,0,1,0,76.29,0.0,9,2.44,382,0,21264,4.3,1259,2474,1,0.07,3.2,0.0,514,1908,Nacoes Shopping,NS
2025-11-28 00:00:00,551,1462,22,716,0.0,1.59,1871,30427,2,2,0,125.88,0.0,15,2.59,265,0,29036,2.35,915,2831,0,0.18,4.14,0.0,333,1338,Nacoes Shopping,NS
2025-11-23 00:00:00,2637,2562,6,900,0.0,3.17,3142,16389,1,1,0,65.58,0.0,6,4.1,1543,0,13391,5.49,2082,3409,0,0.07,4.0,0.0,2126,3264,Nacoes Shopping,NS
2025-11-18 00:00:00,1468,1440,27,624,0.0,2.51,1849,15100,0,0,0,73.93,0.0,9,3.02,1167,0,14121,4.13,1534,2111,0,0.12,4.9,0.0,1338,1949,Nacoes Shopping,NS
2025-11-13 00:00:00,3130,3178,13,1227,0.0,3.55,4048,18344,1,0,0,87.77,0.0,7,4.78,2367,0,16498,6.69,3142,4121,0,0.07,4.78,0.0,2866,3995,Nacoes Shopping,NS
2025-11-08 00:00:00,344,879,27,15,0.0,1.93,803,17885,0,4,0,46.16,0.0,38,2.9,115,0,17737,0.08,284,3131,1,3.08,2.58,0.0,220,769,Nacoes Shopping,NS
2025-12-06 00:00:00,823,2224,186,1018,0.0,3.85,2819,26033,0,12,0,97.27,0.0,24,2.83,413,0,11006,3.91,1410,3236,3,0.1,3.74,0.0,563,1833,Nacoes Shopping,NS
2025-12-01 00:00:00,705,1905,10,968,0.0,2.18,2498,19609,0,0,0,69.13,0.0,2,3.72,303,0,17569,4.94,1168,2571,0,0.07,3.53,0.0,406,1833,Nacoes Shopping,NS
2025-11-26 00:00:00,1401,1723,26,811,0.0,1.58,2230,35751,0,1,0,120.58,0.0,6,2.6,819,0,34188,2.27,1361,3299,0,0.15,3.37,0.0,984,2174,Nacoes Shopping,NS
2025-11-21 00:00:00,1878,1823,11,829,0.0,2.74,2353,15006,0,1,0,65.77,0.0,6,3.38,1181,0,12685,5.52,1672,2634,0,0.08,4.38,0.0,1502,2497,Nacoes Shopping,NS
2025-11-16 00:00:00,2056,2009,19,1058,0.0,3.03,2776,16845,0,1,0,80.79,0.0,7,3.84,1557,0,14288,6.28,2234,2877,0,0.08,4.8,0.0,1875,2773,Nacoes Shopping,NS
2025-11-11 00:00:00,2500,2551,28,875,0.0,2.97,3056,19862,0,3,0,86.18,0.0,9,3.74,1821,0,16139,4.41,2337,3850,2,0.1,4.34,0.0,2234,3187,Nacoes Shopping,NS
2025-12-04 00:00:00,918,2567,159,1037,0.0,2.99,3189,29208,2,9,0,91.14,0.0,21,3.04,460,0,17223,3.55,1540,3679,0,0.09,3.12,0.0,622,2353,Nacoes Shopping,NS
2025-11-29 00:00:00,411,1161,16,884,0.0,1.51,1598,33029,1,2,0,128.63,0.0,14,2.58,179,0,31191,2.68,806,2578,6,0.15,3.89,0.0,234,1025,Nacoes Shopping,NS
2025-11-24 00:00:00,1866,1856,8,850,0.0,3.06,2431,12954,0,0,0,62.32,0.0,1,3.88,1374,0,11277,6.56,1909,2481,0,0.07,4.81,0.0,1584,2376,Nacoes Shopping,NS
2025-11-19 00:00:00,1943,1984,28,886,0.0,3.19,2649,14499,0,1,0,77.25,0.0,7,4.12,1622,0,13729,6.11,2198,2720,0,0.09,5.33,0.0,1798,2623,Nacoes Shopping,NS
2025-11-14 00:00:00,2409,2366,15,1334,0.0,3.29,3206,16957,0,0,0,90.39,0.0,2,4.17,1845,0,14956,7.87,2619,3378,0,0.07,5.33,0.0,2137,3169,Nacoes Shopping,NS
2025-11-09 00:00:00,158,448,21,5,0.0,1.58,429,15071,0,7,0,40.19,0.0,21,2.3,68,0,14976,0.03,169,2066,0,8.04,2.67,0.0,106,319,Nacoes Shopping,NS
2025-12-22 00:00:00,852,2260,144,976,0.0,3.48,2940,26926,2,7,0,81.74,0.0,19,2.89,410,0,12780,3.62,1511,3313,0,0.08,3.04,0.0,544,1957,Nacoes Shopping,NS
2025-12-17 00:00:00,663,2009,240,839,0.0,3.6,2495,28140,2,5,0,83.48,0.0,26,2.55,255,0,10883,2.98,1204,2955,2,0.1,2.97,0.0,391,1555,Nacoes Shopping,NS
2025-12-12 00:00:00,748,1837,94,1258,0.0,2.03,2541,29014,0,4,0,101.73,0.0,21,3.1,349,0,24425,4.34,1414,3563,0,0.08,3.51,0.0,472,1664,Nacoes Shopping,NS
2026-01-01 00:00:00,4,4,1,4,0.0,5.52,4,54,0,0,0,0.0,0.0,0,2.52,2,0,21,7.41,2,10,0,0.0,0.0,0.0,2,7,Nacoes Shopping,NS
2025-12-27 00:00:00,1153,3182,147,1431,0.0,4.23,4131,33573,0,5,0,85.52,0.0,24,3.5,549,0,14568,4.26,2111,4487,2,0.06,2.55,0.0,703,2878,Nacoes Shopping,NS
2025-12-07 00:00:00,806,2262,180,848,0.0,3.82,2787,26315,0,4,0,94.33,0.0,36,2.76,315,0,11338,3.22,1363,3435,0,0.11,3.58,0.0,488,1978,Nacoes Shopping,NS
2026-01-04 00:00:00,1,1,0,0,0.0,4.76,1,6,0,0,0,0.0,0.0,0,5.95,1,0,5,0.0,1,1,0,0.0,0.0,0.0,1,1,Nacoes Shopping,NS
2025-12-30 00:00:00,779,2378,131,1634,0.0,4.49,3463,29421,2,8,0,73.63,0.0,21,2.93,318,0,9628,5.55,1876,3214,1,0.05,2.5,0.0,425,2184,Nacoes Shopping,NS
2025-12-25 00:00:00,798,2202,148,1062,0.0,3.14,2846,30600,0,7,0,78.99,0.0,23,2.64,370,0,14126,3.47,1443,3367,0,0.07,2.58,0.0,478,1845,Nacoes Shopping,NS
2025-12-20 00:00:00,647,2090,137,858,0.0,3.47,2719,25104,1,4,0,82.64,0.0,17,2.92,258,0,11748,3.42,1293,2944,0,0.1,3.29,0.0,356,1875,Nacoes Shopping,NS
2025-12-15 00:00:00,614,1922,222,964,0.0,2.12,2497,30421,0,3,0,88.06,0.0,27,2.84,237,0,24643,3.17,1223,3706,0,0.09,2.89,0.0,356,1684,Nacoes Shopping,NS
2025-12-10 00:00:00,780,2219,191,744,0.0,2.35,2712,30615,2,10,0,93.45,0.0,55,3.11,329,0,24106,2.43,1318,4125,2,0.13,3.05,0.0,477,1943,Nacoes Shopping,NS
2026-01-02 00:00:00,1,1,0,2,0.0,2.17,3,5,0,0,0,0.0,0.0,0,5.8,1,0,8,40.0,3,2,0,0.0,0.0,0.0,1,1,Nacoes Shopping,NS
2025-12-28 00:00:00,1041,2856,102,1527,0.0,3.68,3856,32098,0,8,0,83.09,0.0,26,3.43,525,0,15791,4.76,2045,4269,1,0.05,2.59,0.0,665,2577,Nacoes Shopping,NS
2025-12-23 00:00:00,636,1784,205,779,0.0,3.57,2316,25875,0,8,0,81.88,0.0,30,2.35,269,0,10256,3.01,1196,2681,1,0.11,3.16,0.0,386,1541,Nacoes Shopping,NS
2025-12-18 00:00:00,463,1567,221,838,0.0,2.87,2128,25010,0,4,0,80.14,0.0,16,2.17,176,0,11220,3.35,1062,2425,1,0.1,3.2,0.0,263,1377,Nacoes Shopping,NS
2025-12-13 00:00:00,785,2143,131,937,0.0,2.22,2770,29979,2,3,0,92.54,0.0,22,3.22,350,0,24808,3.13,1428,3927,0,0.1,3.09,0.0,482,1881,Nacoes Shopping,NS
2025-12-08 00:00:00,1131,3284,134,1057,0.0,3.48,4002,29389,0,7,0,99.44,0.0,32,3.95,533,0,18819,3.6,1883,4777,0,0.09,3.38,0.0,726,2866,Nacoes Shopping,NS
2025-12-11 00:00:00,710,1868,155,767,0.0,2.3,2347,28815,0,4,0,94.49,0.0,25,3.17,299,0,23244,2.66,1190,3693,0,0.12,3.28,0.0,416,1665,Nacoes Shopping,NS
2026-01-05 00:00:00,2,3,0,1,0.0,14.6,4,8,0,0,0,0.0,0.0,0,19.47,1,0,4,12.5,3,4,0,0.0,0.0,0.0,1,2,Nacoes Shopping,NS
2025-12-31 00:00:00,470,1352,123,1094,0.0,4.11,2049,21654,0,1,0,50.26,0.0,8,2.1,181,0,6063,5.05,1155,1759,2,0.05,2.32,0.0,269,1286,Nacoes Shopping,NS
2025-12-26 00:00:00,781,2043,182,1008,0.0,3.27,2758,30730,2,7,0,74.82,0.0,15,2.47,376,0,13227,3.28,1484,3151,1,0.07,2.43,0.0,500,1839,Nacoes Shopping,NS
2025-12-21 00:00:00,647,2084,218,799,0.0,3.3,2575,27991,0,6,0,82.57,0.0,25,2.58,254,0,12235,2.85,1146,3131,0,0.1,2.95,0.0,364,1792,Nacoes Shopping,NS
2025-12-16 00:00:00,484,1530,231,1030,0.0,1.99,2106,28378,0,10,0,84.94,0.0,23,2.26,183,0,18926,3.63,1086,2848,0,0.08,2.99,0.0,277,1319,Nacoes Shopping,NS
2025-12-14 00:00:00,850,2487,120,1142,0.0,2.34,3245,30583,0,8,0,92.57,0.0,39,3.5,343,0,26166,3.73,1621,4399,0,0.08,3.03,0.0,497,2216,Nacoes Shopping,NS
2025-12-09 00:00:00,1025,2861,83,1027,0.0,2.6,3453,30672,0,10,0,94.18,0.0,38,3.67,421,0,24774,3.35,1615,4911,1,0.09,3.07,0.0,639,2406,Nacoes Shopping,NS
2026-01-03 00:00:00,0,1,0,0,0.0,4.89,1,3,0,0,0,0.0,0.0,0,6.52,0,0,4,0.0,0,3,0,0.0,0.0,0.0,0,1,Nacoes Shopping,NS
2025-12-29 00:00:00,950,2501,112,1579,0.0,3.49,3457,33576,0,3,0,79.37,0.0,20,3.07,430,0,14917,4.7,1917,3773,1,0.05,2.36,0.0,603,2256,Nacoes Shopping,NS
2025-12-24 00:00:00,973,2711,180,866,0.0,4.06,3297,30440,2,8,0,79.95,0.0,33,3.02,420,0,12294,2.84,1502,3949,2,0.09,2.63,0.0,556,2330,Nacoes Shopping,NS
2025-12-19 00:00:00,602,1936,200,996,0.0,3.21,2579,25731,1,4,0,83.03,0.0,17,2.62,204,0,11558,3.87,1272,2761,2,0.08,3.23,0.0,309,1698,Nacoes Shopping,NS
2026-01-26 00:00:00,100,164,27,0,0.0,1.02,157,14688,0,0,0,28.46,0.0,9,1.44,40,0,14591,0.0,56,828,1,0.0,1.94,0.0,60,224,Nacoes Shopping,NS
2026-01-21 00:00:00,135,203,33,0,0.0,1.06,205,19038,0,2,0,33.74,0.0,9,1.76,60,0,18910,0.0,67,1115,0,0.0,1.77,0.0,82,280,Nacoes Shopping,NS
2026-01-11 00:00:00,0,0,0,0,0.0,0.0,0,0,0,0,0,0.0,0.0,0,0.0,0,0,0,0.0,0,0,0,0.0,0.0,0.0,0,0,Nacoes Shopping,NS
2026-01-31 00:00:00,300,978,81,0,0.0,1.32,974,47769,5,2,0,92.03,0.0,34,2.75,112,0,47407,0.0,292,4760,1,0.0,1.93,0.0,164,752,Nacoes Shopping,NS
2026-01-16 00:00:00,142,209,33,0,0.0,1.04,209,20387,0,0,0,33.66,0.0,5,1.76,55,0,20253,0.0,73,1230,0,0.0,1.65,0.0,81,303,Nacoes Shopping,NS
2026-01-06 00:00:00,0,0,0,0,0.0,0.0,0,0,0,0,0,0.0,0.0,0,0.0,0,0,1,0.0,0,0,0,0.0,0.0,0.0,0,0,Nacoes Shopping,NS
2026-01-09 00:00:00,0,0,0,0,0.0,0.0,0,0,0,0,0,0.0,0.0,0,0.0,0,0,0,0.0,0,0,0,0.0,0.0,0.0,0,0,Nacoes Shopping,NS
2026-01-19 00:00:00,127,211,29,0,0.0,1.1,208,17300,0,1,0,31.47,0.0,9,1.64,55,0,17176,0.0,76,1156,0,0.0,1.82,0.0,73,281,Nacoes Shopping,NS
2026-01-14 00:00:00,52,89,17,0,0.0,0.96,89,9413,0,0,0,11.98,0.0,1,1.68,20,0,9347,0.0,26,439,0,0.0,1.27,0.0,25,130,Nacoes Shopping,NS
2026-01-24 00:00:00,92,170,28,0,0.0,1.02,167,17731,0,1,0,30.78,0.0,8,1.57,38,0,17623,0.0,53,1012,0,0.0,1.74,0.0,59,242,Nacoes Shopping,NS
2026-02-03 00:00:00,231,709,101,0,0.0,1.29,705,40649,0,8,0,82.03,0.0,36,2.01,102,0,40085,0.0,210,3535,2,0.0,2.02,0.0,143,590,Nacoes Shopping,NS
2026-01-29 00:00:00,182,580,71,0,0.0,1.26,588,31480,0,6,0,52.07,0.0,34,2.96,71,0,31284,0.0,163,2986,0,0.0,1.65,0.0,105,509,Nacoes Shopping,NS
2026-01-12 00:00:00,0,0,0,0,0.0,0.0,0,0,0,0,0,0.0,0.0,0,0.0,0,0,0,0.0,0,0,0,0.0,0.0,0.0,0,0,Nacoes Shopping,NS
2026-01-27 00:00:00,131,264,34,0,0.0,1.26,272,14869,1,2,0,26.41,0.0,14,2.02,51,0,14760,0.0,96,1356,0,0.0,1.78,0.0,73,314,Nacoes Shopping,NS
2026-01-22 00:00:00,110,168,31,0,0.0,0.96,163,19593,0,1,0,31.49,0.0,7,1.69,47,0,19471,0.0,42,992,0,0.0,1.61,0.0,70,251,Nacoes Shopping,NS
2026-01-17 00:00:00,141,243,32,0,0.0,1.08,246,20552,0,3,0,33.8,0.0,12,1.75,65,0,20394,0.0,84,1323,0,0.0,1.64,0.0,85,371,Nacoes Shopping,NS
2026-01-07 00:00:00,0,0,0,0,0.0,0.69,0,2,0,0,0,0.0,0.0,0,1.37,0,0,2,0.0,0,0,0,0.0,0.0,0.0,0,0,Nacoes Shopping,NS
2026-02-01 00:00:00,302,1009,93,0,0.0,1.31,1003,50195,1,7,0,84.8,0.0,50,2.4,113,0,49635,0.0,268,4896,1,0.0,1.69,0.0,161,822,Nacoes Shopping,NS
2026-02-04 00:00:00,259,756,71,0,0.0,1.6,760,39335,3,5,0,81.69,0.0,32,2.41,109,0,38899,0.0,220,3729,1,0.0,2.08,0.0,156,626,Nacoes Shopping,NS
2026-01-30 00:00:00,279,934,101,0,0.0,1.27,936,52380,2,7,0,97.28,0.0,66,2.81,98,0,51967,0.0,278,4944,1,0.0,1.86,0.0,154,728,Nacoes Shopping,NS
2026-01-10 00:00:00,0,0,0,0,0.0,0.0,0,0,0,0,0,0.0,0.0,0,0.0,0,0,0,0.0,0,0,0,0.0,0.0,0.0,0,0,Nacoes Shopping,NS
2026-01-25 00:00:00,138,216,31,0,0.0,1.05,213,18244,0,2,0,28.72,0.0,7,1.59,60,0,18117,0.0,78,1073,0,0.0,1.57,0.0,86,308,Nacoes Shopping,NS
2026-01-20 00:00:00,126,207,30,0,0.0,1.1,203,15140,0,0,0,30.59,0.0,6,1.52,65,0,15018,0.0,76,1047,0,0.0,2.02,0.0,87,280,Nacoes Shopping,NS
2026-01-15 00:00:00,159,244,36,0,0.0,1.04,239,21494,0,1,0,34.65,0.0,3,1.9,68,0,21348,0.0,78,1232,0,0.0,1.61,0.0,89,365,Nacoes Shopping,NS
2026-02-02 00:00:00,272,841,98,0,0.0,1.31,845,45254,3,6,0,82.54,0.0,46,2.08,98,0,44634,0.0,252,4217,2,0.0,1.82,0.0,154,706,Nacoes Shopping,NS
2026-01-28 00:00:00,165,363,37,0,0.0,1.28,378,19483,1,2,0,30.18,0.0,29,2.61,67,0,19384,0.0,111,2021,0,0.0,1.55,0.0,93,405,Nacoes Shopping,NS
2026-01-08 00:00:00,0,0,0,0,0.0,0.0,0,0,0,0,0,0.0,0.0,0,0.0,0,0,0,0.0,0,0,0,0.0,0.0,0.0,0,0,Nacoes Shopping,NS
2026-01-13 00:00:00,0,0,0,0,0.0,0.0,0,0,0,0,0,0.0,0.0,0,0.0,0,0,0,0.0,0,0,0,0.0,0.0,0.0,0,0,Nacoes Shopping,NS
2026-01-23 00:00:00,107,189,33,0,0.0,1.0,195,18274,1,3,0,30.4,0.0,14,1.61,47,0,18143,0.0,61,955,0,0.0,1.66,0.0,65,260,Nacoes Shopping,NS
2026-01-18 00:00:00,165,272,43,0,0.0,1.11,264,20265,0,1,0,33.46,0.0,8,1.71,64,0,20113,0.0,94,1308,0,0.0,1.65,0.0,95,339,Nacoes Shopping,NS
2026-03-02 00:00:00,0,0,0,0,0.0,0.0,0,0,0,0,0,0.0,0.0,0,0.0,0,0,0,0.0,0,0,0,0.0,0.0,0.0,0,0,Nacoes Shopping,NS
2026-02-25 00:00:00,16,43,5,0,0.0,1.36,44,2044,0,1,0,3.25,0.0,3,1.8,6,0,2040,0.0,15,211,1,0.0,1.59,0.0,8,39,Nacoes Shopping,NS
2026-02-20 00:00:00,73,165,16,0,0.0,1.29,170,8981,2,2,0,15.15,0.0,4,1.69,31,0,8912,0.0,44,901,0,0.0,1.69,0.0,45,182,Nacoes Shopping,NS
2026-02-15 00:00:00,115,264,19,0,0.0,1.5,266,8968,0,6,0,16.9,0.0,7,1.96,40,0,8869,0.0,92,1206,0,0.0,1.88,0.0,67,280,Nacoes Shopping,NS
2026-02-10 00:00:00,104,260,19,0,0.0,1.47,259,11900,1,1,0,19.58,0.0,12,2.21,45,0,11811,0.0,74,1222,1,0.0,1.65,0.0,67,264,Nacoes Shopping,NS
2026-02-05 00:00:00,216,671,70,0,0.0,1.28,673,42084,0,4,0,83.04,0.0,33,2.31,82,0,41603,0.0,186,3546,2,0.0,1.97,0.0,118,586,Nacoes Shopping,NS
2026-03-05 00:00:00,0,0,0,0,0.0,0.0,0,0,0,0,0,0.0,0.0,0,0.0,0,0,0,0.0,0,0,0,0.0,0.0,0.0,0,0,Nacoes Shopping,NS
2026-02-23 00:00:00,35,100,2,0,0.0,1.26,105,5650,0,1,0,12.04,0.0,4,1.52,9,0,5594,0.0,23,574,0,0.0,2.13,0.0,18,107,Nacoes Shopping,NS
2026-02-18 00:00:00,59,151,15,0,0.0,1.18,154,11417,0,1,0,15.84,0.0,5,1.73,22,0,11338,0.0,43,879,0,0.0,1.39,0.0,35,145,Nacoes Shopping,NS
2026-02-13 00:00:00,90,216,22,0,0.0,1.36,222,10651,0,4,0,18.12,0.0,16,1.87,40,0,10548,0.0,70,1103,0,0.0,1.7,0.0,52,240,Nacoes Shopping,NS
2026-02-08 00:00:00,159,384,37,0,0.0,1.4,389,16942,1,3,0,31.43,0.0,20,1.86,68,0,16756,0.0,126,1968,0,0.0,1.86,0.0,87,368,Nacoes Shopping,NS
2026-03-03 00:00:00,0,0,0,0,0.0,0.0,0,0,0,0,0,0.0,0.0,0,0.0,0,0,0,0.0,0,0,0,0.0,0.0,0.0,0,0,Nacoes Shopping,NS
2026-02-21 00:00:00,71,178,19,0,0.0,1.36,185,8479,0,4,0,14.61,0.0,11,1.82,24,0,8444,0.0,53,916,0,0.0,1.72,0.0,36,189,Nacoes Shopping,NS
2026-02-16 00:00:00,72,200,23,0,0.0,1.44,202,8598,1,4,0,16.27,0.0,7,1.77,34,0,8489,0.0,59,1010,1,0.0,1.89,0.0,43,215,Nacoes Shopping,NS
2026-02-11 00:00:00,84,210,29,0,0.0,1.27,210,12188,1,2,0,18.44,0.0,9,1.9,31,0,12087,0.0,55,1091,0,0.0,1.51,0.0,46,243,Nacoes Shopping,NS
2026-02-06 00:00:00,203,726,79,0,0.0,1.24,730,43683,0,10,0,79.32,0.0,48,2.34,87,0,43254,0.0,208,3566,0,0.0,1.82,0.0,118,567,Nacoes Shopping,NS
2026-02-24 00:00:00,42,103,10,0,0.0,1.23,105,6869,2,0,0,11.38,0.0,3,1.76,18,0,6825,0.0,30,622,0,0.0,1.66,0.0,26,117,Nacoes Shopping,NS
2026-02-19 00:00:00,76,169,22,0,0.0,1.28,169,10159,0,2,0,15.54,0.0,7,1.71,33,0,10070,0.0,52,878,0,0.0,1.53,0.0,48,178,Nacoes Shopping,NS
2026-02-14 00:00:00,129,268,19,0,0.0,1.51,281,10271,1,4,0,18.04,0.0,13,2.09,52,0,10200,0.0,93,1321,2,0.0,1.76,0.0,73,296,Nacoes Shopping,NS
2026-02-09 00:00:00,123,253,34,0,0.0,1.58,251,9109,0,4,0,18.45,0.0,18,1.9,55,0,9019,0.0,82,1256,1,0.0,2.03,0.0,84,299,Nacoes Shopping,NS
2026-03-06 00:00:00,0,0,0,0,0.0,0.0,0,0,0,0,0,0.0,0.0,0,0.0,0,0,0,0.0,0,0,0,0.0,0.0,0.0,0,0,Nacoes Shopping,NS
2026-03-04 00:00:00,0,0,0,0,0.0,0.0,0,0,0,0,0,0.0,0.0,0,0.0,0,0,0,0.0,0,0,0,0.0,0.0,0.0,0,0,Nacoes Shopping,NS
2026-02-27 00:00:00,0,0,0,0,0.0,0.0,0,0,0,0,0,0.0,0.0,0,0.0,0,0,0,0.0,0,0,0,0.0,0.0,0.0,0,0,Nacoes Shopping,NS
2026-02-22 00:00:00,72,164,11,0,0.0,1.36,172,7699,0,3,0,13.25,0.0,11,1.74,25,0,7620,0.0,63,828,0,0.0,1.72,0.0,40,181,Nacoes Shopping,NS
2026-02-17 00:00:00,88,219,17,0,0.0,1.37,223,11534,0,3,0,17.24,0.0,9,2.02,34,0,11440,0.0,72,1084,0,0.0,1.49,0.0,51,215,Nacoes Shopping,NS
2026-02-12 00:00:00,107,213,28,0,0.0,1.27,217,11286,0,5,0,18.0,0.0,12,1.73,37,0,11152,0.0,64,1025,0,0.0,1.59,0.0,58,242,Nacoes Shopping,NS
2026-02-07 00:00:00,210,604,57,0,0.0,1.45,608,32928,0,5,0,63.57,0.0,30,2.43,85,0,32582,0.0,177,2992,1,0.0,1.93,0.0,127,549,Nacoes Shopping,NS
2026-03-09 00:00:00,0,0,0,0,0.0,0.0,0,0,0,0,0,0.0,0.0,0,0.0,0,0,0,0.0,0,0,0,0.0,0.0,0.0,0,0,Nacoes Shopping,NS
