stat_time_day,platform,spend,conversion,ctr,conversion_rate,cpm,cost_per_conversion,clicks,impressions,cpc,shopping,shopping_sigla
2025-08-30 00:00:00,ANDROID,31.72,0,0.0,0.0,2.22,0.0,0,14317,0.0,Nacoes Shopping,NS
2025-08-30 00:00:00,IPHONE,21.52,0,0.0,0.0,2.3,0.0,0,9352,0.0,Nacoes Shopping,NS
2025-08-30 00:00:00,IPAD,0.0,0,0.0,0.0,0.0,0.0,0,22,0.0,Nacoes Shopping,NS
2025-08-30 00:00:00,WAP,0.0,0,0.0,0.0,0.0,0.0,0,0,0.0,Nacoes Shopping,NS
2025-08-31 00:00:00,ANDROID,26.75,0,0.0,0.0,2.15,0.0,0,12434,0.0,Nacoes Shopping,NS
2025-08-31 00:00:00,IPHONE,18.82,0,0.0,0.0,2.27,0.0,0,8305,0.0,Nacoes Shopping,NS
2025-08-31 00:00:00,IPAD,0.0,0,0.0,0.0,0.0,0.0,0,13,0.0,Nacoes Shopping,NS
2025-09-01 00:00:00,ANDROID,23.25,0,0.0,0.0,1.9,0.0,0,12217,0.0,Nacoes Shopping,NS
2025-09-01 00:00:00,IPHONE,18.71,0,0.0,0.0,2.08,0.0,0,8984,0.0,Nacoes Shopping,NS
2025-09-01 00:00:00,IPAD,0.07,0,0.0,0.0,2.69,0.0,0,26,0.0,Nacoes Shopping,NS
2025-09-02 00:00:00,ANDROID,26.25,0,0.0,0.0,2.14,0.0,0,12261,0.0,Nacoes Shopping,NS
2025-09-02 00:00:00,IPHONE,15.66,0,0.0,0.0,2.03,0.0,0,7705,0.0,Nacoes Shopping,NS
2025-09-02 00:00:00,IPAD,0.07,0,0.0,0.0,2.0,0.0,0,35,0.0,Nacoes Shopping,NS
2025-09-03 00:00:00,ANDROID,28.3,0,0.0,0.0,2.29,0.0,0,12375,0.0,Nacoes Shopping,NS
2025-09-03 00:00:00,IPHONE,14.06,0,0.0,0.0,2.31,0.0,0,6081,0.0,Nacoes Shopping,NS
2025-09-03 00:00:00,IPAD,0.01,0,0.0,0.0,0.53,0.0,0,19,0.0,Nacoes Shopping,NS
2025-09-03 00:00:00,WAP,0.0,0,0.0,0.0,0.0,0.0,0,0,0.0,Nacoes Shopping,NS
2025-09-04 00:00:00,UNKNOWN,0.02,0,0.0,0.0,0.0,0.0,0,0,0.0,Nacoes Shopping,NS
2025-09-04 00:00:00,ANDROID,28.71,0,0.0,0.0,2.44,0.0,0,11751,0.0,Nacoes Shopping,NS
2025-09-04 00:00:00,IPHONE,14.37,0,0.0,0.0,2.54,0.0,0,5651,0.0,Nacoes Shopping,NS
2025-09-04 00:00:00,IPAD,0.03,0,0.0,0.0,1.58,0.0,0,19,0.0,Nacoes Shopping,NS
2025-09-04 00:00:00,WAP,0.0,0,0.0,0.0,0.0,0.0,0,0,0.0,Nacoes Shopping,NS
2025-09-05 00:00:00,ANDROID,28.92,0,0.0,0.0,2.22,0.0,0,12998,0.0,Nacoes Shopping,NS
2025-09-05 00:00:00,IPHONE,15.8,0,0.0,0.0,2.19,0.0,0,7211,0.0,Nacoes Shopping,NS
2025-09-05 00:00:00,IPAD,0.07,0,0.0,0.0,3.04,0.0,0,23,0.0,Nacoes Shopping,NS
2025-09-06 00:00:00,ANDROID,26.41,0,0.0,0.0,2.22,0.0,0,11920,0.0,Nacoes Shopping,NS
2025-09-06 00:00:00,IPHONE,15.49,0,0.0,0.0,2.1,0.0,0,7379,0.0,Nacoes Shopping,NS
2025-09-06 00:00:00,IPAD,0.06,0,0.0,0.0,2.61,0.0,0,23,0.0,Nacoes Shopping,NS
2025-09-07 00:00:00,ANDROID,27.27,0,0.0,0.0,2.32,0.0,0,11770,0.0,Nacoes Shopping,NS
2025-09-07 00:00:00,IPHONE,14.71,0,0.0,0.0,2.07,0.0,0,7090,0.0,Nacoes Shopping,NS
2025-09-07 00:00:00,IPAD,0.02,0,0.0,0.0,0.95,0.0,0,21,0.0,Nacoes Shopping,NS
2025-09-08 00:00:00,ANDROID,24.65,0,0.0,0.0,2.25,0.0,0,10935,0.0,Nacoes Shopping,NS
2025-09-08 00:00:00,IPHONE,16.19,0,0.0,0.0,2.24,0.0,0,7240,0.0,Nacoes Shopping,NS
2025-09-08 00:00:00,IPAD,0.05,0,0.0,0.0,2.17,0.0,0,23,0.0,Nacoes Shopping,NS
2025-09-09 00:00:00,ANDROID,32.72,0,0.0,0.0,2.3,0.0,0,14240,0.0,Nacoes Shopping,NS
2025-09-09 00:00:00,IPHONE,23.89,0,0.0,0.0,2.37,0.0,0,10065,0.0,Nacoes Shopping,NS
2025-09-09 00:00:00,IPAD,0.07,0,0.0,0.0,3.18,0.0,0,22,0.0,Nacoes Shopping,NS
2025-09-10 00:00:00,ANDROID,42.83,0,0.0,0.0,2.47,0.0,0,17363,0.0,Nacoes Shopping,NS
2025-09-10 00:00:00,IPHONE,33.79,0,0.0,0.0,2.63,0.0,0,12852,0.0,Nacoes Shopping,NS
2025-09-10 00:00:00,IPAD,0.1,0,0.0,0.0,3.33,0.0,0,30,0.0,Nacoes Shopping,NS
2025-09-11 00:00:00,ANDROID,43.12,0,0.0,0.0,2.59,0.0,0,16640,0.0,Nacoes Shopping,NS
2025-09-11 00:00:00,IPHONE,34.18,0,0.0,0.0,2.81,0.0,0,12183,0.0,Nacoes Shopping,NS
2025-09-11 00:00:00,IPAD,0.14,0,0.0,0.0,3.5,0.0,0,40,0.0,Nacoes Shopping,NS
2025-09-12 00:00:00,ANDROID,43.79,0,0.0,0.0,2.75,0.0,0,15905,0.0,Nacoes Shopping,NS
2025-09-12 00:00:00,IPHONE,32.32,0,0.0,0.0,2.83,0.0,0,11415,0.0,Nacoes Shopping,NS
2025-09-12 00:00:00,IPAD,0.06,0,0.0,0.0,1.5,0.0,0,40,0.0,Nacoes Shopping,NS
2025-09-13 00:00:00,ANDROID,17.66,0,0.0,0.0,2.95,0.0,0,5979,0.0,Nacoes Shopping,NS
2025-09-13 00:00:00,IPHONE,12.48,0,0.0,0.0,2.91,0.0,0,4286,0.0,Nacoes Shopping,NS
2025-09-13 00:00:00,IPAD,0.03,0,0.0,0.0,3.0,0.0,0,10,0.0,Nacoes Shopping,NS
2025-09-14 00:00:00,ANDROID,0.0,0,0.0,0.0,0.0,0.0,0,0,0.0,Nacoes Shopping,NS
2025-09-14 00:00:00,IPHONE,0.0,0,0.0,0.0,0.0,0.0,0,0,0.0,Nacoes Shopping,NS
2025-09-15 00:00:00,ANDROID,0.0,0,0.0,0.0,0.0,0.0,0,0,0.0,Nacoes Shopping,NS
2025-09-16 00:00:00,ANDROID,0.0,0,0.0,0.0,0.0,0.0,0,0,0.0,Nacoes Shopping,NS
2025-09-17 00:00:00,ANDROID,0.0,0,0.0,0.0,0.0,0.0,0,0,0.0,Nacoes Shopping,NS
2025-09-18 00:00:00,ANDROID,0.0,0,0.0,0.0,0.0,0.0,0,0,0.0,Nacoes Shopping,NS
2025-09-26 00:00:00,ANDROID,11.84,0,0.0,0.0,2.33,0.0,0,5083,0.0,Nacoes Shopping,NS
2025-09-26 00:00:00,IPHONE,8.28,0,0.0,0.0,2.23,0.0,0,3709,0.0,Nacoes Shopping,NS
2025-09-26 00:00:00,IPAD,0.03,0,0.0,0.0,4.29,0.0,0,7,0.0,Nacoes Shopping,NS
2025-09-27 00:00:00,ANDROID,24.48,0,0.0,0.0,2.41,0.0,0,10159,0.0,Nacoes Shopping,NS
2025-09-27 00:00:00,IPHONE,17.8,0,0.0,0.0,2.44,0.0,0,7302,0.0,Nacoes Shopping,NS
2025-09-27 00:00:00,IPAD,0.01,0,0.0,0.0,1.67,0.0,0,6,0.0,Nacoes Shopping,NS
2025-09-28 00:00:00,ANDROID,24.44,0,0.0,0.0,2.3,0.0,0,10632,0.0,Nacoes Shopping,NS
2025-09-28 00:00:00,IPHONE,18.31,0,0.0,0.0,2.4,0.0,0,7633,0.0,Nacoes Shopping,NS
2025-09-28 00:00:00,IPAD,0.03,0,0.0,0.0,1.88,0.0,0,16,0.0,Nacoes Shopping,NS
2025-09-29 00:00:00,ANDROID,25.51,0,0.0,0.0,2.51,0.0,0,10179,0.0,Nacoes Shopping,NS
2025-09-29 00:00:00,IPHONE,16.99,0,0.0,0.0,2.46,0.0,0,6903,0.0,Nacoes Shopping,NS
2025-09-29 00:00:00,IPAD,0.04,0,0.0,0.0,2.0,0.0,0,20,0.0,Nacoes Shopping,NS
2025-09-30 00:00:00,UNKNOWN,0.01,0,0.0,0.0,0.0,0.0,0,0,0.0,Nacoes Shopping,NS
2025-09-30 00:00:00,ANDROID,25.98,0,0.0,0.0,2.51,0.0,0,10364,0.0,Nacoes Shopping,NS
2025-09-30 00:00:00,IPHONE,15.54,0,0.0,0.0,2.5,0.0,0,6204,0.0,Nacoes Shopping,NS
2025-09-30 00:00:00,IPAD,0.03,0,0.0,0.0,1.88,0.0,0,16,0.0,Nacoes Shopping,NS
2025-10-01 00:00:00,UNKNOWN,0.01,0,0.0,0.0,0.0,0.0,0,0,0.0,Nacoes Shopping,NS
2025-10-01 00:00:00,ANDROID,20.9,0,0.0,0.0,2.02,0.0,0,10365,0.0,Nacoes Shopping,NS
2025-10-01 00:00:00,IPHONE,19.24,0,0.0,0.0,2.2,0.0,0,8731,0.0,Nacoes Shopping,NS
2025-10-01 00:00:00,IPAD,0.04,0,0.0,0.0,1.6,0.0,0,25,0.0,Nacoes Shopping,NS
2025-10-02 00:00:00,UNKNOWN,0.01,0,0.0,0.0,0.0,0.0,0,0,0.0,Nacoes Shopping,NS
2025-10-02 00:00:00,ANDROID,23.18,0,0.0,0.0,2.12,0.0,0,10956,0.0,Nacoes Shopping,NS
2025-10-02 00:00:00,IPHONE,17.53,0,0.0,0.0,2.27,0.0,0,7715,0.0,Nacoes Shopping,NS
2025-10-02 00:00:00,IPAD,0.03,0,0.0,0.0,2.0,0.0,0,15,0.0,Nacoes Shopping,NS
2025-10-03 00:00:00,ANDROID,24.13,0,0.0,0.0,2.13,0.0,0,11305,0.0,Nacoes Shopping,NS
2025-10-03 00:00:00,IPHONE,16.69,0,0.0,0.0,2.08,0.0,0,8029,0.0,Nacoes Shopping,NS
2025-10-03 00:00:00,IPAD,0.01,0,0.0,0.0,1.67,0.0,0,6,0.0,Nacoes Shopping,NS
2025-10-04 00:00:00,ANDROID,22.1,0,0.0,0.0,2.05,0.0,0,10799,0.0,Nacoes Shopping,NS
2025-10-04 00:00:00,IPHONE,16.37,0,0.0,0.0,1.92,0.0,0,8537,0.0,Nacoes Shopping,NS
2025-10-04 00:00:00,IPAD,0.0,0,0.0,0.0,0.0,0.0,0,6,0.0,Nacoes Shopping,NS
2025-10-05 00:00:00,ANDROID,21.17,0,0.0,0.0,1.96,0.0,0,10803,0.0,Nacoes Shopping,NS
2025-10-05 00:00:00,IPHONE,16.33,0,0.0,0.0,1.94,0.0,0,8421,0.0,Nacoes Shopping,NS
2025-10-05 00:00:00,IPAD,0.01,0,0.0,0.0,0.77,0.0,0,13,0.0,Nacoes Shopping,NS
2025-10-06 00:00:00,ANDROID,22.15,0,0.0,0.0,2.1,0.0,0,10535,0.0,Nacoes Shopping,NS
2025-10-06 00:00:00,IPHONE,15.22,0,0.0,0.0,2.06,0.0,0,7379,0.0,Nacoes Shopping,NS
2025-10-06 00:00:00,IPAD,0.02,0,0.0,0.0,1.67,0.0,0,12,0.0,Nacoes Shopping,NS
2025-10-07 00:00:00,UNKNOWN,0.02,0,0.0,0.0,0.0,0.0,0,0,0.0,Nacoes Shopping,NS
2025-10-07 00:00:00,ANDROID,23.44,0,0.0,0.0,2.27,0.0,0,10341,0.0,Nacoes Shopping,NS
2025-10-07 00:00:00,IPHONE,14.52,0,0.0,0.0,2.16,0.0,0,6712,0.0,Nacoes Shopping,NS
2025-10-07 00:00:00,IPAD,0.03,0,0.0,0.0,2.0,0.0,0,15,0.0,Nacoes Shopping,NS
2025-10-08 00:00:00,ANDROID,22.46,0,0.0,0.0,2.31,0.0,0,9723,0.0,Nacoes Shopping,NS
2025-10-08 00:00:00,IPHONE,14.81,0,0.0,0.0,2.36,0.0,0,6263,0.0,Nacoes Shopping,NS
2025-10-08 00:00:00,IPAD,0.02,0,0.0,0.0,2.22,0.0,0,9,0.0,Nacoes Shopping,NS
2025-10-09 00:00:00,UNKNOWN,0.01,0,0.0,0.0,0.0,0.0,0,0,0.0,Nacoes Shopping,NS
2025-10-09 00:00:00,ANDROID,21.18,0,0.0,0.0,2.27,0.0,0,9328,0.0,Nacoes Shopping,NS
2025-10-09 00:00:00,IPHONE,15.53,0,0.0,0.0,2.34,0.0,0,6626,0.0,Nacoes Shopping,NS
2025-10-09 00:00:00,IPAD,0.04,0,0.0,0.0,3.33,0.0,0,12,0.0,Nacoes Shopping,NS
2025-10-10 00:00:00,ANDROID,21.31,0,0.0,0.0,2.13,0.0,0,10019,0.0,Nacoes Shopping,NS
2025-10-10 00:00:00,IPHONE,16.23,0,0.0,0.0,2.16,0.0,0,7531,0.0,Nacoes Shopping,NS
2025-10-10 00:00:00,IPAD,0.04,0,0.0,0.0,2.5,0.0,0,16,0.0,Nacoes Shopping,NS
2025-10-11 00:00:00,ANDROID,19.5,0,0.0,0.0,2.07,0.0,0,9437,0.0,Nacoes Shopping,NS
2025-10-11 00:00:00,IPHONE,15.15,0,0.0,0.0,1.98,0.0,0,7650,0.0,Nacoes Shopping,NS
2025-10-11 00:00:00,IPAD,0.07,0,0.0,0.0,5.0,0.0,0,14,0.0,Nacoes Shopping,NS
2025-10-12 00:00:00,ANDROID,18.81,0,0.0,0.0,2.0,0.0,0,9399,0.0,Nacoes Shopping,NS
2025-10-12 00:00:00,IPHONE,16.02,0,0.0,0.0,1.95,0.0,0,8222,0.0,Nacoes Shopping,NS
2025-10-12 00:00:00,IPAD,0.03,0,0.0,0.0,2.0,0.0,0,15,0.0,Nacoes Shopping,NS
2025-10-13 00:00:00,ANDROID,19.07,0,0.0,0.0,2.13,0.0,0,8936,0.0,Nacoes Shopping,NS
2025-10-13 00:00:00,IPHONE,14.91,0,0.0,0.0,2.06,0.0,0,7227,0.0,Nacoes Shopping,NS
2025-10-13 00:00:00,IPAD,0.0,0,0.0,0.0,0.0,0.0,0,11,0.0,Nacoes Shopping,NS
2025-10-14 00:00:00,ANDROID,19.55,0,0.0,0.0,2.2,0.0,0,8874,0.0,Nacoes Shopping,NS
2025-10-14 00:00:00,IPHONE,14.37,0,0.0,0.0,2.26,0.0,0,6349,0.0,Nacoes Shopping,NS
2025-10-14 00:00:00,IPAD,0.02,0,0.0,0.0,1.54,0.0,0,13,0.0,Nacoes Shopping,NS
2025-10-15 00:00:00,ANDROID,19.88,0,0.0,0.0,2.4,0.0,0,8297,0.0,Nacoes Shopping,NS
2025-10-15 00:00:00,IPHONE,12.8,0,0.0,0.0,2.29,0.0,0,5594,0.0,Nacoes Shopping,NS
2025-10-15 00:00:00,IPAD,0.02,0,0.0,0.0,0.65,0.0,0,31,0.0,Nacoes Shopping,NS
2025-10-16 00:00:00,UNKNOWN,0.02,0,0.0,0.0,0.0,0.0,0,0,0.0,Nacoes Shopping,NS
2025-10-16 00:00:00,ANDROID,19.67,0,0.0,0.0,2.4,0.0,0,8187,0.0,Nacoes Shopping,NS
2025-10-16 00:00:00,IPHONE,13.4,0,0.0,0.0,2.35,0.0,0,5699,0.0,Nacoes Shopping,NS
2025-10-16 00:00:00,IPAD,0.05,0,0.0,0.0,1.72,0.0,0,29,0.0,Nacoes Shopping,NS
2025-10-17 00:00:00,ANDROID,19.28,0,0.0,0.0,2.33,0.0,0,8277,0.0,Nacoes Shopping,NS
2025-10-17 00:00:00,IPHONE,14.29,0,0.0,0.0,2.25,0.0,0,6355,0.0,Nacoes Shopping,NS
2025-10-17 00:00:00,IPAD,0.02,0,0.0,0.0,1.67,0.0,0,12,0.0,Nacoes Shopping,NS
2025-10-18 00:00:00,ANDROID,16.81,0,0.0,0.0,2.12,0.0,0,7911,0.0,Nacoes Shopping,NS
2025-10-18 00:00:00,IPHONE,14.1,0,0.0,0.0,2.14,0.0,0,6591,0.0,Nacoes Shopping,NS
2025-10-18 00:00:00,IPAD,0.03,0,0.0,0.0,2.14,0.0,0,14,0.0,Nacoes Shopping,NS
2025-10-19 00:00:00,ANDROID,16.76,0,0.0,0.0,2.22,0.0,0,7541,0.0,Nacoes Shopping,NS
2025-10-19 00:00:00,IPHONE,12.59,0,0.0,0.0,2.02,0.0,0,6245,0.0,Nacoes Shopping,NS
2025-10-19 00:00:00,IPAD,0.0,0,0.0,0.0,0.0,0.0,0,11,0.0,Nacoes Shopping,NS
2025-10-20 00:00:00,ANDROID,16.64,0,0.0,0.0,2.28,0.0,0,7283,0.0,Nacoes Shopping,NS
2025-10-20 00:00:00,IPHONE,11.88,0,0.0,0.0,2.18,0.0,0,5446,0.0,Nacoes Shopping,NS
2025-10-20 00:00:00,IPAD,0.02,0,0.0,0.0,2.5,0.0,0,8,0.0,Nacoes Shopping,NS
2025-10-21 00:00:00,UNKNOWN,0.01,0,0.0,0.0,0.0,0.0,0,0,0.0,Nacoes Shopping,NS
2025-10-21 00:00:00,ANDROID,16.27,0,0.0,0.0,2.48,0.0,0,6559,0.0,Nacoes Shopping,NS
2025-10-21 00:00:00,IPHONE,10.87,0,0.0,0.0,2.43,0.0,0,4470,0.0,Nacoes Shopping,NS
2025-10-21 00:00:00,IPAD,0.03,0,0.0,0.0,3.0,0.0,0,10,0.0,Nacoes Shopping,NS
2025-10-22 00:00:00,ANDROID,16.31,0,0.0,0.0,2.65,0.0,0,6145,0.0,Nacoes Shopping,NS
2025-10-22 00:00:00,IPHONE,8.9,0,0.0,0.0,2.5,0.0,0,3564,0.0,Nacoes Shopping,NS
2025-10-22 00:00:00,IPAD,0.03,0,0.0,0.0,2.31,0.0,0,13,0.0,Nacoes Shopping,NS
2025-10-23 00:00:00,UNKNOWN,0.01,0,0.0,0.0,0.0,0.0,0,0,0.0,Nacoes Shopping,NS
2025-10-23 00:00:00,ANDROID,14.72,0,0.0,0.0,2.61,0.0,0,5648,0.0,Nacoes Shopping,NS
2025-10-23 00:00:00,IPHONE,8.18,0,0.0,0.0,2.45,0.0,0,3340,0.0,Nacoes Shopping,NS
2025-10-23 00:00:00,IPAD,0.04,0,0.0,0.0,5.71,0.0,0,7,0.0,Nacoes Shopping,NS
2025-10-24 00:00:00,ANDROID,8.85,0,0.0,0.0,2.46,0.0,0,3594,0.0,Nacoes Shopping,NS
2025-10-24 00:00:00,IPHONE,5.06,0,0.0,0.0,2.19,0.0,0,2310,0.0,Nacoes Shopping,NS
2025-10-24 00:00:00,IPAD,0.02,0,0.0,0.0,3.33,0.0,0,6,0.0,Nacoes Shopping,NS
2025-10-25 00:00:00,ANDROID,5.08,0,0.0,0.0,2.37,0.0,0,2144,0.0,Nacoes Shopping,NS
2025-10-25 00:00:00,IPHONE,3.75,0,0.0,0.0,2.02,0.0,0,1854,0.0,Nacoes Shopping,NS
2025-10-25 00:00:00,IPAD,0.01,0,0.0,0.0,1.43,0.0,0,7,0.0,Nacoes Shopping,NS
2025-10-26 00:00:00,ANDROID,0.93,0,0.0,0.0,2.0,0.0,0,466,0.0,Nacoes Shopping,NS
2025-10-26 00:00:00,IPHONE,0.69,0,0.0,0.0,1.93,0.0,0,358,0.0,Nacoes Shopping,NS
2025-10-26 00:00:00,IPAD,0.01,0,0.0,0.0,10.0,0.0,0,1,0.0,Nacoes Shopping,NS
2025-10-27 00:00:00,ANDROID,0.0,0,0.0,0.0,0.0,0.0,0,0,0.0,Nacoes Shopping,NS
2025-10-30 00:00:00,ANDROID,28.08,0,0.03,0.0,3.18,0.0,3,8827,9.36,Nacoes Shopping,NS
2025-10-30 00:00:00,IPHONE,10.83,0,0.05,0.0,2.46,0.0,2,4410,5.42,Nacoes Shopping,NS
2025-10-30 00:00:00,IPAD,0.07,0,0.0,0.0,3.89,0.0,0,18,0.0,Nacoes Shopping,NS
2025-10-31 00:00:00,ANDROID,50.92,0,0.03,0.0,3.2,0.0,4,15930,12.73,Nacoes Shopping,NS
2025-10-31 00:00:00,IPHONE,26.53,0,0.04,0.0,2.75,0.0,4,9641,6.63,Nacoes Shopping,NS
2025-10-31 00:00:00,IPAD,0.19,0,2.13,0.0,4.04,0.0,1,47,0.19,Nacoes Shopping,NS
2025-11-01 00:00:00,ANDROID,46.56,0,0.06,0.0,2.68,0.0,11,17392,4.23,Nacoes Shopping,NS
2025-11-01 00:00:00,IPHONE,27.52,0,0.03,0.0,2.39,0.0,4,11535,6.88,Nacoes Shopping,NS
2025-11-01 00:00:00,IPAD,0.2,0,0.0,0.0,3.57,0.0,0,56,0.0,Nacoes Shopping,NS
2025-11-02 00:00:00,ANDROID,44.43,0,0.08,0.0,2.7,0.0,13,16465,3.42,Nacoes Shopping,NS
2025-11-02 00:00:00,IPHONE,24.26,0,0.07,0.0,2.16,0.0,8,11251,3.03,Nacoes Shopping,NS
2025-11-02 00:00:00,IPAD,0.12,0,0.0,0.0,2.67,0.0,0,45,0.0,Nacoes Shopping,NS
2025-11-03 00:00:00,ANDROID,45.65,0,0.02,0.0,2.83,0.0,3,16125,15.22,Nacoes Shopping,NS
2025-11-03 00:00:00,IPHONE,21.75,0,0.04,0.0,2.26,0.0,4,9604,5.44,Nacoes Shopping,NS
2025-11-03 00:00:00,IPAD,0.13,0,0.0,0.0,3.1,0.0,0,42,0.0,Nacoes Shopping,NS
2025-11-04 00:00:00,UNKNOWN,0.01,0,0.0,0.0,0.0,0.0,0,0,0.0,Nacoes Shopping,NS
2025-11-04 00:00:00,ANDROID,46.15,0,0.03,0.0,2.75,0.0,5,16799,9.23,Nacoes Shopping,NS
2025-11-04 00:00:00,IPHONE,22.88,0,0.05,0.0,2.29,0.0,5,9991,4.58,Nacoes Shopping,NS
2025-11-04 00:00:00,IPAD,0.27,0,0.0,0.0,4.03,0.0,0,67,0.0,Nacoes Shopping,NS
2025-11-05 00:00:00,ANDROID,43.63,0,0.05,0.0,2.79,0.0,8,15633,5.45,Nacoes Shopping,NS
2025-11-05 00:00:00,IPHONE,24.13,0,0.07,0.0,2.52,0.0,7,9570,3.45,Nacoes Shopping,NS
2025-11-05 00:00:00,IPAD,0.07,0,3.13,0.0,2.19,0.0,1,32,0.07,Nacoes Shopping,NS
2025-11-06 00:00:00,UNKNOWN,0.01,0,0.0,0.0,0.0,0.0,0,0,0.0,Nacoes Shopping,NS
2025-11-06 00:00:00,ANDROID,42.59,0,0.03,0.0,3.04,0.0,4,13998,10.65,Nacoes Shopping,NS
2025-11-06 00:00:00,IPHONE,22.49,0,0.08,0.0,2.54,0.0,7,8868,3.21,Nacoes Shopping,NS
2025-11-06 00:00:00,IPAD,0.15,0,0.0,0.0,3.06,0.0,0,49,0.0,Nacoes Shopping,NS
2025-11-07 00:00:00,ANDROID,38.81,0,0.03,0.0,3.08,0.0,4,12597,9.7,Nacoes Shopping,NS
2025-11-07 00:00:00,IPHONE,21.0,0,0.05,0.0,2.68,0.0,4,7840,5.25,Nacoes Shopping,NS
2025-11-07 00:00:00,IPAD,0.09,0,0.0,0.0,2.25,0.0,0,40,0.0,Nacoes Shopping,NS
2025-11-08 00:00:00,ANDROID,28.21,0,0.1,0.0,2.73,0.0,10,10349,2.82,Nacoes Shopping,NS
2025-11-08 00:00:00,IPHONE,17.88,0,0.07,0.0,2.38,0.0,5,7510,3.58,Nacoes Shopping,NS
2025-11-08 00:00:00,IPAD,0.07,0,0.0,0.0,2.69,0.0,0,26,0.0,Nacoes Shopping,NS
2025-11-09 00:00:00,ANDROID,24.52,0,0.0,0.0,2.83,0.0,0,8662,0.0,Nacoes Shopping,NS
2025-11-09 00:00:00,IPHONE,15.62,0,0.08,0.0,2.45,0.0,5,6384,3.12,Nacoes Shopping,NS
2025-11-09 00:00:00,IPAD,0.05,0,0.0,0.0,2.0,0.0,0,25,0.0,Nacoes Shopping,NS
2025-11-10 00:00:00,ANDROID,26.16,0,0.06,0.0,3.06,0.0,5,8552,5.23,Nacoes Shopping,NS
2025-11-10 00:00:00,IPHONE,15.23,0,0.07,0.0,2.49,0.0,4,6116,3.81,Nacoes Shopping,NS
2025-11-10 00:00:00,IPAD,0.09,0,0.0,0.0,7.5,0.0,0,12,0.0,Nacoes Shopping,NS
2025-11-11 00:00:00,UNKNOWN,0.0,0,0.0,0.0,0.0,0.0,0,0,0.0,Nacoes Shopping,NS
2025-11-11 00:00:00,ANDROID,71.17,0,5.62,0.0,4.6,0.0,868,15458,0.08,Nacoes Shopping,NS
2025-11-11 00:00:00,IPHONE,14.74,0,0.16,0.0,3.36,0.0,7,4386,2.11,Nacoes Shopping,NS
2025-11-11 00:00:00,IPAD,0.27,0,0.0,0.0,15.0,0.0,0,18,0.0,Nacoes Shopping,NS
2025-11-12 00:00:00,UNKNOWN,0.0,0,0.0,0.0,0.0,0.0,0,0,0.0,Nacoes Shopping,NS
2025-11-12 00:00:00,ANDROID,65.84,0,6.37,0.0,4.53,0.0,926,14540,0.07,Nacoes Shopping,NS
2025-11-12 00:00:00,IPHONE,14.42,0,0.26,0.0,3.39,0.0,11,4250,1.31,Nacoes Shopping,NS
2025-11-12 00:00:00,IPAD,0.05,0,0.0,0.0,4.55,0.0,0,11,0.0,Nacoes Shopping,NS
2025-11-13 00:00:00,UNKNOWN,0.0,0,0.0,0.0,0.0,0.0,0,0,0.0,Nacoes Shopping,NS
2025-11-13 00:00:00,ANDROID,74.2,0,8.41,0.0,5.12,0.0,1218,14482,0.06,Nacoes Shopping,NS
2025-11-13 00:00:00,IPHONE,13.52,0,0.23,0.0,3.52,0.0,9,3846,1.5,Nacoes Shopping,NS
2025-11-13 00:00:00,IPAD,0.05,0,0.0,0.0,3.13,0.0,0,16,0.0,Nacoes Shopping,NS
2025-11-14 00:00:00,UNKNOWN,0.01,0,0.0,0.0,0.0,0.0,0,0,0.0,Nacoes Shopping,NS
2025-11-14 00:00:00,ANDROID,77.91,0,9.96,0.0,5.84,0.0,1330,13351,0.06,Nacoes Shopping,NS
2025-11-14 00:00:00,IPHONE,12.44,0,0.11,0.0,3.46,0.0,4,3599,3.11,Nacoes Shopping,NS
2025-11-14 00:00:00,IPAD,0.03,0,0.0,0.0,4.29,0.0,0,7,0.0,Nacoes Shopping,NS
2025-11-15 00:00:00,UNKNOWN,0.0,0,0.0,0.0,0.0,0.0,0,1,0.0,Nacoes Shopping,NS
2025-11-15 00:00:00,ANDROID,60.02,0,5.85,0.0,4.74,0.0,742,12675,0.08,Nacoes Shopping,NS
2025-11-15 00:00:00,IPHONE,17.01,0,0.33,0.0,4.03,0.0,14,4220,1.22,Nacoes Shopping,NS
2025-11-15 00:00:00,IPAD,0.04,0,0.0,0.0,1.6,0.0,0,25,0.0,Nacoes Shopping,NS
2025-11-16 00:00:00,UNKNOWN,0.0,0,0.0,0.0,0.0,0.0,0,0,0.0,Nacoes Shopping,NS
2025-11-16 00:00:00,ANDROID,65.3,0,8.08,0.0,5.03,0.0,1050,12990,0.06,Nacoes Shopping,NS
2025-11-16 00:00:00,IPHONE,15.47,0,0.21,0.0,4.03,0.0,8,3839,1.93,Nacoes Shopping,NS
2025-11-16 00:00:00,IPAD,0.02,0,0.0,0.0,1.25,0.0,0,16,0.0,Nacoes Shopping,NS
2025-11-17 00:00:00,UNKNOWN,0.01,0,0.0,0.0,0.0,0.0,0,0,0.0,Nacoes Shopping,NS
2025-11-17 00:00:00,ANDROID,64.25,0,8.31,0.0,5.18,0.0,1032,12412,0.06,Nacoes Shopping,NS
2025-11-17 00:00:00,IPHONE,12.96,0,0.14,0.0,3.55,0.0,5,3651,2.59,Nacoes Shopping,NS
2025-11-17 00:00:00,IPAD,0.01,0,0.0,0.0,1.25,0.0,0,8,0.0,Nacoes Shopping,NS
2025-11-18 00:00:00,UNKNOWN,0.0,0,0.0,0.0,0.0,0.0,0,1,0.0,Nacoes Shopping,NS
2025-11-18 00:00:00,ANDROID,60.16,0,5.74,0.0,5.66,0.0,610,10623,0.1,Nacoes Shopping,NS
2025-11-18 00:00:00,IPHONE,13.76,0,0.31,0.0,3.08,0.0,14,4462,0.98,Nacoes Shopping,NS
2025-11-18 00:00:00,IPAD,0.01,0,0.0,0.0,0.71,0.0,0,14,0.0,Nacoes Shopping,NS
2025-11-19 00:00:00,UNKNOWN,0.0,0,0.0,0.0,0.0,0.0,0,0,0.0,Nacoes Shopping,NS
2025-11-19 00:00:00,ANDROID,61.67,0,8.14,0.0,5.74,0.0,874,10735,0.07,Nacoes Shopping,NS
2025-11-19 00:00:00,IPHONE,15.57,0,0.32,0.0,4.15,0.0,12,3755,1.3,Nacoes Shopping,NS
2025-11-19 00:00:00,IPAD,0.01,0,0.0,0.0,1.11,0.0,0,9,0.0,Nacoes Shopping,NS
2025-11-20 00:00:00,UNKNOWN,0.0,0,0.0,0.0,0.0,0.0,0,0,0.0,Nacoes Shopping,NS
2025-11-20 00:00:00,ANDROID,57.89,0,7.47,0.0,5.06,0.0,854,11434,0.07,Nacoes Shopping,NS
2025-11-20 00:00:00,IPHONE,16.56,0,0.41,0.0,4.27,0.0,16,3875,1.04,Nacoes Shopping,NS
2025-11-20 00:00:00,IPAD,0.04,0,0.0,0.0,3.33,0.0,0,12,0.0,Nacoes Shopping,NS
2025-11-21 00:00:00,UNKNOWN,0.0,0,0.0,0.0,0.0,0.0,0,0,0.0,Nacoes Shopping,NS
2025-11-21 00:00:00,ANDROID,53.88,0,7.0,0.0,4.6,0.0,821,11723,0.07,Nacoes Shopping,NS
2025-11-21 00:00:00,IPHONE,11.87,0,0.24,0.0,3.63,0.0,8,3271,1.48,Nacoes Shopping,NS
2025-11-21 00:00:00,IPAD,0.02,0,0.0,0.0,1.67,0.0,0,12,0.0,Nacoes Shopping,NS
2025-11-22 00:00:00,UNKNOWN,0.01,0,0.0,0.0,0.0,0.0,0,0,0.0,Nacoes Shopping,NS
2025-11-22 00:00:00,ANDROID,52.76,0,7.25,0.0,4.57,0.0,837,11548,0.06,Nacoes Shopping,NS
2025-11-22 00:00:00,IPHONE,11.58,0,0.19,0.0,3.67,0.0,6,3159,1.93,Nacoes Shopping,NS
2025-11-22 00:00:00,IPAD,0.05,0,0.0,0.0,4.55,0.0,0,11,0.0,Nacoes Shopping,NS
2025-11-23 00:00:00,UNKNOWN,0.0,0,0.0,0.0,0.0,0.0,0,0,0.0,Nacoes Shopping,NS
2025-11-23 00:00:00,ANDROID,54.16,0,6.87,0.0,4.17,0.0,893,12995,0.06,Nacoes Shopping,NS
2025-11-23 00:00:00,IPHONE,11.4,0,0.21,0.0,3.36,0.0,7,3389,1.63,Nacoes Shopping,NS
2025-11-23 00:00:00,IPAD,0.02,0,0.0,0.0,4.0,0.0,0,5,0.0,Nacoes Shopping,NS
2025-11-24 00:00:00,UNKNOWN,0.0,0,0.0,0.0,0.0,0.0,0,0,0.0,Nacoes Shopping,NS
2025-11-24 00:00:00,ANDROID,51.76,0,8.38,0.0,5.17,0.0,839,10007,0.06,Nacoes Shopping,NS
2025-11-24 00:00:00,IPHONE,10.54,0,0.37,0.0,3.59,0.0,11,2940,0.96,Nacoes Shopping,NS
2025-11-24 00:00:00,IPAD,0.02,0,0.0,0.0,2.86,0.0,0,7,0.0,Nacoes Shopping,NS
2025-11-25 00:00:00,UNKNOWN,0.0,0,0.0,0.0,0.0,0.0,0,0,0.0,Nacoes Shopping,NS
2025-11-25 00:00:00,ANDROID,78.77,0,3.9,0.0,3.93,0.0,781,20044,0.1,Nacoes Shopping,NS
2025-11-25 00:00:00,IPHONE,26.22,0,0.1,0.0,2.85,0.0,9,9216,2.91,Nacoes Shopping,NS
2025-11-25 00:00:00,IPAD,0.01,0,0.0,0.0,0.67,0.0,0,15,0.0,Nacoes Shopping,NS
2025-11-26 00:00:00,UNKNOWN,0.0,0,0.0,0.0,0.0,0.0,0,0,0.0,Nacoes Shopping,NS
2025-11-26 00:00:00,ANDROID,88.59,0,3.29,0.0,3.6,0.0,809,24612,0.11,Nacoes Shopping,NS
2025-11-26 00:00:00,IPHONE,31.92,0,0.02,0.0,2.87,0.0,2,11120,15.96,Nacoes Shopping,NS
2025-11-26 00:00:00,IPAD,0.07,0,0.0,0.0,3.68,0.0,0,19,0.0,Nacoes Shopping,NS
2025-11-27 00:00:00,UNKNOWN,0.0,0,0.0,0.0,0.0,0.0,0,0,0.0,Nacoes Shopping,NS
2025-11-27 00:00:00,ANDROID,95.56,0,2.86,0.0,3.97,0.0,690,24095,0.14,Nacoes Shopping,NS
2025-11-27 00:00:00,IPHONE,36.25,0,0.06,0.0,3.36,0.0,6,10780,6.04,Nacoes Shopping,NS
2025-11-27 00:00:00,IPAD,0.09,0,0.0,0.0,3.46,0.0,0,26,0.0,Nacoes Shopping,NS
2025-11-28 00:00:00,UNKNOWN,0.0,0,0.0,0.0,0.0,0.0,0,0,0.0,Nacoes Shopping,NS
2025-11-28 00:00:00,ANDROID,94.6,0,3.26,0.0,4.35,0.0,709,21746,0.13,Nacoes Shopping,NS
2025-11-28 00:00:00,IPHONE,31.13,0,0.08,0.0,3.6,0.0,7,8654,4.45,Nacoes Shopping,NS
2025-11-28 00:00:00,IPAD,0.15,0,0.0,0.0,5.56,0.0,0,27,0.0,Nacoes Shopping,NS
2025-11-29 00:00:00,UNKNOWN,0.0,0,0.0,0.0,0.0,0.0,0,0,0.0,Nacoes Shopping,NS
2025-11-29 00:00:00,ANDROID,94.86,0,3.75,0.0,4.06,0.0,877,23360,0.11,Nacoes Shopping,NS
2025-11-29 00:00:00,IPHONE,33.74,0,0.07,0.0,3.49,0.0,7,9656,4.82,Nacoes Shopping,NS
2025-11-29 00:00:00,IPAD,0.03,0,0.0,0.0,2.31,0.0,0,13,0.0,Nacoes Shopping,NS
2025-11-30 00:00:00,UNKNOWN,0.0,0,0.0,0.0,0.0,0.0,0,0,0.0,Nacoes Shopping,NS
2025-11-30 00:00:00,ANDROID,62.74,0,6.91,0.0,4.32,0.0,1005,14534,0.06,Nacoes Shopping,NS
2025-11-30 00:00:00,IPHONE,16.95,0,0.2,0.0,3.47,0.0,10,4887,1.7,Nacoes Shopping,NS
2025-11-30 00:00:00,IPAD,0.0,0,0.0,0.0,0.0,0.0,0,1,0.0,Nacoes Shopping,NS
2025-12-01 00:00:00,UNKNOWN,0.02,0,0.0,0.0,0.0,0.0,0,0,0.0,Nacoes Shopping,NS
2025-12-01 00:00:00,ANDROID,53.89,0,6.35,0.0,3.58,0.0,955,15036,0.06,Nacoes Shopping,NS
2025-12-01 00:00:00,IPHONE,15.18,0,0.28,0.0,3.32,0.0,13,4567,1.17,Nacoes Shopping,NS
2025-12-01 00:00:00,IPAD,0.04,0,0.0,0.0,6.67,0.0,0,6,0.0,Nacoes Shopping,NS
2025-12-02 00:00:00,UNKNOWN,0.0,0,0.0,0.0,0.0,0.0,0,0,0.0,Nacoes Shopping,NS
2025-12-02 00:00:00,ANDROID,57.97,0,6.91,0.0,3.93,0.0,1020,14759,0.06,Nacoes Shopping,NS
2025-12-02 00:00:00,IPHONE,14.74,0,0.38,0.0,2.99,0.0,19,4938,0.78,Nacoes Shopping,NS
2025-12-02 00:00:00,IPAD,0.04,0,5.56,0.0,2.22,0.0,1,18,0.04,Nacoes Shopping,NS
2025-12-03 00:00:00,UNKNOWN,0.0,0,0.0,0.0,0.0,0.0,0,0,0.0,Nacoes Shopping,NS
2025-12-03 00:00:00,ANDROID,57.42,0,5.86,0.0,3.36,0.0,1002,17095,0.06,Nacoes Shopping,NS
2025-12-03 00:00:00,IPHONE,18.83,0,0.33,0.0,2.81,0.0,22,6710,0.86,Nacoes Shopping,NS
2025-12-03 00:00:00,IPAD,0.04,0,0.0,0.0,2.67,0.0,0,15,0.0,Nacoes Shopping,NS
2025-12-04 00:00:00,UNKNOWN,0.0,0,0.0,0.0,0.0,0.0,0,0,0.0,Nacoes Shopping,NS
2025-12-04 00:00:00,ANDROID,69.44,0,4.81,0.0,3.3,0.0,1012,21044,0.07,Nacoes Shopping,NS
2025-12-04 00:00:00,IPHONE,21.67,0,0.31,0.0,2.66,0.0,25,8132,0.87,Nacoes Shopping,NS
2025-12-04 00:00:00,IPAD,0.03,0,0.0,0.0,0.94,0.0,0,32,0.0,Nacoes Shopping,NS
2025-12-05 00:00:00,UNKNOWN,0.02,0,0.0,0.0,0.0,0.0,0,0,0.0,Nacoes Shopping,NS
2025-12-05 00:00:00,ANDROID,68.31,0,4.51,0.0,3.48,0.0,886,19657,0.08,Nacoes Shopping,NS
2025-12-05 00:00:00,IPHONE,23.02,0,0.23,0.0,2.84,0.0,19,8117,1.21,Nacoes Shopping,NS
2025-12-05 00:00:00,IPAD,0.09,0,0.0,0.0,2.65,0.0,0,34,0.0,Nacoes Shopping,NS
2025-12-06 00:00:00,UNKNOWN,0.02,0,0.0,0.0,0.0,0.0,0,0,0.0,Nacoes Shopping,NS
2025-12-06 00:00:00,ANDROID,72.16,0,5.53,0.0,4.01,0.0,995,17997,0.07,Nacoes Shopping,NS
2025-12-06 00:00:00,IPHONE,25.05,0,0.29,0.0,3.13,0.0,23,8015,1.09,Nacoes Shopping,NS
2025-12-06 00:00:00,IPAD,0.04,0,0.0,0.0,1.9,0.0,0,21,0.0,Nacoes Shopping,NS
2025-12-07 00:00:00,UNKNOWN,0.0,0,0.0,0.0,0.0,0.0,0,0,0.0,Nacoes Shopping,NS
2025-12-07 00:00:00,ANDROID,67.1,0,4.54,0.0,3.74,0.0,814,17918,0.08,Nacoes Shopping,NS
2025-12-07 00:00:00,IPHONE,27.16,0,0.41,0.0,3.24,0.0,34,8382,0.8,Nacoes Shopping,NS
2025-12-07 00:00:00,IPAD,0.07,0,0.0,0.0,4.67,0.0,0,15,0.0,Nacoes Shopping,NS
2025-12-08 00:00:00,UNKNOWN,0.0,0,0.0,0.0,0.0,0.0,0,0,0.0,Nacoes Shopping,NS
2025-12-08 00:00:00,ANDROID,72.72,0,5.06,0.0,3.58,0.0,1028,20298,0.07,Nacoes Shopping,NS
2025-12-08 00:00:00,IPHONE,26.41,0,0.31,0.0,2.91,0.0,28,9076,0.94,Nacoes Shopping,NS
2025-12-08 00:00:00,IPAD,0.31,0,6.67,0.0,20.67,0.0,1,15,0.31,Nacoes Shopping,NS
2025-12-09 00:00:00,UNKNOWN,0.0,0,0.0,0.0,0.0,0.0,0,0,0.0,Nacoes Shopping,NS
2025-12-09 00:00:00,ANDROID,72.42,0,4.61,0.0,3.32,0.0,1006,21812,0.07,Nacoes Shopping,NS
2025-12-09 00:00:00,IPHONE,21.72,0,0.24,0.0,2.46,0.0,21,8840,1.03,Nacoes Shopping,NS
2025-12-09 00:00:00,IPAD,0.04,0,0.0,0.0,2.0,0.0,0,20,0.0,Nacoes Shopping,NS
2025-12-10 00:00:00,UNKNOWN,0.0,0,0.0,0.0,0.0,0.0,0,0,0.0,Nacoes Shopping,NS
2025-12-10 00:00:00,ANDROID,68.5,0,3.4,0.0,3.29,0.0,708,20793,0.1,Nacoes Shopping,NS
2025-12-10 00:00:00,IPHONE,24.93,0,0.37,0.0,2.55,0.0,36,9791,0.69,Nacoes Shopping,NS
2025-12-10 00:00:00,IPAD,0.02,0,0.0,0.0,0.65,0.0,0,31,0.0,Nacoes Shopping,NS
2025-12-11 00:00:00,UNKNOWN,0.02,0,0.0,0.0,0.0,0.0,0,0,0.0,Nacoes Shopping,NS
2025-12-11 00:00:00,ANDROID,71.97,0,3.74,0.0,3.62,0.0,744,19882,0.1,Nacoes Shopping,NS
2025-12-11 00:00:00,IPHONE,22.39,0,0.26,0.0,2.52,0.0,23,8900,0.97,Nacoes Shopping,NS
2025-12-11 00:00:00,IPAD,0.11,0,0.0,0.0,3.33,0.0,0,33,0.0,Nacoes Shopping,NS
2025-12-12 00:00:00,UNKNOWN,0.01,0,0.0,0.0,0.0,0.0,0,0,0.0,Nacoes Shopping,NS
2025-12-12 00:00:00,ANDROID,80.21,0,5.94,0.0,3.86,0.0,1236,20796,0.06,Nacoes Shopping,NS
2025-12-12 00:00:00,IPHONE,21.46,0,0.27,0.0,2.62,0.0,22,8194,0.98,Nacoes Shopping,NS
2025-12-12 00:00:00,IPAD,0.05,0,0.0,0.0,2.08,0.0,0,24,0.0,Nacoes Shopping,NS
2025-12-13 00:00:00,UNKNOWN,0.0,0,0.0,0.0,0.0,0.0,0,0,0.0,Nacoes Shopping,NS
2025-12-13 00:00:00,ANDROID,70.41,0,4.31,0.0,3.32,0.0,914,21208,0.08,Nacoes Shopping,NS
2025-12-13 00:00:00,IPHONE,22.1,0,0.26,0.0,2.52,0.0,23,8755,0.96,Nacoes Shopping,NS
2025-12-13 00:00:00,IPAD,0.03,0,0.0,0.0,1.88,0.0,0,16,0.0,Nacoes Shopping,NS
2025-12-14 00:00:00,UNKNOWN,0.0,0,0.0,0.0,0.0,0.0,0,0,0.0,Nacoes Shopping,NS
2025-12-14 00:00:00,ANDROID,71.22,0,5.27,0.0,3.35,0.0,1121,21271,0.06,Nacoes Shopping,NS
2025-12-14 00:00:00,IPHONE,21.24,0,0.22,0.0,2.29,0.0,20,9294,1.06,Nacoes Shopping,NS
2025-12-14 00:00:00,IPAD,0.11,0,5.56,0.0,6.11,0.0,1,18,0.11,Nacoes Shopping,NS
2025-12-15 00:00:00,UNKNOWN,0.0,0,0.0,0.0,0.0,0.0,0,0,0.0,Nacoes Shopping,NS
2025-12-15 00:00:00,ANDROID,66.92,0,4.51,0.0,3.22,0.0,937,20799,0.07,Nacoes Shopping,NS
2025-12-15 00:00:00,IPHONE,21.03,0,0.28,0.0,2.19,0.0,27,9582,0.78,Nacoes Shopping,NS
2025-12-15 00:00:00,IPAD,0.11,0,0.0,0.0,2.75,0.0,0,40,0.0,Nacoes Shopping,NS
2025-12-16 00:00:00,UNKNOWN,0.01,0,0.0,0.0,0.0,0.0,0,0,0.0,Nacoes Shopping,NS
2025-12-16 00:00:00,ANDROID,64.1,0,5.11,0.0,3.22,0.0,1018,19914,0.06,Nacoes Shopping,NS
2025-12-16 00:00:00,IPHONE,20.7,0,0.14,0.0,2.45,0.0,12,8436,1.73,Nacoes Shopping,NS
2025-12-16 00:00:00,IPAD,0.13,0,0.0,0.0,4.64,0.0,0,28,0.0,Nacoes Shopping,NS
2025-12-17 00:00:00,UNKNOWN,0.01,0,0.0,0.0,0.0,0.0,0,0,0.0,Nacoes Shopping,NS
2025-12-17 00:00:00,ANDROID,64.48,0,3.97,0.0,3.07,0.0,834,21033,0.08,Nacoes Shopping,NS
2025-12-17 00:00:00,IPHONE,18.98,0,0.07,0.0,2.68,0.0,5,7094,3.8,Nacoes Shopping,NS
2025-12-17 00:00:00,IPAD,0.01,0,0.0,0.0,0.77,0.0,0,13,0.0,Nacoes Shopping,NS
2025-12-18 00:00:00,UNKNOWN,0.01,0,0.0,0.0,0.0,0.0,0,0,0.0,Nacoes Shopping,NS
2025-12-18 00:00:00,ANDROID,61.66,0,4.53,0.0,3.38,0.0,827,18256,0.07,Nacoes Shopping,NS
2025-12-18 00:00:00,IPHONE,18.46,0,0.16,0.0,2.74,0.0,11,6743,1.68,Nacoes Shopping,NS
2025-12-18 00:00:00,IPAD,0.01,0,0.0,0.0,0.91,0.0,0,11,0.0,Nacoes Shopping,NS
2025-12-19 00:00:00,UNKNOWN,0.03,0,0.0,0.0,0.0,0.0,0,0,0.0,Nacoes Shopping,NS
2025-12-19 00:00:00,ANDROID,64.74,0,5.03,0.0,3.35,0.0,971,19312,0.07,Nacoes Shopping,NS
2025-12-19 00:00:00,IPHONE,18.22,0,0.39,0.0,2.84,0.0,25,6407,0.73,Nacoes Shopping,NS
2025-12-19 00:00:00,IPAD,0.04,0,0.0,0.0,3.33,0.0,0,12,0.0,Nacoes Shopping,NS
2025-12-20 00:00:00,UNKNOWN,0.0,0,0.0,0.0,0.0,0.0,0,0,0.0,Nacoes Shopping,NS
2025-12-20 00:00:00,ANDROID,65.29,0,4.57,0.0,3.5,0.0,853,18652,0.08,Nacoes Shopping,NS
2025-12-20 00:00:00,IPHONE,17.3,0,0.08,0.0,2.69,0.0,5,6424,3.46,Nacoes Shopping,NS
2025-12-20 00:00:00,IPAD,0.05,0,0.0,0.0,1.79,0.0,0,28,0.0,Nacoes Shopping,NS
2025-12-21 00:00:00,UNKNOWN,0.01,0,0.0,0.0,0.0,0.0,0,0,0.0,Nacoes Shopping,NS
2025-12-21 00:00:00,ANDROID,64.6,0,3.76,0.0,3.09,0.0,784,20873,0.08,Nacoes Shopping,NS
2025-12-21 00:00:00,IPHONE,17.89,0,0.21,0.0,2.52,0.0,15,7098,1.19,Nacoes Shopping,NS
2025-12-21 00:00:00,IPAD,0.07,0,0.0,0.0,3.5,0.0,0,20,0.0,Nacoes Shopping,NS
2025-12-22 00:00:00,UNKNOWN,0.01,0,0.0,0.0,0.0,0.0,0,0,0.0,Nacoes Shopping,NS
2025-12-22 00:00:00,ANDROID,64.36,0,4.97,0.0,3.28,0.0,974,19609,0.07,Nacoes Shopping,NS
2025-12-22 00:00:00,IPHONE,17.24,0,0.03,0.0,2.36,0.0,2,7293,8.62,Nacoes Shopping,NS
2025-12-22 00:00:00,IPAD,0.13,0,0.0,0.0,5.42,0.0,0,24,0.0,Nacoes Shopping,NS
2025-12-23 00:00:00,UNKNOWN,0.01,0,0.0,0.0,0.0,0.0,0,0,0.0,Nacoes Shopping,NS
2025-12-23 00:00:00,ANDROID,63.51,0,4.26,0.0,3.49,0.0,775,18179,0.08,Nacoes Shopping,NS
2025-12-23 00:00:00,IPHONE,18.32,0,0.05,0.0,2.39,0.0,4,7675,4.58,Nacoes Shopping,NS
2025-12-23 00:00:00,IPAD,0.04,0,0.0,0.0,1.9,0.0,0,21,0.0,Nacoes Shopping,NS
2025-12-24 00:00:00,UNKNOWN,0.0,0,0.0,0.0,0.0,0.0,0,0,0.0,Nacoes Shopping,NS
2025-12-24 00:00:00,ANDROID,62.18,0,3.76,0.0,2.71,0.0,863,22961,0.07,Nacoes Shopping,NS
2025-12-24 00:00:00,IPHONE,17.7,0,0.04,0.0,2.37,0.0,3,7458,5.9,Nacoes Shopping,NS
2025-12-24 00:00:00,IPAD,0.07,0,0.0,0.0,3.33,0.0,0,21,0.0,Nacoes Shopping,NS
2025-12-25 00:00:00,UNKNOWN,0.03,0,0.0,0.0,0.0,0.0,0,0,0.0,Nacoes Shopping,NS
2025-12-25 00:00:00,ANDROID,61.91,0,4.67,0.0,2.76,0.0,1050,22471,0.06,Nacoes Shopping,NS
2025-12-25 00:00:00,IPHONE,17.02,0,0.15,0.0,2.1,0.0,12,8113,1.42,Nacoes Shopping,NS
2025-12-25 00:00:00,IPAD,0.03,0,0.0,0.0,1.88,0.0,0,16,0.0,Nacoes Shopping,NS
2025-12-26 00:00:00,UNKNOWN,0.0,0,0.0,0.0,0.0,0.0,0,0,0.0,Nacoes Shopping,NS
2025-12-26 00:00:00,ANDROID,57.32,0,4.47,0.0,2.57,0.0,996,22274,0.06,Nacoes Shopping,NS
2025-12-26 00:00:00,IPHONE,17.49,0,0.14,0.0,2.07,0.0,12,8447,1.46,Nacoes Shopping,NS
2025-12-26 00:00:00,IPAD,0.01,0,0.0,0.0,1.11,0.0,0,9,0.0,Nacoes Shopping,NS
2025-12-27 00:00:00,UNKNOWN,0.03,0,0.0,0.0,0.0,0.0,0,0,0.0,Nacoes Shopping,NS
2025-12-27 00:00:00,ANDROID,67.68,0,5.55,0.0,2.66,0.0,1412,25447,0.05,Nacoes Shopping,NS
2025-12-27 00:00:00,IPHONE,17.73,0,0.23,0.0,2.19,0.0,19,8100,0.93,Nacoes Shopping,NS
2025-12-27 00:00:00,IPAD,0.08,0,0.0,0.0,3.08,0.0,0,26,0.0,Nacoes Shopping,NS
2025-12-28 00:00:00,UNKNOWN,0.05,0,0.0,0.0,0.0,0.0,0,0,0.0,Nacoes Shopping,NS
2025-12-28 00:00:00,ANDROID,67.78,0,6.14,0.0,2.74,0.0,1521,24775,0.04,Nacoes Shopping,NS
2025-12-28 00:00:00,IPHONE,15.19,0,0.08,0.0,2.08,0.0,6,7300,2.53,Nacoes Shopping,NS
2025-12-28 00:00:00,IPAD,0.07,0,0.0,0.0,3.04,0.0,0,23,0.0,Nacoes Shopping,NS
2025-12-29 00:00:00,UNKNOWN,0.0,0,0.0,0.0,0.0,0.0,0,0,0.0,Nacoes Shopping,NS
2025-12-29 00:00:00,ANDROID,62.91,0,6.22,0.0,2.49,0.0,1573,25298,0.04,Nacoes Shopping,NS
2025-12-29 00:00:00,IPHONE,16.39,0,0.07,0.0,1.99,0.0,6,8247,2.73,Nacoes Shopping,NS
2025-12-29 00:00:00,IPAD,0.07,0,0.0,0.0,2.26,0.0,0,31,0.0,Nacoes Shopping,NS
2025-12-30 00:00:00,UNKNOWN,0.0,0,0.0,0.0,0.0,0.0,0,0,0.0,Nacoes Shopping,NS
2025-12-30 00:00:00,ANDROID,59.32,0,7.24,0.0,2.63,0.0,1632,22534,0.04,Nacoes Shopping,NS
2025-12-30 00:00:00,IPHONE,14.29,0,0.03,0.0,2.08,0.0,2,6871,7.15,Nacoes Shopping,NS
2025-12-30 00:00:00,IPAD,0.02,0,0.0,0.0,1.25,0.0,0,16,0.0,Nacoes Shopping,NS
2025-12-31 00:00:00,UNKNOWN,0.01,0,0.0,0.0,0.0,0.0,0,0,0.0,Nacoes Shopping,NS
2025-12-31 00:00:00,ANDROID,39.31,0,6.75,0.0,2.43,0.0,1091,16153,0.04,Nacoes Shopping,NS
2025-12-31 00:00:00,IPHONE,10.88,0,0.05,0.0,1.98,0.0,3,5491,3.63,Nacoes Shopping,NS
2025-12-31 00:00:00,IPAD,0.06,0,0.0,0.0,6.0,0.0,0,10,0.0,Nacoes Shopping,NS
2026-01-01 00:00:00,ANDROID,0.0,0,9.52,0.0,0.0,0.0,4,42,0.0,Nacoes Shopping,NS
2026-01-01 00:00:00,IPHONE,0.0,0,0.0,0.0,0.0,0.0,0,12,0.0,Nacoes Shopping,NS
2026-01-02 00:00:00,UNKNOWN,0.0,0,0.0,0.0,0.0,0.0,0,0,0.0,Nacoes Shopping,NS
2026-01-02 00:00:00,ANDROID,0.0,0,40.0,0.0,0.0,0.0,2,5,0.0,Nacoes Shopping,NS
2026-01-03 00:00:00,UNKNOWN,0.0,0,0.0,0.0,0.0,0.0,0,0,0.0,Nacoes Shopping,NS
2026-01-03 00:00:00,ANDROID,0.0,0,0.0,0.0,0.0,0.0,0,3,0.0,Nacoes Shopping,NS
2026-01-04 00:00:00,ANDROID,0.0,0,0.0,0.0,0.0,0.0,0,6,0.0,Nacoes Shopping,NS
2026-01-05 00:00:00,UNKNOWN,0.0,0,0.0,0.0,0.0,0.0,0,0,0.0,Nacoes Shopping,NS
2026-01-05 00:00:00,ANDROID,0.0,0,12.5,0.0,0.0,0.0,1,8,0.0,Nacoes Shopping,NS
2026-01-06 00:00:00,ANDROID,0.0,0,0.0,0.0,0.0,0.0,0,0,0.0,Nacoes Shopping,NS
2026-01-07 00:00:00,UNKNOWN,0.0,0,0.0,0.0,0.0,0.0,0,0,0.0,Nacoes Shopping,NS
2026-01-07 00:00:00,ANDROID,0.0,0,0.0,0.0,0.0,0.0,0,2,0.0,Nacoes Shopping,NS
2026-01-08 00:00:00,ANDROID,0.0,0,0.0,0.0,0.0,0.0,0,0,0.0,Nacoes Shopping,NS
2026-01-09 00:00:00,ANDROID,0.0,0,0.0,0.0,0.0,0.0,0,0,0.0,Nacoes Shopping,NS
2026-01-10 00:00:00,ANDROID,0.0,0,0.0,0.0,0.0,0.0,0,0,0.0,Nacoes Shopping,NS
2026-01-11 00:00:00,ANDROID,0.0,0,0.0,0.0,0.0,0.0,0,0,0.0,Nacoes Shopping,NS
2026-01-12 00:00:00,ANDROID,0.0,0,0.0,0.0,0.0,0.0,0,0,0.0,Nacoes Shopping,NS
2026-01-13 00:00:00,ANDROID,0.0,0,0.0,0.0,0.0,0.0,0,0,0.0,Nacoes Shopping,NS
2026-01-14 00:00:00,ANDROID,6.17,0,0.0,0.0,1.32,0.0,0,4674,0.0,Nacoes Shopping,NS
2026-01-14 00:00:00,IPHONE,5.8,0,0.0,0.0,1.23,0.0,0,4733,0.0,Nacoes Shopping,NS
2026-01-14 00:00:00,IPAD,0.01,0,0.0,0.0,1.67,0.0,0,6,0.0,Nacoes Shopping,NS
2026-01-15 00:00:00,ANDROID,18.24,0,0.0,0.0,1.53,0.0,0,11922,0.0,Nacoes Shopping,NS
2026-01-15 00:00:00,IPHONE,16.4,0,0.0,0.0,1.72,0.0,0,9556,0.0,Nacoes Shopping,NS
2026-01-15 00:00:00,IPAD,0.01,0,0.0,0.0,0.63,0.0,0,16,0.0,Nacoes Shopping,NS
2026-01-16 00:00:00,ANDROID,19.97,0,0.0,0.0,1.74,0.0,0,11472,0.0,Nacoes Shopping,NS
2026-01-16 00:00:00,IPHONE,13.68,0,0.0,0.0,1.54,0.0,0,8908,0.0,Nacoes Shopping,NS
2026-01-16 00:00:00,IPAD,0.01,0,0.0,0.0,1.43,0.0,0,7,0.0,Nacoes Shopping,NS
2026-01-17 00:00:00,UNKNOWN,0.01,0,0.0,0.0,0.0,0.0,0,0,0.0,Nacoes Shopping,NS
2026-01-17 00:00:00,ANDROID,20.1,0,0.0,0.0,1.72,0.0,0,11696,0.0,Nacoes Shopping,NS
2026-01-17 00:00:00,IPHONE,13.64,0,0.0,0.0,1.54,0.0,0,8843,0.0,Nacoes Shopping,NS
2026-01-17 00:00:00,IPAD,0.05,0,0.0,0.0,3.85,0.0,0,13,0.0,Nacoes Shopping,NS
2026-01-18 00:00:00,ANDROID,18.32,0,0.0,0.0,1.66,0.0,0,11042,0.0,Nacoes Shopping,NS
2026-01-18 00:00:00,IPHONE,15.11,0,0.0,0.0,1.64,0.0,0,9206,0.0,Nacoes Shopping,NS
2026-01-18 00:00:00,IPAD,0.03,0,0.0,0.0,1.76,0.0,0,17,0.0,Nacoes Shopping,NS
2026-01-19 00:00:00,ANDROID,16.14,0,0.0,0.0,1.81,0.0,0,8921,0.0,Nacoes Shopping,NS
2026-01-19 00:00:00,IPHONE,15.28,0,0.0,0.0,1.83,0.0,0,8355,0.0,Nacoes Shopping,NS
2026-01-19 00:00:00,IPAD,0.05,0,0.0,0.0,2.08,0.0,0,24,0.0,Nacoes Shopping,NS
2026-01-20 00:00:00,ANDROID,15.56,0,0.0,0.0,2.0,0.0,0,7775,0.0,Nacoes Shopping,NS
2026-01-20 00:00:00,IPHONE,14.95,0,0.0,0.0,2.03,0.0,0,7348,0.0,Nacoes Shopping,NS
2026-01-20 00:00:00,IPAD,0.08,0,0.0,0.0,4.71,0.0,0,17,0.0,Nacoes Shopping,NS
2026-01-21 00:00:00,ANDROID,18.6,0,0.0,0.0,1.88,0.0,0,9877,0.0,Nacoes Shopping,NS
2026-01-21 00:00:00,IPHONE,15.12,0,0.0,0.0,1.65,0.0,0,9151,0.0,Nacoes Shopping,NS
2026-01-21 00:00:00,IPAD,0.02,0,0.0,0.0,2.0,0.0,0,10,0.0,Nacoes Shopping,NS
2026-01-22 00:00:00,ANDROID,17.28,0,0.0,0.0,1.64,0.0,0,10560,0.0,Nacoes Shopping,NS
2026-01-22 00:00:00,IPHONE,14.19,0,0.0,0.0,1.57,0.0,0,9024,0.0,Nacoes Shopping,NS
2026-01-22 00:00:00,IPAD,0.02,0,0.0,0.0,2.22,0.0,0,9,0.0,Nacoes Shopping,NS
2026-01-23 00:00:00,ANDROID,16.7,0,0.0,0.0,1.69,0.0,0,9853,0.0,Nacoes Shopping,NS
2026-01-23 00:00:00,IPHONE,13.69,0,0.0,0.0,1.63,0.0,0,8407,0.0,Nacoes Shopping,NS
2026-01-23 00:00:00,IPAD,0.01,0,0.0,0.0,0.71,0.0,0,14,0.0,Nacoes Shopping,NS
2026-01-24 00:00:00,UNKNOWN,0.01,0,0.0,0.0,0.0,0.0,0,0,0.0,Nacoes Shopping,NS
2026-01-24 00:00:00,ANDROID,17.43,0,0.0,0.0,1.77,0.0,0,9865,0.0,Nacoes Shopping,NS
2026-01-24 00:00:00,IPHONE,13.32,0,0.0,0.0,1.7,0.0,0,7857,0.0,Nacoes Shopping,NS
2026-01-24 00:00:00,IPAD,0.02,0,0.0,0.0,2.22,0.0,0,9,0.0,Nacoes Shopping,NS
2026-01-25 00:00:00,ANDROID,16.27,0,0.0,0.0,1.6,0.0,0,10179,0.0,Nacoes Shopping,NS
2026-01-25 00:00:00,IPHONE,12.45,0,0.0,0.0,1.55,0.0,0,8053,0.0,Nacoes Shopping,NS
2026-01-25 00:00:00,IPAD,0.0,0,0.0,0.0,0.0,0.0,0,12,0.0,Nacoes Shopping,NS
2026-01-26 00:00:00,UNKNOWN,0.01,0,0.0,0.0,0.0,0.0,0,0,0.0,Nacoes Shopping,NS
2026-01-26 00:00:00,ANDROID,15.88,0,0.0,0.0,1.89,0.0,0,8398,0.0,Nacoes Shopping,NS
2026-01-26 00:00:00,IPHONE,12.57,0,0.0,0.0,2.0,0.0,0,6280,0.0,Nacoes Shopping,NS
2026-01-26 00:00:00,IPAD,0.0,0,0.0,0.0,0.0,0.0,0,10,0.0,Nacoes Shopping,NS
2026-01-27 00:00:00,ANDROID,13.76,0,0.0,0.0,1.78,0.0,0,7722,0.0,Nacoes Shopping,NS
2026-01-27 00:00:00,IPHONE,12.65,0,0.0,0.0,1.77,0.0,0,7141,0.0,Nacoes Shopping,NS
2026-01-27 00:00:00,IPAD,0.0,0,0.0,0.0,0.0,0.0,0,6,0.0,Nacoes Shopping,NS
2026-01-28 00:00:00,ANDROID,15.22,0,0.0,0.0,1.49,0.0,0,10218,0.0,Nacoes Shopping,NS
2026-01-28 00:00:00,IPHONE,14.92,0,0.0,0.0,1.61,0.0,0,9250,0.0,Nacoes Shopping,NS
2026-01-28 00:00:00,IPAD,0.04,0,0.0,0.0,2.67,0.0,0,15,0.0,Nacoes Shopping,NS
2026-01-29 00:00:00,ANDROID,28.6,0,0.0,0.0,1.64,0.0,0,17441,0.0,Nacoes Shopping,NS
2026-01-29 00:00:00,IPHONE,23.38,0,0.0,0.0,1.67,0.0,0,14003,0.0,Nacoes Shopping,NS
2026-01-29 00:00:00,IPAD,0.09,0,0.0,0.0,2.5,0.0,0,36,0.0,Nacoes Shopping,NS
2026-01-30 00:00:00,UNKNOWN,0.03,0,0.0,0.0,0.0,0.0,0,0,0.0,Nacoes Shopping,NS
2026-01-30 00:00:00,ANDROID,56.91,0,0.0,0.0,1.81,0.0,0,31409,0.0,Nacoes Shopping,NS
2026-01-30 00:00:00,IPHONE,40.21,0,0.0,0.0,1.92,0.0,0,20922,0.0,Nacoes Shopping,NS
2026-01-30 00:00:00,IPAD,0.13,0,0.0,0.0,2.65,0.0,0,49,0.0,Nacoes Shopping,NS
2026-01-31 00:00:00,UNKNOWN,0.01,0,0.0,0.0,0.0,0.0,0,0,0.0,Nacoes Shopping,NS
2026-01-31 00:00:00,ANDROID,54.7,0,0.0,0.0,1.9,0.0,0,28718,0.0,Nacoes Shopping,NS
2026-01-31 00:00:00,IPHONE,37.22,0,0.0,0.0,1.96,0.0,0,19005,0.0,Nacoes Shopping,NS
2026-01-31 00:00:00,IPAD,0.1,0,0.0,0.0,2.17,0.0,0,46,0.0,Nacoes Shopping,NS
2026-02-01 00:00:00,UNKNOWN,0.01,0,0.0,0.0,0.0,0.0,0,0,0.0,Nacoes Shopping,NS
2026-02-01 00:00:00,ANDROID,48.82,0,0.0,0.0,1.66,0.0,0,29436,0.0,Nacoes Shopping,NS
2026-02-01 00:00:00,IPHONE,35.87,0,0.0,0.0,1.73,0.0,0,20713,0.0,Nacoes Shopping,NS
2026-02-01 00:00:00,IPAD,0.1,0,0.0,0.0,2.17,0.0,0,46,0.0,Nacoes Shopping,NS
2026-02-02 00:00:00,UNKNOWN,0.01,0,0.0,0.0,0.0,0.0,0,0,0.0,Nacoes Shopping,NS
2026-02-02 00:00:00,ANDROID,40.78,0,0.0,0.0,1.76,0.0,0,23231,0.0,Nacoes Shopping,NS
2026-02-02 00:00:00,IPHONE,41.64,0,0.0,0.0,1.9,0.0,0,21951,0.0,Nacoes Shopping,NS
2026-02-02 00:00:00,IPAD,0.11,0,0.0,0.0,1.53,0.0,0,72,0.0,Nacoes Shopping,NS
2026-02-03 00:00:00,ANDROID,37.97,0,0.0,0.0,1.94,0.0,0,19553,0.0,Nacoes Shopping,NS
2026-02-03 00:00:00,IPHONE,43.95,0,0.0,0.0,2.09,0.0,0,21042,0.0,Nacoes Shopping,NS
2026-02-03 00:00:00,IPAD,0.11,0,0.0,0.0,2.04,0.0,0,54,0.0,Nacoes Shopping,NS
2026-02-04 00:00:00,ANDROID,48.22,0,0.0,0.0,2.05,0.0,0,23513,0.0,Nacoes Shopping,NS
2026-02-04 00:00:00,IPHONE,33.38,0,0.0,0.0,2.12,0.0,0,15770,0.0,Nacoes Shopping,NS
2026-02-04 00:00:00,IPAD,0.09,0,0.0,0.0,1.73,0.0,0,52,0.0,Nacoes Shopping,NS
2026-02-05 00:00:00,ANDROID,44.8,0,0.0,0.0,1.91,0.0,0,23411,0.0,Nacoes Shopping,NS
2026-02-05 00:00:00,IPHONE,38.05,0,0.0,0.0,2.04,0.0,0,18629,0.0,Nacoes Shopping,NS
2026-02-05 00:00:00,IPAD,0.19,0,0.0,0.0,4.32,0.0,0,44,0.0,Nacoes Shopping,NS
2026-02-06 00:00:00,ANDROID,47.72,0,0.0,0.0,1.81,0.0,0,26405,0.0,Nacoes Shopping,NS
2026-02-06 00:00:00,IPHONE,31.51,0,0.0,0.0,1.83,0.0,0,17225,0.0,Nacoes Shopping,NS
2026-02-06 00:00:00,IPAD,0.09,0,0.0,0.0,1.7,0.0,0,53,0.0,Nacoes Shopping,NS
2026-02-07 00:00:00,ANDROID,37.49,0,0.0,0.0,1.87,0.0,0,20012,0.0,Nacoes Shopping,NS
2026-02-07 00:00:00,IPHONE,26.03,0,0.0,0.0,2.02,0.0,0,12886,0.0,Nacoes Shopping,NS
2026-02-07 00:00:00,IPAD,0.05,0,0.0,0.0,1.67,0.0,0,30,0.0,Nacoes Shopping,NS
2026-02-08 00:00:00,ANDROID,18.57,0,0.0,0.0,1.81,0.0,0,10281,0.0,Nacoes Shopping,NS
2026-02-08 00:00:00,IPHONE,12.85,0,0.0,0.0,1.93,0.0,0,6641,0.0,Nacoes Shopping,NS
2026-02-08 00:00:00,IPAD,0.01,0,0.0,0.0,0.5,0.0,0,20,0.0,Nacoes Shopping,NS
2026-02-09 00:00:00,ANDROID,10.78,0,0.0,0.0,1.99,0.0,0,5424,0.0,Nacoes Shopping,NS
2026-02-09 00:00:00,IPHONE,7.66,0,0.0,0.0,2.08,0.0,0,3675,0.0,Nacoes Shopping,NS
2026-02-09 00:00:00,IPAD,0.01,0,0.0,0.0,1.0,0.0,0,10,0.0,Nacoes Shopping,NS
2026-02-10 00:00:00,ANDROID,11.4,0,0.0,0.0,1.62,0.0,0,7027,0.0,Nacoes Shopping,NS
2026-02-10 00:00:00,IPHONE,8.17,0,0.0,0.0,1.68,0.0,0,4857,0.0,Nacoes Shopping,NS
2026-02-10 00:00:00,IPAD,0.01,0,0.0,0.0,0.63,0.0,0,16,0.0,Nacoes Shopping,NS
2026-02-11 00:00:00,ANDROID,10.28,0,0.0,0.0,1.47,0.0,0,7006,0.0,Nacoes Shopping,NS
2026-02-11 00:00:00,IPHONE,8.16,0,0.0,0.0,1.58,0.0,0,5174,0.0,Nacoes Shopping,NS
2026-02-11 00:00:00,IPAD,0.0,0,0.0,0.0,0.0,0.0,0,8,0.0,Nacoes Shopping,NS
2026-02-12 00:00:00,ANDROID,10.5,0,0.0,0.0,1.57,0.0,0,6697,0.0,Nacoes Shopping,NS
2026-02-12 00:00:00,IPHONE,7.5,0,0.0,0.0,1.64,0.0,0,4587,0.0,Nacoes Shopping,NS
2026-02-12 00:00:00,IPAD,0.0,0,0.0,0.0,0.0,0.0,0,2,0.0,Nacoes Shopping,NS
2026-02-13 00:00:00,ANDROID,10.26,0,0.0,0.0,1.6,0.0,0,6408,0.0,Nacoes Shopping,NS
2026-02-13 00:00:00,IPHONE,7.86,0,0.0,0.0,1.86,0.0,0,4237,0.0,Nacoes Shopping,NS
2026-02-13 00:00:00,IPAD,0.0,0,0.0,0.0,0.0,0.0,0,6,0.0,Nacoes Shopping,NS
2026-02-14 00:00:00,ANDROID,10.62,0,0.0,0.0,1.63,0.0,0,6525,0.0,Nacoes Shopping,NS
2026-02-14 00:00:00,IPHONE,7.42,0,0.0,0.0,1.99,0.0,0,3733,0.0,Nacoes Shopping,NS
2026-02-14 00:00:00,IPAD,0.0,0,0.0,0.0,0.0,0.0,0,13,0.0,Nacoes Shopping,NS
2026-02-15 00:00:00,UNKNOWN,0.01,0,0.0,0.0,0.0,0.0,0,0,0.0,Nacoes Shopping,NS
2026-02-15 00:00:00,ANDROID,10.14,0,0.0,0.0,1.81,0.0,0,5594,0.0,Nacoes Shopping,NS
2026-02-15 00:00:00,IPHONE,6.74,0,0.0,0.0,2.0,0.0,0,3369,0.0,Nacoes Shopping,NS
2026-02-15 00:00:00,IPAD,0.01,0,0.0,0.0,2.0,0.0,0,5,0.0,Nacoes Shopping,NS
2026-02-16 00:00:00,ANDROID,9.34,0,0.0,0.0,1.84,0.0,0,5081,0.0,Nacoes Shopping,NS
2026-02-16 00:00:00,IPHONE,6.92,0,0.0,0.0,1.97,0.0,0,3509,0.0,Nacoes Shopping,NS
2026-02-16 00:00:00,IPAD,0.01,0,0.0,0.0,1.25,0.0,0,8,0.0,Nacoes Shopping,NS
2026-02-17 00:00:00,ANDROID,10.24,0,0.0,0.0,1.52,0.0,0,6731,0.0,Nacoes Shopping,NS
2026-02-17 00:00:00,IPHONE,6.98,0,0.0,0.0,1.46,0.0,0,4795,0.0,Nacoes Shopping,NS
2026-02-17 00:00:00,IPAD,0.02,0,0.0,0.0,2.5,0.0,0,8,0.0,Nacoes Shopping,NS
2026-02-18 00:00:00,UNKNOWN,0.01,0,0.0,0.0,0.0,0.0,0,0,0.0,Nacoes Shopping,NS
2026-02-18 00:00:00,ANDROID,9.09,0,0.0,0.0,1.37,0.0,0,6622,0.0,Nacoes Shopping,NS
2026-02-18 00:00:00,IPHONE,6.74,0,0.0,0.0,1.41,0.0,0,4782,0.0,Nacoes Shopping,NS
2026-02-18 00:00:00,IPAD,0.0,0,0.0,0.0,0.0,0.0,0,13,0.0,Nacoes Shopping,NS
2026-02-19 00:00:00,ANDROID,9.48,0,0.0,0.0,1.5,0.0,0,6323,0.0,Nacoes Shopping,NS
2026-02-19 00:00:00,IPHONE,6.05,0,0.0,0.0,1.58,0.0,0,3825,0.0,Nacoes Shopping,NS
2026-02-19 00:00:00,IPAD,0.01,0,0.0,0.0,0.91,0.0,0,11,0.0,Nacoes Shopping,NS
2026-02-20 00:00:00,UNKNOWN,0.01,0,0.0,0.0,0.0,0.0,0,0,0.0,Nacoes Shopping,NS
2026-02-20 00:00:00,ANDROID,9.02,0,0.0,0.0,1.64,0.0,0,5496,0.0,Nacoes Shopping,NS
2026-02-20 00:00:00,IPHONE,6.12,0,0.0,0.0,1.76,0.0,0,3483,0.0,Nacoes Shopping,NS
2026-02-20 00:00:00,IPAD,0.0,0,0.0,0.0,0.0,0.0,0,2,0.0,Nacoes Shopping,NS
2026-02-21 00:00:00,ANDROID,8.39,0,0.0,0.0,1.64,0.0,0,5118,0.0,Nacoes Shopping,NS
2026-02-21 00:00:00,IPHONE,6.22,0,0.0,0.0,1.86,0.0,0,3350,0.0,Nacoes Shopping,NS
2026-02-21 00:00:00,IPAD,0.0,0,0.0,0.0,0.0,0.0,0,11,0.0,Nacoes Shopping,NS
2026-02-22 00:00:00,UNKNOWN,0.01,0,0.0,0.0,0.0,0.0,0,0,0.0,Nacoes Shopping,NS
2026-02-22 00:00:00,ANDROID,7.57,0,0.0,0.0,1.64,0.0,0,4615,0.0,Nacoes Shopping,NS
2026-02-22 00:00:00,IPHONE,5.67,0,0.0,0.0,1.84,0.0,0,3083,0.0,Nacoes Shopping,NS
2026-02-22 00:00:00,IPAD,0.0,0,0.0,0.0,0.0,0.0,0,1,0.0,Nacoes Shopping,NS
2026-02-23 00:00:00,ANDROID,6.41,0,0.0,0.0,1.91,0.0,0,3357,0.0,Nacoes Shopping,NS
2026-02-23 00:00:00,IPHONE,5.63,0,0.0,0.0,2.46,0.0,0,2289,0.0,Nacoes Shopping,NS
2026-02-23 00:00:00,IPAD,0.0,0,0.0,0.0,0.0,0.0,0,4,0.0,Nacoes Shopping,NS
2026-02-24 00:00:00,ANDROID,7.2,0,0.0,0.0,1.64,0.0,0,4397,0.0,Nacoes Shopping,NS
2026-02-24 00:00:00,IPHONE,4.17,0,0.0,0.0,1.69,0.0,0,2467,0.0,Nacoes Shopping,NS
2026-02-24 00:00:00,IPAD,0.01,0,0.0,0.0,2.0,0.0,0,5,0.0,Nacoes Shopping,NS
2026-02-25 00:00:00,ANDROID,2.26,0,0.0,0.0,1.69,0.0,0,1336,0.0,Nacoes Shopping,NS
2026-02-25 00:00:00,IPHONE,0.99,0,0.0,0.0,1.41,0.0,0,704,0.0,Nacoes Shopping,NS
2026-02-25 00:00:00,IPAD,0.0,0,0.0,0.0,0.0,0.0,0,4,0.0,Nacoes Shopping,NS
2026-02-27 00:00:00,ANDROID,0.0,0,0.0,0.0,0.0,0.0,0,0,0.0,Nacoes Shopping,NS
2026-03-02 00:00:00,ANDROID,0.0,0,0.0,0.0,0.0,0.0,0,0,0.0,Nacoes Shopping,NS
2026-03-03 00:00:00,ANDROID,0.0,0,0.0,0.0,0.0,0.0,0,0,0.0,Nacoes Shopping,NS
2026-03-04 00:00:00,ANDROID,0.0,0,0.0,0.0,0.0,0.0,0,0,0.0,Nacoes Shopping,NS
2026-03-05 00:00:00,ANDROID,0.0,0,0.0,0.0,0.0,0.0,0,0,0.0,Nacoes Shopping,NS
2026-03-06 00:00:00,ANDROID,0.0,0,0.0,0.0,0.0,0.0,0,0,0.0,Nacoes Shopping,NS
2026-03-09 00:00:00,ANDROID,0.0,0,0.0,0.0,0.0,0.0,0,0,0.0,Nacoes Shopping,NS
2026-03-12 00:00:00,ANDROID,0.0,0,0.0,0.0,0.0,0.0,0,0,0.0,Nacoes Shopping,NS
2026-03-22 00:00:00,ANDROID,0.0,0,0.0,0.0,0.0,0.0,0,0,0.0,Nacoes Shopping,NS
2026-03-28 00:00:00,ANDROID,0.0,0,0.0,0.0,0.0,0.0,0,0,0.0,Nacoes Shopping,NS
2026-04-01 00:00:00,ANDROID,0.0,0,0.0,0.0,0.0,0.0,0,0,0.0,Nacoes Shopping,NS
2026-04-02 00:00:00,ANDROID,0.0,0,0.0,0.0,0.0,0.0,0,0,0.0,Nacoes Shopping,NS
2026-04-09 00:00:00,ANDROID,0.0,0,0.0,0.0,0.0,0.0,0,0,0.0,Nacoes Shopping,NS
2026-04-30 00:00:00,UNKNOWN,0.01,0,0.0,0.0,0.0,0.0,0,0,0.0,Nacoes Shopping,NS
2026-04-30 00:00:00,ANDROID,31.32,0,5.24,0.0,2.62,0.0,626,11945,0.05,Nacoes Shopping,NS
2026-04-30 00:00:00,IPHONE,8.12,0,0.12,0.0,2.02,0.0,5,4015,1.62,Nacoes Shopping,NS
2026-04-30 00:00:00,IPAD,0.05,0,0.0,0.0,2.78,0.0,0,18,0.0,Nacoes Shopping,NS
2026-05-01 00:00:00,UNKNOWN,0.0,0,0.0,0.0,0.0,0.0,0,0,0.0,Nacoes Shopping,NS
2026-05-01 00:00:00,ANDROID,84.78,0,6.84,0.0,2.59,0.0,2241,32745,0.04,Nacoes Shopping,NS
2026-05-01 00:00:00,IPHONE,18.59,0,0.25,0.0,1.85,0.0,25,10030,0.74,Nacoes Shopping,NS
2026-05-01 00:00:00,IPAD,0.04,0,0.0,0.0,1.43,0.0,0,28,0.0,Nacoes Shopping,NS
2026-05-02 00:00:00,UNKNOWN,0.0,0,0.0,0.0,0.0,0.0,0,0,0.0,Nacoes Shopping,NS
2026-05-02 00:00:00,ANDROID,84.97,0,7.21,0.0,2.8,0.0,2186,30300,0.04,Nacoes Shopping,NS
2026-05-02 00:00:00,IPHONE,17.56,0,0.29,0.0,1.93,0.0,26,9116,0.68,Nacoes Shopping,NS
2026-05-02 00:00:00,IPAD,0.04,0,0.0,0.0,1.14,0.0,0,35,0.0,Nacoes Shopping,NS
2026-05-03 00:00:00,UNKNOWN,0.0,0,0.0,0.0,0.0,0.0,0,0,0.0,Nacoes Shopping,NS
2026-05-03 00:00:00,ANDROID,80.35,0,8.56,0.0,2.56,0.0,2688,31399,0.03,Nacoes Shopping,NS
2026-05-03 00:00:00,IPHONE,20.49,0,0.3,0.0,2.08,0.0,30,9872,0.68,Nacoes Shopping,NS
2026-05-03 00:00:00,IPAD,0.07,0,0.0,0.0,2.33,0.0,0,30,0.0,Nacoes Shopping,NS
2026-05-04 00:00:00,UNKNOWN,0.0,0,0.0,0.0,0.0,0.0,0,0,0.0,Nacoes Shopping,NS
2026-05-04 00:00:00,ANDROID,39.95,0,7.92,0.0,3.16,0.0,1002,12658,0.04,Nacoes Shopping,NS
2026-05-04 00:00:00,IPHONE,9.87,0,0.26,0.0,2.33,0.0,11,4243,0.9,Nacoes Shopping,NS
2026-05-04 00:00:00,IPAD,0.02,0,0.0,0.0,1.54,0.0,0,13,0.0,Nacoes Shopping,NS
2026-05-05 00:00:00,UNKNOWN,0.0,0,0.0,0.0,0.0,0.0,0,0,0.0,Nacoes Shopping,NS
2026-05-05 00:00:00,ANDROID,13.04,0,0.47,0.0,1.69,0.0,36,7703,0.36,Nacoes Shopping,NS
2026-05-05 00:00:00,IPHONE,8.44,0,0.14,0.0,2.0,0.0,6,4213,1.41,Nacoes Shopping,NS
2026-05-05 00:00:00,IPAD,0.03,0,0.0,0.0,1.3,0.0,0,23,0.0,Nacoes Shopping,NS
2026-05-06 00:00:00,UNKNOWN,0.0,0,0.0,0.0,0.0,0.0,0,0,0.0,Nacoes Shopping,NS
2026-05-06 00:00:00,ANDROID,67.51,0,4.71,0.0,2.84,0.0,1119,23747,0.06,Nacoes Shopping,NS
2026-05-06 00:00:00,IPHONE,22.31,0,0.28,0.0,2.3,0.0,27,9704,0.83,Nacoes Shopping,NS
2026-05-06 00:00:00,IPAD,0.14,0,0.0,0.0,3.04,0.0,0,46,0.0,Nacoes Shopping,NS
2026-05-07 00:00:00,UNKNOWN,0.01,0,0.0,0.0,0.0,0.0,0,0,0.0,Nacoes Shopping,NS
2026-05-07 00:00:00,ANDROID,104.66,0,7.14,0.0,3.19,0.0,2342,32823,0.04,Nacoes Shopping,NS
2026-05-07 00:00:00,IPHONE,24.08,0,0.35,0.0,2.4,0.0,35,10015,0.69,Nacoes Shopping,NS
2026-05-07 00:00:00,IPAD,0.06,0,2.7,0.0,1.62,0.0,1,37,0.06,Nacoes Shopping,NS
2026-05-08 00:00:00,UNKNOWN,0.0,0,0.0,0.0,0.0,0.0,0,0,0.0,Nacoes Shopping,NS
2026-05-08 00:00:00,ANDROID,94.7,0,7.99,0.0,3.12,0.0,2427,30368,0.04,Nacoes Shopping,NS
2026-05-08 00:00:00,IPHONE,22.37,0,0.27,0.0,2.39,0.0,25,9362,0.89,Nacoes Shopping,NS
2026-05-08 00:00:00,IPAD,0.09,0,0.0,0.0,2.81,0.0,0,32,0.0,Nacoes Shopping,NS
2026-05-09 00:00:00,UNKNOWN,0.0,0,0.0,0.0,0.0,0.0,0,0,0.0,Nacoes Shopping,NS
2026-05-09 00:00:00,ANDROID,90.74,0,8.45,0.0,3.15,0.0,2436,28812,0.04,Nacoes Shopping,NS
2026-05-09 00:00:00,IPHONE,17.99,0,0.16,0.0,2.25,0.0,13,8001,1.38,Nacoes Shopping,NS
2026-05-09 00:00:00,IPAD,0.06,0,0.0,0.0,2.5,0.0,0,24,0.0,Nacoes Shopping,NS
2026-05-10 00:00:00,UNKNOWN,0.0,0,0.0,0.0,0.0,0.0,0,0,0.0,Nacoes Shopping,NS
2026-05-10 00:00:00,ANDROID,80.46,0,7.58,0.0,2.86,0.0,2134,28157,0.04,Nacoes Shopping,NS
2026-05-10 00:00:00,IPHONE,16.88,0,0.24,0.0,2.22,0.0,18,7609,0.94,Nacoes Shopping,NS
2026-05-10 00:00:00,IPAD,0.02,0,0.0,0.0,1.18,0.0,0,17,0.0,Nacoes Shopping,NS
2026-05-11 00:00:00,UNKNOWN,0.0,0,0.0,0.0,0.0,0.0,0,0,0.0,Nacoes Shopping,NS
2026-05-11 00:00:00,ANDROID,31.91,0,6.67,0.0,2.96,0.0,719,10774,0.04,Nacoes Shopping,NS
2026-05-11 00:00:00,IPHONE,8.25,0,0.11,0.0,2.37,0.0,4,3485,2.06,Nacoes Shopping,NS
2026-05-11 00:00:00,IPAD,0.02,0,0.0,0.0,2.86,0.0,0,7,0.0,Nacoes Shopping,NS
2026-05-12 00:00:00,ANDROID,0.0,0,0.0,0.0,0.0,0.0,0,0,0.0,Nacoes Shopping,NS
2026-05-12 00:00:00,IPHONE,0.0,0,0.0,0.0,0.0,0.0,0,0,0.0,Nacoes Shopping,NS
2026-05-13 00:00:00,ANDROID,0.0,0,0.0,0.0,0.0,0.0,0,0,0.0,Nacoes Shopping,NS
2026-05-13 00:00:00,IPHONE,0.0,0,0.0,0.0,0.0,0.0,0,0,0.0,Nacoes Shopping,NS
2026-05-14 00:00:00,ANDROID,0.0,0,0.0,0.0,0.0,0.0,0,0,0.0,Nacoes Shopping,NS
2026-05-15 00:00:00,ANDROID,0.0,0,0.0,0.0,0.0,0.0,0,0,0.0,Nacoes Shopping,NS
2026-05-15 00:00:00,IPHONE,0.0,0,0.0,0.0,0.0,0.0,0,0,0.0,Nacoes Shopping,NS
2026-05-16 00:00:00,ANDROID,0.0,0,0.0,0.0,0.0,0.0,0,0,0.0,Nacoes Shopping,NS
2026-05-17 00:00:00,ANDROID,0.0,0,0.0,0.0,0.0,0.0,0,0,0.0,Nacoes Shopping,NS
2026-05-18 00:00:00,ANDROID,0.0,0,0.0,0.0,0.0,0.0,0,0,0.0,Nacoes Shopping,NS
2026-05-18 00:00:00,IPHONE,0.0,0,0.0,0.0,0.0,0.0,0,0,0.0,Nacoes Shopping,NS
2026-05-19 00:00:00,ANDROID,0.0,0,0.0,0.0,0.0,0.0,0,0,0.0,Nacoes Shopping,NS
2026-05-20 00:00:00,ANDROID,0.0,0,0.0,0.0,0.0,0.0,0,0,0.0,Nacoes Shopping,NS
2026-05-20 00:00:00,IPHONE,0.0,0,0.0,0.0,0.0,0.0,0,0,0.0,Nacoes Shopping,NS
2026-05-21 00:00:00,ANDROID,0.0,0,0.0,0.0,0.0,0.0,0,0,0.0,Nacoes Shopping,NS
2026-05-21 00:00:00,IPHONE,0.0,0,0.0,0.0,0.0,0.0,0,0,0.0,Nacoes Shopping,NS
2026-05-22 00:00:00,ANDROID,0.0,0,0.0,0.0,0.0,0.0,0,0,0.0,Nacoes Shopping,NS
2026-05-23 00:00:00,ANDROID,0.0,0,0.0,0.0,0.0,0.0,0,0,0.0,Nacoes Shopping,NS
2026-05-24 00:00:00,ANDROID,0.0,0,0.0,0.0,0.0,0.0,0,0,0.0,Nacoes Shopping,NS
2026-05-25 00:00:00,ANDROID,0.0,0,0.0,0.0,0.0,0.0,0,0,0.0,Nacoes Shopping,NS
2026-05-26 00:00:00,IPHONE,0.0,0,0.0,0.0,0.0,0.0,0,0,0.0,Nacoes Shopping,NS
2026-05-27 00:00:00,ANDROID,0.0,0,0.0,0.0,0.0,0.0,0,0,0.0,Nacoes Shopping,NS
2026-05-28 00:00:00,UNKNOWN,0.0,0,0.0,0.0,0.0,0.0,0,0,0.0,Nacoes Shopping,NS
2026-05-28 00:00:00,ANDROID,44.19,0,6.07,0.0,2.92,0.0,920,15145,0.05,Nacoes Shopping,NS
2026-05-28 00:00:00,IPHONE,7.63,0,0.2,0.0,1.72,0.0,9,4441,0.85,Nacoes Shopping,NS
2026-05-28 00:00:00,IPAD,0.02,0,0.0,0.0,1.67,0.0,0,12,0.0,Nacoes Shopping,NS
2026-05-29 00:00:00,UNKNOWN,0.01,0,0.0,0.0,0.0,0.0,0,0,0.0,Nacoes Shopping,NS
2026-05-29 00:00:00,ANDROID,69.65,0,6.3,0.0,3.19,0.0,1375,21825,0.05,Nacoes Shopping,NS
2026-05-29 00:00:00,IPHONE,14.08,0,0.1,0.0,2.11,0.0,7,6686,2.01,Nacoes Shopping,NS
2026-05-29 00:00:00,IPAD,0.08,0,0.0,0.0,2.96,0.0,0,27,0.0,Nacoes Shopping,NS
2026-05-30 00:00:00,UNKNOWN,0.0,0,0.0,0.0,0.0,0.0,0,0,0.0,Nacoes Shopping,NS
2026-05-30 00:00:00,ANDROID,68.74,0,6.72,0.0,3.14,0.0,1472,21913,0.05,Nacoes Shopping,NS
2026-05-30 00:00:00,IPHONE,13.45,0,0.16,0.0,1.92,0.0,11,6990,1.22,Nacoes Shopping,NS
2026-05-30 00:00:00,IPAD,0.03,0,0.0,0.0,1.3,0.0,0,23,0.0,Nacoes Shopping,NS
2026-05-31 00:00:00,UNKNOWN,0.01,0,0.0,0.0,0.0,0.0,0,0,0.0,Nacoes Shopping,NS
2026-05-31 00:00:00,ANDROID,70.01,0,7.37,0.0,2.89,0.0,1788,24256,0.04,Nacoes Shopping,NS
2026-05-31 00:00:00,IPHONE,14.27,0,0.19,0.0,1.85,0.0,15,7703,0.95,Nacoes Shopping,NS
2026-05-31 00:00:00,IPAD,0.06,0,0.0,0.0,2.0,0.0,0,30,0.0,Nacoes Shopping,NS
2026-06-01 00:00:00,UNKNOWN,0.01,0,0.0,0.0,0.0,0.0,0,0,0.0,Nacoes Shopping,NS
2026-06-01 00:00:00,ANDROID,64.97,0,7.69,0.0,2.71,0.0,1844,23978,0.04,Nacoes Shopping,NS
2026-06-01 00:00:00,IPHONE,15.58,0,0.18,0.0,1.84,0.0,15,8463,1.04,Nacoes Shopping,NS
2026-06-01 00:00:00,IPAD,0.04,0,0.0,0.0,1.38,0.0,0,29,0.0,Nacoes Shopping,NS
2026-06-02 00:00:00,UNKNOWN,0.0,0,0.0,0.0,0.0,0.0,0,0,0.0,Nacoes Shopping,NS
2026-06-02 00:00:00,ANDROID,62.4,0,8.48,0.0,3.06,0.0,1730,20396,0.04,Nacoes Shopping,NS
2026-06-02 00:00:00,IPHONE,16.11,0,0.15,0.0,2.03,0.0,12,7929,1.34,Nacoes Shopping,NS
2026-06-02 00:00:00,IPAD,0.05,0,0.0,0.0,1.92,0.0,0,26,0.0,Nacoes Shopping,NS
2026-06-03 00:00:00,UNKNOWN,0.0,0,0.0,0.0,0.0,0.0,0,0,0.0,Nacoes Shopping,NS
2026-06-03 00:00:00,ANDROID,63.8,0,8.94,0.0,3.02,0.0,1889,21131,0.03,Nacoes Shopping,NS
2026-06-03 00:00:00,IPHONE,15.66,0,0.2,0.0,2.22,0.0,14,7039,1.12,Nacoes Shopping,NS
2026-06-03 00:00:00,IPAD,0.1,0,0.0,0.0,2.7,0.0,0,37,0.0,Nacoes Shopping,NS
2026-06-04 00:00:00,UNKNOWN,0.0,0,0.0,0.0,0.0,0.0,0,0,0.0,Nacoes Shopping,NS
2026-06-04 00:00:00,ANDROID,62.66,0,9.86,0.0,2.87,0.0,2149,21797,0.03,Nacoes Shopping,NS
2026-06-04 00:00:00,IPHONE,17.14,0,0.12,0.0,2.11,0.0,10,8120,1.71,Nacoes Shopping,NS
2026-06-04 00:00:00,IPAD,0.07,0,0.0,0.0,2.5,0.0,0,28,0.0,Nacoes Shopping,NS
2026-06-05 00:00:00,UNKNOWN,0.0,0,0.0,0.0,0.0,0.0,0,0,0.0,Nacoes Shopping,NS
2026-06-05 00:00:00,ANDROID,59.22,0,7.64,0.0,2.63,0.0,1719,22488,0.03,Nacoes Shopping,NS
2026-06-05 00:00:00,IPHONE,12.1,0,0.11,0.0,1.73,0.0,8,7012,1.51,Nacoes Shopping,NS
2026-06-05 00:00:00,IPAD,0.06,0,0.0,0.0,1.76,0.0,0,34,0.0,Nacoes Shopping,NS
2026-06-06 00:00:00,UNKNOWN,0.0,0,0.0,0.0,0.0,0.0,0,0,0.0,Nacoes Shopping,NS
2026-06-06 00:00:00,ANDROID,57.76,0,7.95,0.0,2.76,0.0,1666,20959,0.03,Nacoes Shopping,NS
2026-06-06 00:00:00,IPHONE,12.83,0,0.14,0.0,1.84,0.0,10,6963,1.28,Nacoes Shopping,NS
2026-06-06 00:00:00,IPAD,0.03,0,0.0,0.0,1.36,0.0,0,22,0.0,Nacoes Shopping,NS
2026-06-07 00:00:00,UNKNOWN,0.0,0,0.0,0.0,0.0,0.0,0,0,0.0,Nacoes Shopping,NS
2026-06-07 00:00:00,ANDROID,58.12,0,8.32,0.0,2.55,0.0,1897,22792,0.03,Nacoes Shopping,NS
2026-06-07 00:00:00,IPHONE,12.44,0,0.09,0.0,1.61,0.0,7,7746,1.78,Nacoes Shopping,NS
2026-06-07 00:00:00,IPAD,0.04,0,0.0,0.0,1.82,0.0,0,22,0.0,Nacoes Shopping,NS
2026-06-08 00:00:00,UNKNOWN,0.0,0,0.0,0.0,0.0,0.0,0,0,0.0,Nacoes Shopping,NS
2026-06-08 00:00:00,ANDROID,55.13,0,7.28,0.0,2.6,0.0,1542,21178,0.04,Nacoes Shopping,NS
2026-06-08 00:00:00,IPHONE,12.52,0,0.11,0.0,1.78,0.0,8,7041,1.57,Nacoes Shopping,NS
2026-06-08 00:00:00,IPAD,0.04,0,0.0,0.0,2.0,0.0,0,20,0.0,Nacoes Shopping,NS
2026-06-09 00:00:00,UNKNOWN,0.0,0,0.0,0.0,0.0,0.0,0,0,0.0,Nacoes Shopping,NS
2026-06-09 00:00:00,ANDROID,52.62,0,6.98,0.0,2.62,0.0,1401,20072,0.04,Nacoes Shopping,NS
2026-06-09 00:00:00,IPHONE,13.57,0,0.25,0.0,2.0,0.0,17,6774,0.8,Nacoes Shopping,NS
2026-06-09 00:00:00,IPAD,0.04,0,0.0,0.0,2.5,0.0,0,16,0.0,Nacoes Shopping,NS
2026-06-10 00:00:00,UNKNOWN,0.0,0,0.0,0.0,0.0,0.0,0,0,0.0,Nacoes Shopping,NS
2026-06-10 00:00:00,ANDROID,52.24,0,6.84,0.0,2.8,0.0,1277,18678,0.04,Nacoes Shopping,NS
2026-06-10 00:00:00,IPHONE,13.1,0,0.1,0.0,2.15,0.0,6,6094,2.18,Nacoes Shopping,NS
2026-06-10 00:00:00,IPAD,0.02,0,0.0,0.0,1.11,0.0,0,18,0.0,Nacoes Shopping,NS
2026-06-11 00:00:00,UNKNOWN,0.03,0,0.0,0.0,0.0,0.0,0,0,0.0,Nacoes Shopping,NS
2026-06-11 00:00:00,ANDROID,50.29,0,6.63,0.0,2.66,0.0,1254,18921,0.04,Nacoes Shopping,NS
2026-06-11 00:00:00,IPHONE,11.59,0,0.15,0.0,1.97,0.0,9,5869,1.29,Nacoes Shopping,NS
2026-06-11 00:00:00,IPAD,0.01,0,0.0,0.0,1.67,0.0,0,6,0.0,Nacoes Shopping,NS
2026-06-12 00:00:00,UNKNOWN,0.03,0,0.0,0.0,0.0,0.0,0,0,0.0,Nacoes Shopping,NS
2026-06-12 00:00:00,ANDROID,46.67,0,6.49,0.0,2.54,0.0,1195,18406,0.04,Nacoes Shopping,NS
2026-06-12 00:00:00,IPHONE,11.11,0,0.11,0.0,2.07,0.0,6,5373,1.85,Nacoes Shopping,NS
2026-06-12 00:00:00,IPAD,0.03,0,0.0,0.0,3.33,0.0,0,9,0.0,Nacoes Shopping,NS
2026-06-13 00:00:00,UNKNOWN,0.0,0,0.0,0.0,0.0,0.0,0,0,0.0,Nacoes Shopping,NS
2026-06-13 00:00:00,ANDROID,38.44,0,5.66,0.0,2.55,0.0,853,15063,0.05,Nacoes Shopping,NS
2026-06-13 00:00:00,IPHONE,10.21,0,0.14,0.0,1.84,0.0,8,5555,1.28,Nacoes Shopping,NS
2026-06-13 00:00:00,IPAD,0.0,0,0.0,0.0,0.0,0.0,0,20,0.0,Nacoes Shopping,NS
2026-06-14 00:00:00,ANDROID,13.6,0,2.64,0.0,1.93,0.0,186,7039,0.07,Nacoes Shopping,NS
2026-06-14 00:00:00,IPHONE,3.82,0,0.0,0.0,1.42,0.0,0,2694,0.0,Nacoes Shopping,NS
2026-06-14 00:00:00,IPAD,0.02,0,0.0,0.0,2.22,0.0,0,9,0.0,Nacoes Shopping,NS
2026-06-15 00:00:00,ANDROID,7.71,0,0.0,0.0,1.48,0.0,0,5197,0.0,Nacoes Shopping,NS
2026-06-15 00:00:00,IPHONE,3.21,0,0.0,0.0,1.48,0.0,0,2162,0.0,Nacoes Shopping,NS
2026-06-15 00:00:00,IPAD,0.0,0,0.0,0.0,0.0,0.0,0,8,0.0,Nacoes Shopping,NS
2026-06-16 00:00:00,ANDROID,7.62,0,0.0,0.0,1.74,0.0,0,4369,0.0,Nacoes Shopping,NS
2026-06-16 00:00:00,IPHONE,3.49,0,0.0,0.0,1.68,0.0,0,2081,0.0,Nacoes Shopping,NS
2026-06-16 00:00:00,IPAD,0.0,0,0.0,0.0,0.0,0.0,0,7,0.0,Nacoes Shopping,NS
2026-06-17 00:00:00,ANDROID,6.98,0,0.0,0.0,1.9,0.0,0,3679,0.0,Nacoes Shopping,NS
2026-06-17 00:00:00,IPHONE,3.42,0,0.0,0.0,1.97,0.0,0,1732,0.0,Nacoes Shopping,NS
2026-06-17 00:00:00,IPAD,0.02,0,0.0,0.0,2.0,0.0,0,10,0.0,Nacoes Shopping,NS
2026-06-18 00:00:00,ANDROID,8.24,0,0.0,0.0,1.91,0.0,0,4314,0.0,Nacoes Shopping,NS
2026-06-18 00:00:00,IPHONE,3.13,0,0.0,0.0,1.89,0.0,0,1657,0.0,Nacoes Shopping,NS
2026-06-18 00:00:00,IPAD,0.01,0,0.0,0.0,2.0,0.0,0,5,0.0,Nacoes Shopping,NS
2026-06-19 00:00:00,UNKNOWN,0.01,0,0.0,0.0,0.0,0.0,0,0,0.0,Nacoes Shopping,NS
2026-06-19 00:00:00,ANDROID,7.99,0,0.0,0.0,2.11,0.0,0,3790,0.0,Nacoes Shopping,NS
2026-06-19 00:00:00,IPHONE,2.63,0,0.0,0.0,2.1,0.0,0,1250,0.0,Nacoes Shopping,NS
2026-06-19 00:00:00,IPAD,0.01,0,0.0,0.0,3.33,0.0,0,3,0.0,Nacoes Shopping,NS
2026-06-20 00:00:00,ANDROID,7.07,0,0.0,0.0,1.78,0.0,0,3981,0.0,Nacoes Shopping,NS
2026-06-20 00:00:00,IPHONE,3.02,0,0.0,0.0,1.82,0.0,0,1655,0.0,Nacoes Shopping,NS
2026-06-20 00:00:00,IPAD,0.0,0,0.0,0.0,0.0,0.0,0,4,0.0,Nacoes Shopping,NS
2026-06-21 00:00:00,ANDROID,6.72,0,0.0,0.0,1.67,0.0,0,4014,0.0,Nacoes Shopping,NS
2026-06-21 00:00:00,IPHONE,2.58,0,0.0,0.0,1.57,0.0,0,1641,0.0,Nacoes Shopping,NS
2026-06-21 00:00:00,IPAD,0.01,0,0.0,0.0,1.25,0.0,0,8,0.0,Nacoes Shopping,NS
2026-06-22 00:00:00,ANDROID,6.03,0,0.0,0.0,1.7,0.0,0,3547,0.0,Nacoes Shopping,NS
2026-06-22 00:00:00,IPHONE,2.81,0,0.0,0.0,1.79,0.0,0,1567,0.0,Nacoes Shopping,NS
2026-06-22 00:00:00,IPAD,0.01,0,0.0,0.0,2.5,0.0,0,4,0.0,Nacoes Shopping,NS
2026-06-23 00:00:00,ANDROID,6.32,0,0.0,0.0,1.9,0.0,0,3330,0.0,Nacoes Shopping,NS
2026-06-23 00:00:00,IPHONE,2.73,0,0.0,0.0,1.87,0.0,0,1462,0.0,Nacoes Shopping,NS
2026-06-23 00:00:00,IPAD,0.01,0,0.0,0.0,1.43,0.0,0,7,0.0,Nacoes Shopping,NS
2026-06-24 00:00:00,ANDROID,6.4,0,0.0,0.0,2.22,0.0,0,2885,0.0,Nacoes Shopping,NS
2026-06-24 00:00:00,IPHONE,2.3,0,0.0,0.0,2.09,0.0,0,1100,0.0,Nacoes Shopping,NS
2026-06-24 00:00:00,IPAD,0.0,0,0.0,0.0,0.0,0.0,0,4,0.0,Nacoes Shopping,NS
2026-06-25 00:00:00,ANDROID,6.25,0,0.0,0.0,2.0,0.0,0,3126,0.0,Nacoes Shopping,NS
2026-06-25 00:00:00,IPHONE,2.38,0,0.0,0.0,2.17,0.0,0,1097,0.0,Nacoes Shopping,NS
2026-06-25 00:00:00,IPAD,0.01,0,0.0,0.0,1.25,0.0,0,8,0.0,Nacoes Shopping,NS
2026-06-26 00:00:00,ANDROID,5.42,0,0.0,0.0,2.11,0.0,0,2568,0.0,Nacoes Shopping,NS
2026-06-26 00:00:00,IPHONE,2.01,0,0.0,0.0,2.11,0.0,0,951,0.0,Nacoes Shopping,NS
2026-06-26 00:00:00,IPAD,0.01,0,0.0,0.0,2.0,0.0,0,5,0.0,Nacoes Shopping,NS
2026-06-27 00:00:00,ANDROID,4.65,0,0.0,0.0,1.92,0.0,0,2422,0.0,Nacoes Shopping,NS
2026-06-27 00:00:00,IPHONE,1.59,0,0.0,0.0,2.1,0.0,0,758,0.0,Nacoes Shopping,NS
2026-06-27 00:00:00,IPAD,0.01,0,0.0,0.0,3.33,0.0,0,3,0.0,Nacoes Shopping,NS
2026-06-28 00:00:00,ANDROID,3.58,0,0.0,0.0,1.61,0.0,0,2224,0.0,Nacoes Shopping,NS
2026-06-28 00:00:00,IPHONE,1.2,0,0.0,0.0,1.62,0.0,0,739,0.0,Nacoes Shopping,NS
2026-06-28 00:00:00,IPAD,0.0,0,0.0,0.0,0.0,0.0,0,4,0.0,Nacoes Shopping,NS
2026-06-29 00:00:00,ANDROID,2.74,0,0.0,0.0,2.05,0.0,0,1336,0.0,Nacoes Shopping,NS
2026-06-29 00:00:00,IPHONE,0.88,0,0.0,0.0,2.01,0.0,0,437,0.0,Nacoes Shopping,NS
2026-06-29 00:00:00,IPAD,0.0,0,0.0,0.0,0.0,0.0,0,3,0.0,Nacoes Shopping,NS
2026-06-30 00:00:00,ANDROID,0.18,0,0.0,0.0,2.5,0.0,0,72,0.0,Nacoes Shopping,NS
2026-06-30 00:00:00,IPHONE,0.04,0,0.0,0.0,2.67,0.0,0,15,0.0,Nacoes Shopping,NS
2026-07-01 00:00:00,ANDROID,56.19,0,0.0,0.0,1.99,0.0,0,28214,0.0,Nacoes Shopping,NS
2026-07-01 00:00:00,IPHONE,23.2,0,0.0,0.0,1.52,0.0,0,15264,0.0,Nacoes Shopping,NS
2026-07-01 00:00:00,IPAD,0.07,0,0.0,0.0,1.27,0.0,0,55,0.0,Nacoes Shopping,NS
2026-07-02 00:00:00,ANDROID,116.16,0,0.0,0.0,3.0,0.0,0,38738,0.0,Nacoes Shopping,NS
2026-07-02 00:00:00,IPHONE,57.59,0,0.0,0.0,2.43,0.0,0,23681,0.0,Nacoes Shopping,NS
2026-07-02 00:00:00,IPAD,0.33,0,0.0,0.0,3.55,0.0,0,93,0.0,Nacoes Shopping,NS
2026-07-03 00:00:00,UNKNOWN,0.02,0,0.0,0.0,0.0,0.0,0,0,0.0,Nacoes Shopping,NS
2026-07-03 00:00:00,ANDROID,107.57,0,0.0,0.0,3.13,0.0,0,34401,0.0,Nacoes Shopping,NS
2026-07-03 00:00:00,IPHONE,57.08,0,0.0,0.0,2.87,0.0,0,19863,0.0,Nacoes Shopping,NS
2026-07-03 00:00:00,IPAD,0.22,0,0.0,0.0,2.72,0.0,0,81,0.0,Nacoes Shopping,NS
2026-07-04 00:00:00,UNKNOWN,0.03,0,0.0,0.0,0.0,0.0,0,0,0.0,Nacoes Shopping,NS
2026-07-04 00:00:00,ANDROID,106.83,0,0.0,0.0,3.46,0.0,0,30867,0.0,Nacoes Shopping,NS
2026-07-04 00:00:00,IPHONE,56.48,0,0.0,0.0,3.2,0.0,0,17656,0.0,Nacoes Shopping,NS
2026-07-04 00:00:00,IPAD,0.19,0,0.0,0.0,2.47,0.0,0,77,0.0,Nacoes Shopping,NS
2026-07-05 00:00:00,UNKNOWN,0.02,0,0.0,0.0,0.0,0.0,0,0,0.0,Nacoes Shopping,NS
2026-07-05 00:00:00,ANDROID,58.52,0,0.0,0.0,4.58,0.0,0,12787,0.0,Nacoes Shopping,NS
2026-07-05 00:00:00,IPHONE,23.59,0,0.0,0.0,3.49,0.0,0,6758,0.0,Nacoes Shopping,NS
2026-07-05 00:00:00,IPAD,0.05,0,0.0,0.0,2.17,0.0,0,23,0.0,Nacoes Shopping,NS
2026-07-06 00:00:00,UNKNOWN,0.01,0,0.0,0.0,0.0,0.0,0,0,0.0,Nacoes Shopping,NS
2026-07-06 00:00:00,ANDROID,27.86,0,0.0,0.0,10.16,0.0,0,2743,0.0,Nacoes Shopping,NS
2026-07-06 00:00:00,IPHONE,4.51,0,0.0,0.0,6.26,0.0,0,721,0.0,Nacoes Shopping,NS
2026-07-06 00:00:00,IPAD,0.0,0,0.0,0.0,0.0,0.0,0,3,0.0,Nacoes Shopping,NS
2026-07-07 00:00:00,ANDROID,14.25,0,0.0,0.0,13.68,0.0,0,1042,0.0,Nacoes Shopping,NS
2026-07-07 00:00:00,IPHONE,2.05,0,0.0,0.0,6.53,0.0,0,314,0.0,Nacoes Shopping,NS
2026-07-07 00:00:00,IPAD,0.01,0,0.0,0.0,2.0,0.0,0,5,0.0,Nacoes Shopping,NS
2026-07-08 00:00:00,ANDROID,0.0,0,0.0,0.0,0.0,0.0,0,0,0.0,Nacoes Shopping,NS
2026-07-08 00:00:00,IPHONE,0.0,0,0.0,0.0,0.0,0.0,0,0,0.0,Nacoes Shopping,NS
2026-07-09 00:00:00,ANDROID,0.0,0,0.0,0.0,0.0,0.0,0,0,0.0,Nacoes Shopping,NS
2026-07-10 00:00:00,ANDROID,0.0,0,0.0,0.0,0.0,0.0,0,0,0.0,Nacoes Shopping,NS
2026-07-11 00:00:00,ANDROID,0.0,0,0.0,0.0,0.0,0.0,0,0,0.0,Nacoes Shopping,NS
2026-07-12 00:00:00,IPHONE,0.0,0,0.0,0.0,0.0,0.0,0,0,0.0,Nacoes Shopping,NS
2026-07-13 00:00:00,IPHONE,0.0,0,0.0,0.0,0.0,0.0,0,0,0.0,Nacoes Shopping,NS
2026-07-19 00:00:00,IPHONE,0.0,0,0.0,0.0,0.0,0.0,0,0,0.0,Nacoes Shopping,NS
2026-07-25 00:00:00,ANDROID,0.0,0,0.0,0.0,0.0,0.0,0,0,0.0,Nacoes Shopping,NS
2026-08-04 00:00:00,ANDROID,0.16,0,0.0,0.0,0.97,0.0,0,165,0.0,Nacoes Shopping,NS
2026-08-04 00:00:00,IPHONE,0.08,0,0.0,0.0,0.82,0.0,0,97,0.0,Nacoes Shopping,NS
2026-08-04 00:00:00,IPAD,0.0,0,0.0,0.0,0.0,0.0,0,2,0.0,Nacoes Shopping,NS
2026-08-05 00:00:00,ANDROID,33.25,0,0.16,0.0,1.88,0.0,28,17718,1.19,Nacoes Shopping,NS
2026-08-05 00:00:00,IPHONE,36.84,0,0.2,0.0,3.89,0.0,19,9469,1.94,Nacoes Shopping,NS
2026-08-05 00:00:00,IPAD,0.02,0,2.44,0.0,0.49,0.0,1,41,0.02,Nacoes Shopping,NS
2026-08-06 00:00:00,UNKNOWN,0.01,0,0.0,0.0,0.0,0.0,0,0,0.0,Nacoes Shopping,NS
2026-08-06 00:00:00,ANDROID,31.19,0,0.11,0.0,1.89,0.0,19,16539,1.64,Nacoes Shopping,NS
2026-08-06 00:00:00,IPHONE,15.01,0,0.23,0.0,1.83,0.0,19,8213,0.79,Nacoes Shopping,NS
2026-08-06 00:00:00,IPAD,0.05,0,0.0,0.0,1.67,0.0,0,30,0.0,Nacoes Shopping,NS
2026-08-07 00:00:00,ANDROID,28.87,0,0.16,0.0,1.87,0.0,25,15441,1.15,Nacoes Shopping,NS
2026-08-07 00:00:00,IPHONE,22.8,0,0.2,0.0,2.86,0.0,16,7984,1.43,Nacoes Shopping,NS
2026-08-07 00:00:00,IPAD,0.02,0,0.0,0.0,0.95,0.0,0,21,0.0,Nacoes Shopping,NS
2026-08-08 00:00:00,ANDROID,40.18,0,0.22,0.0,2.67,0.0,33,15035,1.22,Nacoes Shopping,NS
2026-08-08 00:00:00,IPHONE,24.64,0,0.31,0.0,3.2,0.0,24,7697,1.03,Nacoes Shopping,NS
2026-08-08 00:00:00,IPAD,0.05,0,0.0,0.0,1.35,0.0,0,37,0.0,Nacoes Shopping,NS
2026-08-09 00:00:00,UNKNOWN,0.01,0,0.0,0.0,0.0,0.0,0,0,0.0,Nacoes Shopping,NS
2026-08-09 00:00:00,ANDROID,38.89,0,0.27,0.0,2.6,0.0,41,14974,0.95,Nacoes Shopping,NS
2026-08-09 00:00:00,IPHONE,24.05,0,0.27,0.0,2.91,0.0,22,8267,1.09,Nacoes Shopping,NS
2026-08-09 00:00:00,IPAD,0.09,0,0.0,0.0,2.5,0.0,0,36,0.0,Nacoes Shopping,NS
2026-08-10 00:00:00,ANDROID,27.22,0,0.27,0.0,2.0,0.0,37,13605,0.74,Nacoes Shopping,NS
2026-08-10 00:00:00,IPHONE,37.65,0,0.24,0.0,4.67,0.0,19,8069,1.98,Nacoes Shopping,NS
2026-08-10 00:00:00,IPAD,0.11,0,0.0,0.0,3.24,0.0,0,34,0.0,Nacoes Shopping,NS
2026-08-11 00:00:00,UNKNOWN,0.0,0,0.0,0.0,0.0,0.0,0,1,0.0,Nacoes Shopping,NS
2026-08-11 00:00:00,ANDROID,27.62,0,0.27,0.0,2.05,0.0,37,13457,0.75,Nacoes Shopping,NS
2026-08-11 00:00:00,IPHONE,19.87,0,0.2,0.0,2.63,0.0,15,7547,1.32,Nacoes Shopping,NS
2026-08-11 00:00:00,IPAD,0.06,0,0.0,0.0,1.71,0.0,0,35,0.0,Nacoes Shopping,NS
2026-08-12 00:00:00,UNKNOWN,0.02,0,0.0,0.0,0.0,0.0,0,0,0.0,Nacoes Shopping,NS
2026-08-12 00:00:00,ANDROID,36.12,0,0.35,0.0,2.69,0.0,47,13413,0.77,Nacoes Shopping,NS
2026-08-12 00:00:00,IPHONE,15.03,0,0.24,0.0,2.13,0.0,17,7055,0.88,Nacoes Shopping,NS
2026-08-12 00:00:00,IPAD,0.14,0,0.0,0.0,3.59,0.0,0,39,0.0,Nacoes Shopping,NS
2026-08-13 00:00:00,UNKNOWN,0.01,0,0.0,0.0,0.0,0.0,0,0,0.0,Nacoes Shopping,NS
2026-08-13 00:00:00,ANDROID,39.13,0,0.23,0.0,2.95,0.0,31,13263,1.26,Nacoes Shopping,NS
2026-08-13 00:00:00,IPHONE,26.98,0,0.17,0.0,3.88,0.0,12,6951,2.25,Nacoes Shopping,NS
2026-08-13 00:00:00,IPAD,0.06,0,2.63,0.0,1.58,0.0,1,38,0.06,Nacoes Shopping,NS
2026-08-14 00:00:00,UNKNOWN,0.01,0,0.0,0.0,0.0,0.0,0,0,0.0,Nacoes Shopping,NS
2026-08-14 00:00:00,ANDROID,36.01,0,0.27,0.0,2.83,0.0,34,12739,1.06,Nacoes Shopping,NS
2026-08-14 00:00:00,IPHONE,14.06,0,0.28,0.0,2.17,0.0,18,6481,0.78,Nacoes Shopping,NS
2026-08-14 00:00:00,IPAD,0.03,0,0.0,0.0,0.94,0.0,0,32,0.0,Nacoes Shopping,NS
2026-08-15 00:00:00,ANDROID,35.05,0,0.21,0.0,2.5,0.0,29,14016,1.21,Nacoes Shopping,NS
2026-08-15 00:00:00,IPHONE,50.82,0,0.25,0.0,6.68,0.0,19,7606,2.67,Nacoes Shopping,NS
2026-08-15 00:00:00,IPAD,0.08,0,0.0,0.0,2.05,0.0,0,39,0.0,Nacoes Shopping,NS
2026-08-16 00:00:00,UNKNOWN,0.01,0,0.0,0.0,0.0,0.0,0,0,0.0,Nacoes Shopping,NS
2026-08-16 00:00:00,ANDROID,13.26,0,0.19,0.0,1.91,0.0,13,6928,1.02,Nacoes Shopping,NS
2026-08-16 00:00:00,IPHONE,31.98,0,0.3,0.0,8.05,0.0,12,3975,2.67,Nacoes Shopping,NS
2026-08-16 00:00:00,IPAD,0.01,0,0.0,0.0,0.59,0.0,0,17,0.0,Nacoes Shopping,NS
2026-08-17 00:00:00,ANDROID,33.25,0,1.16,0.0,128.88,0.0,3,258,11.08,Nacoes Shopping,NS
2026-08-17 00:00:00,IPHONE,32.86,0,0.68,0.0,111.01,0.0,2,296,16.43,Nacoes Shopping,NS
2026-08-17 00:00:00,IPAD,0.0,0,0.0,0.0,0.0,0.0,0,0,0.0,Nacoes Shopping,NS
2026-08-18 00:00:00,ANDROID,3.24,0,0.95,0.0,30.86,0.0,1,105,3.24,Nacoes Shopping,NS
2026-08-18 00:00:00,IPHONE,15.54,0,2.76,0.0,107.17,0.0,4,145,3.89,Nacoes Shopping,NS
2026-08-18 00:00:00,IPAD,5.17,0,100.0,0.0,5170.0,0.0,1,1,5.17,Nacoes Shopping,NS
2026-08-19 00:00:00,ANDROID,0.0,0,0.0,0.0,0.0,0.0,0,0,0.0,Nacoes Shopping,NS
2026-08-19 00:00:00,IPHONE,0.0,0,0.0,0.0,0.0,0.0,0,0,0.0,Nacoes Shopping,NS
2026-08-20 00:00:00,ANDROID,0.0,0,0.0,0.0,0.0,0.0,0,0,0.0,Nacoes Shopping,NS
2026-08-21 00:00:00,ANDROID,0.0,0,0.0,0.0,0.0,0.0,0,0,0.0,Nacoes Shopping,NS
2026-08-22 00:00:00,IPHONE,0.0,0,0.0,0.0,0.0,0.0,0,0,0.0,Nacoes Shopping,NS
2026-08-23 00:00:00,IPHONE,0.0,0,0.0,0.0,0.0,0.0,0,0,0.0,Nacoes Shopping,NS
2026-08-24 00:00:00,ANDROID,0.0,0,0.0,0.0,0.0,0.0,0,0,0.0,Nacoes Shopping,NS
2026-08-26 00:00:00,ANDROID,0.0,0,0.0,0.0,0.0,0.0,0,0,0.0,Nacoes Shopping,NS
2026-08-27 00:00:00,ANDROID,0.0,0,0.0,0.0,0.0,0.0,0,0,0.0,Nacoes Shopping,NS
2026-08-28 00:00:00,ANDROID,0.0,0,0.0,0.0,0.0,0.0,0,0,0.0,Nacoes Shopping,NS
2026-08-29 00:00:00,ANDROID,0.0,0,0.0,0.0,0.0,0.0,0,0,0.0,Nacoes Shopping,NS
